Tanggal,Keterangan,Nilai
2017-01-03,BI Rate,4.75
2017-01-04,BI Rate,4.75
2017-01-05,BI Rate,4.75
2017-01-06,BI Rate,4.75
2017-01-09,BI Rate,4.75
2017-01-10,BI Rate,4.75
2017-01-11,BI Rate,4.75
2017-01-12,BI Rate,4.75
2017-01-13,BI Rate,4.75
2017-01-16,BI Rate,4.75
2017-01-17,BI Rate,4.75
2017-01-18,BI Rate,4.75
2017-01-19,BI Rate,4.75
2017-01-20,BI Rate,4.75
2017-01-23,BI Rate,4.75
2017-01-24,BI Rate,4.75
2017-01-25,BI Rate,4.75
2017-01-26,BI Rate,4.75
2017-01-27,BI Rate,4.75
2017-01-30,BI Rate,4.75
2017-01-31,BI Rate,4.75
2017-02-01,BI Rate,4.75
2017-02-02,BI Rate,4.75
2017-02-03,BI Rate,4.75
2017-02-06,BI Rate,4.75
2017-02-07,BI Rate,4.75
2017-02-08,BI Rate,4.75
2017-02-09,BI Rate,4.75
2017-02-10,BI Rate,4.75
2017-02-13,BI Rate,4.75
2017-02-14,BI Rate,4.75
2017-02-15,BI Rate,4.75
2017-02-16,BI Rate,4.75
2017-02-17,BI Rate,4.75
2017-02-20,BI Rate,4.75
2017-02-21,BI Rate,4.75
2017-02-22,BI Rate,4.75
2017-02-23,BI Rate,4.75
2017-02-24,BI Rate,4.75
2017-02-27,BI Rate,4.75
2017-02-28,BI Rate,4.75
2017-03-01,BI Rate,4.75
2017-03-02,BI Rate,4.75
2017-03-03,BI Rate,4.75
2017-03-06,BI Rate,4.75
2017-03-07,BI Rate,4.75
2017-03-08,BI Rate,4.75
2017-03-09,BI Rate,4.75
2017-03-10,BI Rate,4.75
2017-03-13,BI Rate,4.75
2017-03-14,BI Rate,4.75
2017-03-15,BI Rate,4.75
2017-03-16,BI Rate,4.75
2017-03-17,BI Rate,4.75
2017-03-20,BI Rate,4.75
2017-03-21,BI Rate,4.75
2017-03-22,BI Rate,4.75
2017-03-23,BI Rate,4.75
2017-03-24,BI Rate,4.75
2017-03-27,BI Rate,4.75
2017-03-28,BI Rate,4.75
2017-03-29,BI Rate,4.75
2017-03-30,BI Rate,4.75
2017-03-31,BI Rate,4.75
2017-04-03,BI Rate,4.75
2017-04-04,BI Rate,4.75
2017-04-05,BI Rate,4.75
2017-04-06,BI Rate,4.75
2017-04-07,BI Rate,4.75
2017-04-10,BI Rate,4.75
2017-04-11,BI Rate,4.75
2017-04-12,BI Rate,4.75
2017-04-13,BI Rate,4.75
2017-04-14,BI Rate,4.75
2017-04-17,BI Rate,4.75
2017-04-18,BI Rate,4.75
2017-04-19,BI Rate,4.75
2017-04-20,BI Rate,4.75
2017-04-21,BI Rate,4.75
2017-04-24,BI Rate,4.75
2017-04-25,BI Rate,4.75
2017-04-26,BI Rate,4.75
2017-04-27,BI Rate,4.75
2017-04-28,BI Rate,4.75
2017-05-01,BI Rate,4.75
2017-05-02,BI Rate,4.75
2017-05-03,BI Rate,4.75
2017-05-04,BI Rate,4.75
2017-05-05,BI Rate,4.75
2017-05-08,BI Rate,4.75
2017-05-09,BI Rate,4.75
2017-05-10,BI Rate,4.75
2017-05-11,BI Rate,4.75
2017-05-12,BI Rate,4.75
2017-05-15,BI Rate,4.75
2017-05-16,BI Rate,4.75
2017-05-17,BI Rate,4.75
2017-05-18,BI Rate,4.75
2017-05-19,BI Rate,4.75
2017-05-22,BI Rate,4.75
2017-05-23,BI Rate,4.75
2017-05-24,BI Rate,4.75
2017-05-25,BI Rate,4.75
2017-05-26,BI Rate,4.75
2017-05-29,BI Rate,4.75
2017-05-30,BI Rate,4.75
2017-05-31,BI Rate,4.75
2017-06-01,BI Rate,4.75
2017-06-02,BI Rate,4.75
2017-06-05,BI Rate,4.75
2017-06-06,BI Rate,4.75
2017-06-07,BI Rate,4.75
2017-06-08,BI Rate,4.75
2017-06-09,BI Rate,4.75
2017-06-12,BI Rate,4.75
2017-06-13,BI Rate,4.75
2017-06-14,BI Rate,4.75
2017-06-15,BI Rate,4.75
2017-06-16,BI Rate,4.75
2017-06-19,BI Rate,4.75
2017-06-20,BI Rate,4.75
2017-06-21,BI Rate,4.75
2017-06-22,BI Rate,4.75
2017-06-23,BI Rate,4.75
2017-06-26,BI Rate,4.75
2017-06-27,BI Rate,4.75
2017-06-28,BI Rate,4.75
2017-06-29,BI Rate,4.75
2017-06-30,BI Rate,4.75
2017-07-03,BI Rate,4.75
2017-07-04,BI Rate,4.75
2017-07-05,BI Rate,4.75
2017-07-06,BI Rate,4.75
2017-07-07,BI Rate,4.75
2017-07-10,BI Rate,4.75
2017-07-11,BI Rate,4.75
2017-07-12,BI Rate,4.75
2017-07-13,BI Rate,4.75
2017-07-14,BI Rate,4.75
2017-07-17,BI Rate,4.75
2017-07-18,BI Rate,4.75
2017-07-19,BI Rate,4.75
2017-07-20,BI Rate,4.75
2017-07-21,BI Rate,4.75
2017-07-24,BI Rate,4.75
2017-07-25,BI Rate,4.75
2017-07-26,BI Rate,4.75
2017-07-27,BI Rate,4.75
2017-07-28,BI Rate,4.75
2017-07-31,BI Rate,4.75
2017-08-01,BI Rate,4.75
2017-08-02,BI Rate,4.75
2017-08-03,BI Rate,4.75
2017-08-04,BI Rate,4.75
2017-08-07,BI Rate,4.75
2017-08-08,BI Rate,4.75
2017-08-09,BI Rate,4.75
2017-08-10,BI Rate,4.75
2017-08-11,BI Rate,4.75
2017-08-14,BI Rate,4.75
2017-08-15,BI Rate,4.75
2017-08-16,BI Rate,4.75
2017-08-17,BI Rate,4.75
2017-08-18,BI Rate,4.75
2017-08-21,BI Rate,4.75
2017-08-22,BI Rate,4.5
2017-08-23,BI Rate,4.5
2017-08-24,BI Rate,4.5
2017-08-25,BI Rate,4.5
2017-08-28,BI Rate,4.5
2017-08-29,BI Rate,4.5
2017-08-30,BI Rate,4.5
2017-08-31,BI Rate,4.5
2017-09-01,BI Rate,4.5
2017-09-04,BI Rate,4.5
2017-09-05,BI Rate,4.5
2017-09-06,BI Rate,4.5
2017-09-07,BI Rate,4.5
2017-09-08,BI Rate,4.5
2017-09-11,BI Rate,4.5
2017-09-12,BI Rate,4.5
2017-09-13,BI Rate,4.5
2017-09-14,BI Rate,4.5
2017-09-15,BI Rate,4.5
2017-09-18,BI Rate,4.5
2017-09-19,BI Rate,4.5
2017-09-20,BI Rate,4.5
2017-09-21,BI Rate,4.5
2017-09-22,BI Rate,4.25
2017-09-25,BI Rate,4.25
2017-09-26,BI Rate,4.25
2017-09-27,BI Rate,4.25
2017-09-28,BI Rate,4.25
2017-09-29,BI Rate,4.25
2017-10-02,BI Rate,4.25
2017-10-03,BI Rate,4.25
2017-10-04,BI Rate,4.25
2017-10-05,BI Rate,4.25
2017-10-06,BI Rate,4.25
2017-10-09,BI Rate,4.25
2017-10-10,BI Rate,4.25
2017-10-11,BI Rate,4.25
2017-10-12,BI Rate,4.25
2017-10-13,BI Rate,4.25
2017-10-16,BI Rate,4.25
2017-10-17,BI Rate,4.25
2017-10-18,BI Rate,4.25
2017-10-19,BI Rate,4.25
2017-10-20,BI Rate,4.25
2017-10-23,BI Rate,4.25
2017-10-24,BI Rate,4.25
2017-10-25,BI Rate,4.25
2017-10-26,BI Rate,4.25
2017-10-27,BI Rate,4.25
2017-10-30,BI Rate,4.25
2017-10-31,BI Rate,4.25
2017-11-01,BI Rate,4.25
2017-11-02,BI Rate,4.25
2017-11-03,BI Rate,4.25
2017-11-06,BI Rate,4.25
2017-11-07,BI Rate,4.25
2017-11-08,BI Rate,4.25
2017-11-09,BI Rate,4.25
2017-11-10,BI Rate,4.25
2017-11-13,BI Rate,4.25
2017-11-14,BI Rate,4.25
2017-11-15,BI Rate,4.25
2017-11-16,BI Rate,4.25
2017-11-17,BI Rate,4.25
2017-11-20,BI Rate,4.25
2017-11-21,BI Rate,4.25
2017-11-22,BI Rate,4.25
2017-11-23,BI Rate,4.25
2017-11-24,BI Rate,4.25
2017-11-27,BI Rate,4.25
2017-11-28,BI Rate,4.25
2017-11-29,BI Rate,4.25
2017-11-30,BI Rate,4.25
2017-12-01,BI Rate,4.25
2017-12-04,BI Rate,4.25
2017-12-05,BI Rate,4.25
2017-12-06,BI Rate,4.25
2017-12-07,BI Rate,4.25
2017-12-08,BI Rate,4.25
2017-12-11,BI Rate,4.25
2017-12-12,BI Rate,4.25
2017-12-13,BI Rate,4.25
2017-12-14,BI Rate,4.25
2017-12-15,BI Rate,4.25
2017-12-18,BI Rate,4.25
2017-12-19,BI Rate,4.25
2017-12-20,BI Rate,4.25
2017-12-21,BI Rate,4.25
2017-12-22,BI Rate,4.25
2017-12-25,BI Rate,4.25
2017-12-26,BI Rate,4.25
2017-12-27,BI Rate,4.25
2017-12-28,BI Rate,4.25
2017-12-29,BI Rate,4.25
2018-01-01,BI Rate,4.25
2018-01-02,BI Rate,4.25
2018-01-03,BI Rate,4.25
2018-01-04,BI Rate,4.25
2018-01-05,BI Rate,4.25
2018-01-08,BI Rate,4.25
2018-01-09,BI Rate,4.25
2018-01-10,BI Rate,4.25
2018-01-11,BI Rate,4.25
2018-01-12,BI Rate,4.25
2018-01-15,BI Rate,4.25
2018-01-16,BI Rate,4.25
2018-01-17,BI Rate,4.25
2018-01-18,BI Rate,4.25
2018-01-19,BI Rate,4.25
2018-01-22,BI Rate,4.25
2018-01-23,BI Rate,4.25
2018-01-24,BI Rate,4.25
2018-01-25,BI Rate,4.25
2018-01-26,BI Rate,4.25
2018-01-29,BI Rate,4.25
2018-01-30,BI Rate,4.25
2018-01-31,BI Rate,4.25
2018-02-01,BI Rate,4.25
2018-02-02,BI Rate,4.25
2018-02-05,BI Rate,4.25
2018-02-06,BI Rate,4.25
2018-02-07,BI Rate,4.25
2018-02-08,BI Rate,4.25
2018-02-09,BI Rate,4.25
2018-02-12,BI Rate,4.25
2018-02-13,BI Rate,4.25
2018-02-14,BI Rate,4.25
2018-02-15,BI Rate,4.25
2018-02-16,BI Rate,4.25
2018-02-19,BI Rate,4.25
2018-02-20,BI Rate,4.25
2018-02-21,BI Rate,4.25
2018-02-22,BI Rate,4.25
2018-02-23,BI Rate,4.25
2018-02-26,BI Rate,4.25
2018-02-27,BI Rate,4.25
2018-02-28,BI Rate,4.25
2018-03-01,BI Rate,4.25
2018-03-02,BI Rate,4.25
2018-03-05,BI Rate,4.25
2018-03-06,BI Rate,4.25
2018-03-07,BI Rate,4.25
2018-03-08,BI Rate,4.25
2018-03-09,BI Rate,4.25
2018-03-12,BI Rate,4.25
2018-03-13,BI Rate,4.25
2018-03-14,BI Rate,4.25
2018-03-15,BI Rate,4.25
2018-03-16,BI Rate,4.25
2018-03-19,BI Rate,4.25
2018-03-20,BI Rate,4.25
2018-03-21,BI Rate,4.25
2018-03-22,BI Rate,4.25
2018-03-23,BI Rate,4.25
2018-03-26,BI Rate,4.25
2018-03-27,BI Rate,4.25
2018-03-28,BI Rate,4.25
2018-03-29,BI Rate,4.25
2018-03-30,BI Rate,4.25
2018-04-02,BI Rate,4.25
2018-04-03,BI Rate,4.25
2018-04-04,BI Rate,4.25
2018-04-05,BI Rate,4.25
2018-04-06,BI Rate,4.25
2018-04-09,BI Rate,4.25
2018-04-10,BI Rate,4.25
2018-04-11,BI Rate,4.25
2018-04-12,BI Rate,4.25
2018-04-13,BI Rate,4.25
2018-04-16,BI Rate,4.25
2018-04-17,BI Rate,4.25
2018-04-18,BI Rate,4.25
2018-04-19,BI Rate,4.25
2018-04-20,BI Rate,4.25
2018-04-23,BI Rate,4.25
2018-04-24,BI Rate,4.25
2018-04-25,BI Rate,4.25
2018-04-26,BI Rate,4.25
2018-04-27,BI Rate,4.25
2018-04-30,BI Rate,4.25
2018-05-01,BI Rate,4.25
2018-05-02,BI Rate,4.25
2018-05-03,BI Rate,4.25
2018-05-04,BI Rate,4.25
2018-05-07,BI Rate,4.25
2018-05-08,BI Rate,4.25
2018-05-09,BI Rate,4.25
2018-05-10,BI Rate,4.25
2018-05-11,BI Rate,4.25
2018-05-14,BI Rate,4.25
2018-05-15,BI Rate,4.25
2018-05-16,BI Rate,4.25
2018-05-17,BI Rate,4.5
2018-05-18,BI Rate,4.5
2018-05-21,BI Rate,4.5
2018-05-22,BI Rate,4.5
2018-05-23,BI Rate,4.5
2018-05-24,BI Rate,4.5
2018-05-25,BI Rate,4.5
2018-05-28,BI Rate,4.5
2018-05-29,BI Rate,4.5
2018-05-30,BI Rate,4.75
2018-05-31,BI Rate,4.75
2018-06-01,BI Rate,4.75
2018-06-04,BI Rate,4.75
2018-06-05,BI Rate,4.75
2018-06-06,BI Rate,4.75
2018-06-07,BI Rate,4.75
2018-06-08,BI Rate,4.75
2018-06-11,BI Rate,4.75
2018-06-12,BI Rate,4.75
2018-06-13,BI Rate,4.75
2018-06-14,BI Rate,4.75
2018-06-15,BI Rate,4.75
2018-06-18,BI Rate,4.75
2018-06-19,BI Rate,4.75
2018-06-20,BI Rate,4.75
2018-06-21,BI Rate,4.75
2018-06-22,BI Rate,4.75
2018-06-25,BI Rate,4.75
2018-06-26,BI Rate,4.75
2018-06-27,BI Rate,4.75
2018-06-28,BI Rate,4.75
2018-06-29,BI Rate,5.25
2018-07-02,BI Rate,5.25
2018-07-03,BI Rate,5.25
2018-07-04,BI Rate,5.25
2018-07-05,BI Rate,5.25
2018-07-06,BI Rate,5.25
2018-07-09,BI Rate,5.25
2018-07-10,BI Rate,5.25
2018-07-11,BI Rate,5.25
2018-07-12,BI Rate,5.25
2018-07-13,BI Rate,5.25
2018-07-16,BI Rate,5.25
2018-07-17,BI Rate,5.25
2018-07-18,BI Rate,5.25
2018-07-19,BI Rate,5.25
2018-07-20,BI Rate,5.25
2018-07-23,BI Rate,5.25
2018-07-24,BI Rate,5.25
2018-07-25,BI Rate,5.25
2018-07-26,BI Rate,5.25
2018-07-27,BI Rate,5.25
2018-07-30,BI Rate,5.25
2018-07-31,BI Rate,5.25
2018-08-01,BI Rate,5.25
2018-08-02,BI Rate,5.25
2018-08-03,BI Rate,5.25
2018-08-06,BI Rate,5.25
2018-08-07,BI Rate,5.25
2018-08-08,BI Rate,5.25
2018-08-09,BI Rate,5.25
2018-08-10,BI Rate,5.25
2018-08-13,BI Rate,5.25
2018-08-14,BI Rate,5.25
2018-08-15,BI Rate,5.5
2018-08-16,BI Rate,5.5
2018-08-17,BI Rate,5.5
2018-08-20,BI Rate,5.5
2018-08-21,BI Rate,5.5
2018-08-22,BI Rate,5.5
2018-08-23,BI Rate,5.5
2018-08-24,BI Rate,5.5
2018-08-27,BI Rate,5.5
2018-08-28,BI Rate,5.5
2018-08-29,BI Rate,5.5
2018-08-30,BI Rate,5.5
2018-08-31,BI Rate,5.5
2018-09-03,BI Rate,5.5
2018-09-04,BI Rate,5.5
2018-09-05,BI Rate,5.5
2018-09-06,BI Rate,5.5
2018-09-07,BI Rate,5.5
2018-09-10,BI Rate,5.5
2018-09-11,BI Rate,5.5
2018-09-12,BI Rate,5.5
2018-09-13,BI Rate,5.5
2018-09-14,BI Rate,5.5
2018-09-17,BI Rate,5.5
2018-09-18,BI Rate,5.5
2018-09-19,BI Rate,5.5
2018-09-20,BI Rate,5.5
2018-09-21,BI Rate,5.5
2018-09-24,BI Rate,5.5
2018-09-25,BI Rate,5.5
2018-09-26,BI Rate,5.5
2018-09-27,BI Rate,5.75
2018-09-28,BI Rate,5.75
2018-10-01,BI Rate,5.75
2018-10-02,BI Rate,5.75
2018-10-03,BI Rate,5.75
2018-10-04,BI Rate,5.75
2018-10-05,BI Rate,5.75
2018-10-08,BI Rate,5.75
2018-10-09,BI Rate,5.75
2018-10-10,BI Rate,5.75
2018-10-11,BI Rate,5.75
2018-10-12,BI Rate,5.75
2018-10-15,BI Rate,5.75
2018-10-16,BI Rate,5.75
2018-10-17,BI Rate,5.75
2018-10-18,BI Rate,5.75
2018-10-19,BI Rate,5.75
2018-10-22,BI Rate,5.75
2018-10-23,BI Rate,5.75
2018-10-24,BI Rate,5.75
2018-10-25,BI Rate,5.75
2018-10-26,BI Rate,5.75
2018-10-29,BI Rate,5.75
2018-10-30,BI Rate,5.75
2018-10-31,BI Rate,5.75
2018-11-01,BI Rate,5.75
2018-11-02,BI Rate,5.75
2018-11-05,BI Rate,5.75
2018-11-06,BI Rate,5.75
2018-11-07,BI Rate,5.75
2018-11-08,BI Rate,5.75
2018-11-09,BI Rate,5.75
2018-11-12,BI Rate,5.75
2018-11-13,BI Rate,5.75
2018-11-14,BI Rate,5.75
2018-11-15,BI Rate,6.0
2018-11-16,BI Rate,6.0
2018-11-19,BI Rate,6.0
2018-11-20,BI Rate,6.0
2018-11-21,BI Rate,6.0
2018-11-22,BI Rate,6.0
2018-11-23,BI Rate,6.0
2018-11-26,BI Rate,6.0
2018-11-27,BI Rate,6.0
2018-11-28,BI Rate,6.0
2018-11-29,BI Rate,6.0
2018-11-30,BI Rate,6.0
2018-12-03,BI Rate,6.0
2018-12-04,BI Rate,6.0
2018-12-05,BI Rate,6.0
2018-12-06,BI Rate,6.0
2018-12-07,BI Rate,6.0
2018-12-10,BI Rate,6.0
2018-12-11,BI Rate,6.0
2018-12-12,BI Rate,6.0
2018-12-13,BI Rate,6.0
2018-12-14,BI Rate,6.0
2018-12-17,BI Rate,6.0
2018-12-18,BI Rate,6.0
2018-12-19,BI Rate,6.0
2018-12-20,BI Rate,6.0
2018-12-21,BI Rate,6.0
2018-12-24,BI Rate,6.0
2018-12-25,BI Rate,6.0
2018-12-26,BI Rate,6.0
2018-12-27,BI Rate,6.0
2018-12-28,BI Rate,6.0
2018-12-31,BI Rate,6.0
2019-01-01,BI Rate,6.0
2019-01-02,BI Rate,6.0
2019-01-03,BI Rate,6.0
2019-01-04,BI Rate,6.0
2019-01-07,BI Rate,6.0
2019-01-08,BI Rate,6.0
2019-01-09,BI Rate,6.0
2019-01-10,BI Rate,6.0
2019-01-11,BI Rate,6.0
2019-01-14,BI Rate,6.0
2019-01-15,BI Rate,6.0
2019-01-16,BI Rate,6.0
2019-01-17,BI Rate,6.0
2019-01-18,BI Rate,6.0
2019-01-21,BI Rate,6.0
2019-01-22,BI Rate,6.0
2019-01-23,BI Rate,6.0
2019-01-24,BI Rate,6.0
2019-01-25,BI Rate,6.0
2019-01-28,BI Rate,6.0
2019-01-29,BI Rate,6.0
2019-01-30,BI Rate,6.0
2019-01-31,BI Rate,6.0
2019-02-01,BI Rate,6.0
2019-02-04,BI Rate,6.0
2019-02-05,BI Rate,6.0
2019-02-06,BI Rate,6.0
2019-02-07,BI Rate,6.0
2019-02-08,BI Rate,6.0
2019-02-11,BI Rate,6.0
2019-02-12,BI Rate,6.0
2019-02-13,BI Rate,6.0
2019-02-14,BI Rate,6.0
2019-02-15,BI Rate,6.0
2019-02-18,BI Rate,6.0
2019-02-19,BI Rate,6.0
2019-02-20,BI Rate,6.0
2019-02-21,BI Rate,6.0
2019-02-22,BI Rate,6.0
2019-02-25,BI Rate,6.0
2019-02-26,BI Rate,6.0
2019-02-27,BI Rate,6.0
2019-02-28,BI Rate,6.0
2019-03-01,BI Rate,6.0
2019-03-04,BI Rate,6.0
2019-03-05,BI Rate,6.0
2019-03-06,BI Rate,6.0
2019-03-07,BI Rate,6.0
2019-03-08,BI Rate,6.0
2019-03-11,BI Rate,6.0
2019-03-12,BI Rate,6.0
2019-03-13,BI Rate,6.0
2019-03-14,BI Rate,6.0
2019-03-15,BI Rate,6.0
2019-03-18,BI Rate,6.0
2019-03-19,BI Rate,6.0
2019-03-20,BI Rate,6.0
2019-03-21,BI Rate,6.0
2019-03-22,BI Rate,6.0
2019-03-25,BI Rate,6.0
2019-03-26,BI Rate,6.0
2019-03-27,BI Rate,6.0
2019-03-28,BI Rate,6.0
2019-03-29,BI Rate,6.0
2019-04-01,BI Rate,6.0
2019-04-02,BI Rate,6.0
2019-04-03,BI Rate,6.0
2019-04-04,BI Rate,6.0
2019-04-05,BI Rate,6.0
2019-04-08,BI Rate,6.0
2019-04-09,BI Rate,6.0
2019-04-10,BI Rate,6.0
2019-04-11,BI Rate,6.0
2019-04-12,BI Rate,6.0
2019-04-15,BI Rate,6.0
2019-04-16,BI Rate,6.0
2019-04-17,BI Rate,6.0
2019-04-18,BI Rate,6.0
2019-04-19,BI Rate,6.0
2019-04-22,BI Rate,6.0
2019-04-23,BI Rate,6.0
2019-04-24,BI Rate,6.0
2019-04-25,BI Rate,6.0
2019-04-26,BI Rate,6.0
2019-04-29,BI Rate,6.0
2019-04-30,BI Rate,6.0
2019-05-01,BI Rate,6.0
2019-05-02,BI Rate,6.0
2019-05-03,BI Rate,6.0
2019-05-06,BI Rate,6.0
2019-05-07,BI Rate,6.0
2019-05-08,BI Rate,6.0
2019-05-09,BI Rate,6.0
2019-05-10,BI Rate,6.0
2019-05-13,BI Rate,6.0
2019-05-14,BI Rate,6.0
2019-05-15,BI Rate,6.0
2019-05-16,BI Rate,6.0
2019-05-17,BI Rate,6.0
2019-05-20,BI Rate,6.0
2019-05-21,BI Rate,6.0
2019-05-22,BI Rate,6.0
2019-05-23,BI Rate,6.0
2019-05-24,BI Rate,6.0
2019-05-27,BI Rate,6.0
2019-05-28,BI Rate,6.0
2019-05-29,BI Rate,6.0
2019-05-30,BI Rate,6.0
2019-05-31,BI Rate,6.0
2019-06-03,BI Rate,6.0
2019-06-04,BI Rate,6.0
2019-06-05,BI Rate,6.0
2019-06-06,BI Rate,6.0
2019-06-07,BI Rate,6.0
2019-06-10,BI Rate,6.0
2019-06-11,BI Rate,6.0
2019-06-12,BI Rate,6.0
2019-06-13,BI Rate,6.0
2019-06-14,BI Rate,6.0
2019-06-17,BI Rate,6.0
2019-06-18,BI Rate,6.0
2019-06-19,BI Rate,6.0
2019-06-20,BI Rate,6.0
2019-06-21,BI Rate,6.0
2019-06-24,BI Rate,6.0
2019-06-25,BI Rate,6.0
2019-06-26,BI Rate,6.0
2019-06-27,BI Rate,6.0
2019-06-28,BI Rate,6.0
2019-07-01,BI Rate,6.0
2019-07-02,BI Rate,6.0
2019-07-03,BI Rate,6.0
2019-07-04,BI Rate,6.0
2019-07-05,BI Rate,6.0
2019-07-08,BI Rate,6.0
2019-07-09,BI Rate,6.0
2019-07-10,BI Rate,6.0
2019-07-11,BI Rate,6.0
2019-07-12,BI Rate,6.0
2019-07-15,BI Rate,6.0
2019-07-16,BI Rate,6.0
2019-07-17,BI Rate,6.0
2019-07-18,BI Rate,5.75
2019-07-19,BI Rate,5.75
2019-07-22,BI Rate,5.75
2019-07-23,BI Rate,5.75
2019-07-24,BI Rate,5.75
2019-07-25,BI Rate,5.75
2019-07-26,BI Rate,5.75
2019-07-29,BI Rate,5.75
2019-07-30,BI Rate,5.75
2019-07-31,BI Rate,5.75
2019-08-01,BI Rate,5.75
2019-08-02,BI Rate,5.75
2019-08-05,BI Rate,5.75
2019-08-06,BI Rate,5.75
2019-08-07,BI Rate,5.75
2019-08-08,BI Rate,5.75
2019-08-09,BI Rate,5.75
2019-08-12,BI Rate,5.75
2019-08-13,BI Rate,5.75
2019-08-14,BI Rate,5.75
2019-08-15,BI Rate,5.75
2019-08-16,BI Rate,5.75
2019-08-19,BI Rate,5.75
2019-08-20,BI Rate,5.75
2019-08-21,BI Rate,5.75
2019-08-22,BI Rate,5.5
2019-08-23,BI Rate,5.5
2019-08-26,BI Rate,5.5
2019-08-27,BI Rate,5.5
2019-08-28,BI Rate,5.5
2019-08-29,BI Rate,5.5
2019-08-30,BI Rate,5.5
2019-09-02,BI Rate,5.5
2019-09-03,BI Rate,5.5
2019-09-04,BI Rate,5.5
2019-09-05,BI Rate,5.5
2019-09-06,BI Rate,5.5
2019-09-09,BI Rate,5.5
2019-09-10,BI Rate,5.5
2019-09-11,BI Rate,5.5
2019-09-12,BI Rate,5.5
2019-09-13,BI Rate,5.5
2019-09-16,BI Rate,5.5
2019-09-17,BI Rate,5.5
2019-09-18,BI Rate,5.5
2019-09-19,BI Rate,5.25
2019-09-20,BI Rate,5.25
2019-09-23,BI Rate,5.25
2019-09-24,BI Rate,5.25
2019-09-25,BI Rate,5.25
2019-09-26,BI Rate,5.25
2019-09-27,BI Rate,5.25
2019-09-30,BI Rate,5.25
2019-10-01,BI Rate,5.25
2019-10-02,BI Rate,5.25
2019-10-03,BI Rate,5.25
2019-10-04,BI Rate,5.25
2019-10-07,BI Rate,5.25
2019-10-08,BI Rate,5.25
2019-10-09,BI Rate,5.25
2019-10-10,BI Rate,5.25
2019-10-11,BI Rate,5.25
2019-10-14,BI Rate,5.25
2019-10-15,BI Rate,5.25
2019-10-16,BI Rate,5.25
2019-10-17,BI Rate,5.25
2019-10-18,BI Rate,5.25
2019-10-21,BI Rate,5.25
2019-10-22,BI Rate,5.25
2019-10-23,BI Rate,5.25
2019-10-24,BI Rate,5.0
2019-10-25,BI Rate,5.0
2019-10-28,BI Rate,5.0
2019-10-29,BI Rate,5.0
2019-10-30,BI Rate,5.0
2019-10-31,BI Rate,5.0
2019-11-01,BI Rate,5.0
2019-11-04,BI Rate,5.0
2019-11-05,BI Rate,5.0
2019-11-06,BI Rate,5.0
2019-11-07,BI Rate,5.0
2019-11-08,BI Rate,5.0
2019-11-11,BI Rate,5.0
2019-11-12,BI Rate,5.0
2019-11-13,BI Rate,5.0
2019-11-14,BI Rate,5.0
2019-11-15,BI Rate,5.0
2019-11-18,BI Rate,5.0
2019-11-19,BI Rate,5.0
2019-11-20,BI Rate,5.0
2019-11-21,BI Rate,5.0
2019-11-22,BI Rate,5.0
2019-11-25,BI Rate,5.0
2019-11-26,BI Rate,5.0
2019-11-27,BI Rate,5.0
2019-11-28,BI Rate,5.0
2019-11-29,BI Rate,5.0
2019-12-02,BI Rate,5.0
2019-12-03,BI Rate,5.0
2019-12-04,BI Rate,5.0
2019-12-05,BI Rate,5.0
2019-12-06,BI Rate,5.0
2019-12-09,BI Rate,5.0
2019-12-10,BI Rate,5.0
2019-12-11,BI Rate,5.0
2019-12-12,BI Rate,5.0
2019-12-13,BI Rate,5.0
2019-12-16,BI Rate,5.0
2019-12-17,BI Rate,5.0
2019-12-18,BI Rate,5.0
2019-12-19,BI Rate,5.0
2019-12-20,BI Rate,5.0
2019-12-23,BI Rate,5.0
2019-12-24,BI Rate,5.0
2019-12-25,BI Rate,5.0
2019-12-26,BI Rate,5.0
2019-12-27,BI Rate,5.0
2019-12-30,BI Rate,5.0
2019-12-31,BI Rate,5.0
2020-01-01,BI Rate,5.0
2020-01-02,BI Rate,5.0
2020-01-03,BI Rate,5.0
2020-01-06,BI Rate,5.0
2020-01-07,BI Rate,5.0
2020-01-08,BI Rate,5.0
2020-01-09,BI Rate,5.0
2020-01-10,BI Rate,5.0
2020-01-13,BI Rate,5.0
2020-01-14,BI Rate,5.0
2020-01-15,BI Rate,5.0
2020-01-16,BI Rate,5.0
2020-01-17,BI Rate,5.0
2020-01-20,BI Rate,5.0
2020-01-21,BI Rate,5.0
2020-01-22,BI Rate,5.0
2020-01-23,BI Rate,5.0
2020-01-24,BI Rate,5.0
2020-01-27,BI Rate,5.0
2020-01-28,BI Rate,5.0
2020-01-29,BI Rate,5.0
2020-01-30,BI Rate,5.0
2020-01-31,BI Rate,5.0
2020-02-03,BI Rate,5.0
2020-02-04,BI Rate,5.0
2020-02-05,BI Rate,5.0
2020-02-06,BI Rate,5.0
2020-02-07,BI Rate,5.0
2020-02-10,BI Rate,5.0
2020-02-11,BI Rate,5.0
2020-02-12,BI Rate,5.0
2020-02-13,BI Rate,5.0
2020-02-14,BI Rate,5.0
2020-02-17,BI Rate,5.0
2020-02-18,BI Rate,5.0
2020-02-19,BI Rate,5.0
2020-02-20,BI Rate,4.75
2020-02-21,BI Rate,4.75
2020-02-24,BI Rate,4.75
2020-02-25,BI Rate,4.75
2020-02-26,BI Rate,4.75
2020-02-27,BI Rate,4.75
2020-02-28,BI Rate,4.75
2020-03-02,BI Rate,4.75
2020-03-03,BI Rate,4.75
2020-03-04,BI Rate,4.75
2020-03-05,BI Rate,4.75
2020-03-06,BI Rate,4.75
2020-03-09,BI Rate,4.75
2020-03-10,BI Rate,4.75
2020-03-11,BI Rate,4.75
2020-03-12,BI Rate,4.75
2020-03-13,BI Rate,4.75
2020-03-16,BI Rate,4.75
2020-03-17,BI Rate,4.75
2020-03-18,BI Rate,4.75
2020-03-19,BI Rate,4.5
2020-03-20,BI Rate,4.5
2020-03-23,BI Rate,4.5
2020-03-24,BI Rate,4.5
2020-03-25,BI Rate,4.5
2020-03-26,BI Rate,4.5
2020-03-27,BI Rate,4.5
2020-03-30,BI Rate,4.5
2020-03-31,BI Rate,4.5
2020-04-01,BI Rate,4.5
2020-04-02,BI Rate,4.5
2020-04-03,BI Rate,4.5
2020-04-06,BI Rate,4.5
2020-04-07,BI Rate,4.5
2020-04-08,BI Rate,4.5
2020-04-09,BI Rate,4.5
2020-04-10,BI Rate,4.5
2020-04-13,BI Rate,4.5
2020-04-14,BI Rate,4.5
2020-04-15,BI Rate,4.5
2020-04-16,BI Rate,4.5
2020-04-17,BI Rate,4.5
2020-04-20,BI Rate,4.5
2020-04-21,BI Rate,4.5
2020-04-22,BI Rate,4.5
2020-04-23,BI Rate,4.5
2020-04-24,BI Rate,4.5
2020-04-27,BI Rate,4.5
2020-04-28,BI Rate,4.5
2020-04-29,BI Rate,4.5
2020-04-30,BI Rate,4.5
2020-05-01,BI Rate,4.5
2020-05-04,BI Rate,4.5
2020-05-05,BI Rate,4.5
2020-05-06,BI Rate,4.5
2020-05-07,BI Rate,4.5
2020-05-08,BI Rate,4.5
2020-05-11,BI Rate,4.5
2020-05-12,BI Rate,4.5
2020-05-13,BI Rate,4.5
2020-05-14,BI Rate,4.5
2020-05-15,BI Rate,4.5
2020-05-18,BI Rate,4.5
2020-05-19,BI Rate,4.5
2020-05-20,BI Rate,4.5
2020-05-21,BI Rate,4.5
2020-05-22,BI Rate,4.5
2020-05-25,BI Rate,4.5
2020-05-26,BI Rate,4.5
2020-05-27,BI Rate,4.5
2020-05-28,BI Rate,4.5
2020-05-29,BI Rate,4.5
2020-06-01,BI Rate,4.5
2020-06-02,BI Rate,4.5
2020-06-03,BI Rate,4.5
2020-06-04,BI Rate,4.5
2020-06-05,BI Rate,4.5
2020-06-08,BI Rate,4.5
2020-06-09,BI Rate,4.5
2020-06-10,BI Rate,4.5
2020-06-11,BI Rate,4.5
2020-06-12,BI Rate,4.5
2020-06-15,BI Rate,4.5
2020-06-16,BI Rate,4.5
2020-06-17,BI Rate,4.5
2020-06-18,BI Rate,4.25
2020-06-19,BI Rate,4.25
2020-06-22,BI Rate,4.25
2020-06-23,BI Rate,4.25
2020-06-24,BI Rate,4.25
2020-06-25,BI Rate,4.25
2020-06-26,BI Rate,4.25
2020-06-29,BI Rate,4.25
2020-06-30,BI Rate,4.25
2020-07-01,BI Rate,4.25
2020-07-02,BI Rate,4.25
2020-07-03,BI Rate,4.25
2020-07-06,BI Rate,4.25
2020-07-07,BI Rate,4.25
2020-07-08,BI Rate,4.25
2020-07-09,BI Rate,4.25
2020-07-10,BI Rate,4.25
2020-07-13,BI Rate,4.25
2020-07-14,BI Rate,4.25
2020-07-15,BI Rate,4.25
2020-07-16,BI Rate,4.0
2020-07-17,BI Rate,4.0
2020-07-20,BI Rate,4.0
2020-07-21,BI Rate,4.0
2020-07-22,BI Rate,4.0
2020-07-23,BI Rate,4.0
2020-07-24,BI Rate,4.0
2020-07-27,BI Rate,4.0
2020-07-28,BI Rate,4.0
2020-07-29,BI Rate,4.0
2020-07-30,BI Rate,4.0
2020-07-31,BI Rate,4.0
2020-08-03,BI Rate,4.0
2020-08-04,BI Rate,4.0
2020-08-05,BI Rate,4.0
2020-08-06,BI Rate,4.0
2020-08-07,BI Rate,4.0
2020-08-10,BI Rate,4.0
2020-08-11,BI Rate,4.0
2020-08-12,BI Rate,4.0
2020-08-13,BI Rate,4.0
2020-08-14,BI Rate,4.0
2020-08-17,BI Rate,4.0
2020-08-18,BI Rate,4.0
2020-08-19,BI Rate,4.0
2020-08-20,BI Rate,4.0
2020-08-21,BI Rate,4.0
2020-08-24,BI Rate,4.0
2020-08-25,BI Rate,4.0
2020-08-26,BI Rate,4.0
2020-08-27,BI Rate,4.0
2020-08-28,BI Rate,4.0
2020-08-31,BI Rate,4.0
2020-09-01,BI Rate,4.0
2020-09-02,BI Rate,4.0
2020-09-03,BI Rate,4.0
2020-09-04,BI Rate,4.0
2020-09-07,BI Rate,4.0
2020-09-08,BI Rate,4.0
2020-09-09,BI Rate,4.0
2020-09-10,BI Rate,4.0
2020-09-11,BI Rate,4.0
2020-09-14,BI Rate,4.0
2020-09-15,BI Rate,4.0
2020-09-16,BI Rate,4.0
2020-09-17,BI Rate,4.0
2020-09-18,BI Rate,4.0
2020-09-21,BI Rate,4.0
2020-09-22,BI Rate,4.0
2020-09-23,BI Rate,4.0
2020-09-24,BI Rate,4.0
2020-09-25,BI Rate,4.0
2020-09-28,BI Rate,4.0
2020-09-29,BI Rate,4.0
2020-09-30,BI Rate,4.0
2020-10-01,BI Rate,4.0
2020-10-02,BI Rate,4.0
2020-10-05,BI Rate,4.0
2020-10-06,BI Rate,4.0
2020-10-07,BI Rate,4.0
2020-10-08,BI Rate,4.0
2020-10-09,BI Rate,4.0
2020-10-12,BI Rate,4.0
2020-10-13,BI Rate,4.0
2020-10-14,BI Rate,4.0
2020-10-15,BI Rate,4.0
2020-10-16,BI Rate,4.0
2020-10-19,BI Rate,4.0
2020-10-20,BI Rate,4.0
2020-10-21,BI Rate,4.0
2020-10-22,BI Rate,4.0
2020-10-23,BI Rate,4.0
2020-10-26,BI Rate,4.0
2020-10-27,BI Rate,4.0
2020-10-28,BI Rate,4.0
2020-10-29,BI Rate,4.0
2020-10-30,BI Rate,4.0
2020-11-02,BI Rate,4.0
2020-11-03,BI Rate,4.0
2020-11-04,BI Rate,4.0
2020-11-05,BI Rate,4.0
2020-11-06,BI Rate,4.0
2020-11-09,BI Rate,4.0
2020-11-10,BI Rate,4.0
2020-11-11,BI Rate,4.0
2020-11-12,BI Rate,4.0
2020-11-13,BI Rate,4.0
2020-11-16,BI Rate,4.0
2020-11-17,BI Rate,4.0
2020-11-18,BI Rate,4.0
2020-11-19,BI Rate,3.75
2020-11-20,BI Rate,3.75
2020-11-23,BI Rate,3.75
2020-11-24,BI Rate,3.75
2020-11-25,BI Rate,3.75
2020-11-26,BI Rate,3.75
2020-11-27,BI Rate,3.75
2020-11-30,BI Rate,3.75
2020-12-01,BI Rate,3.75
2020-12-02,BI Rate,3.75
2020-12-03,BI Rate,3.75
2020-12-04,BI Rate,3.75
2020-12-07,BI Rate,3.75
2020-12-08,BI Rate,3.75
2020-12-09,BI Rate,3.75
2020-12-10,BI Rate,3.75
2020-12-11,BI Rate,3.75
2020-12-14,BI Rate,3.75
2020-12-15,BI Rate,3.75
2020-12-16,BI Rate,3.75
2020-12-17,BI Rate,3.75
2020-12-18,BI Rate,3.75
2020-12-21,BI Rate,3.75
2020-12-22,BI Rate,3.75
2020-12-23,BI Rate,3.75
2020-12-24,BI Rate,3.75
2020-12-25,BI Rate,3.75
2020-12-28,BI Rate,3.75
2020-12-29,BI Rate,3.75
2020-12-30,BI Rate,3.75
2020-12-31,BI Rate,3.75
2021-01-01,BI Rate,3.75
2021-01-04,BI Rate,3.75
2021-01-05,BI Rate,3.75
2021-01-06,BI Rate,3.75
2021-01-07,BI Rate,3.75
2021-01-08,BI Rate,3.75
2021-01-11,BI Rate,3.75
2021-01-12,BI Rate,3.75
2021-01-13,BI Rate,3.75
2021-01-14,BI Rate,3.75
2021-01-15,BI Rate,3.75
2021-01-18,BI Rate,3.75
2021-01-19,BI Rate,3.75
2021-01-20,BI Rate,3.75
2021-01-21,BI Rate,3.75
2021-01-22,BI Rate,3.75
2021-01-25,BI Rate,3.75
2021-01-26,BI Rate,3.75
2021-01-27,BI Rate,3.75
2021-01-28,BI Rate,3.75
2021-01-29,BI Rate,3.75
2021-02-01,BI Rate,3.75
2021-02-02,BI Rate,3.75
2021-02-03,BI Rate,3.75
2021-02-04,BI Rate,3.75
2021-02-05,BI Rate,3.75
2021-02-08,BI Rate,3.75
2021-02-09,BI Rate,3.75
2021-02-10,BI Rate,3.75
2021-02-11,BI Rate,3.75
2021-02-12,BI Rate,3.75
2021-02-15,BI Rate,3.75
2021-02-16,BI Rate,3.75
2021-02-17,BI Rate,3.75
2021-02-18,BI Rate,3.5
2021-02-19,BI Rate,3.5
2021-02-22,BI Rate,3.5
2021-02-23,BI Rate,3.5
2021-02-24,BI Rate,3.5
2021-02-25,BI Rate,3.5
2021-02-26,BI Rate,3.5
2021-03-01,BI Rate,3.5
2021-03-02,BI Rate,3.5
2021-03-03,BI Rate,3.5
2021-03-04,BI Rate,3.5
2021-03-05,BI Rate,3.5
2021-03-08,BI Rate,3.5
2021-03-09,BI Rate,3.5
2021-03-10,BI Rate,3.5
2021-03-11,BI Rate,3.5
2021-03-12,BI Rate,3.5
2021-03-15,BI Rate,3.5
2021-03-16,BI Rate,3.5
2021-03-17,BI Rate,3.5
2021-03-18,BI Rate,3.5
2021-03-19,BI Rate,3.5
2021-03-22,BI Rate,3.5
2021-03-23,BI Rate,3.5
2021-03-24,BI Rate,3.5
2021-03-25,BI Rate,3.5
2021-03-26,BI Rate,3.5
2021-03-29,BI Rate,3.5
2021-03-30,BI Rate,3.5
2021-03-31,BI Rate,3.5
2021-04-01,BI Rate,3.5
2021-04-02,BI Rate,3.5
2021-04-05,BI Rate,3.5
2021-04-06,BI Rate,3.5
2021-04-07,BI Rate,3.5
2021-04-08,BI Rate,3.5
2021-04-09,BI Rate,3.5
2021-04-12,BI Rate,3.5
2021-04-13,BI Rate,3.5
2021-04-14,BI Rate,3.5
2021-04-15,BI Rate,3.5
2021-04-16,BI Rate,3.5
2021-04-19,BI Rate,3.5
2021-04-20,BI Rate,3.5
2021-04-21,BI Rate,3.5
2021-04-22,BI Rate,3.5
2021-04-23,BI Rate,3.5
2021-04-26,BI Rate,3.5
2021-04-27,BI Rate,3.5
2021-04-28,BI Rate,3.5
2021-04-29,BI Rate,3.5
2021-04-30,BI Rate,3.5
2021-05-03,BI Rate,3.5
2021-05-04,BI Rate,3.5
2021-05-05,BI Rate,3.5
2021-05-06,BI Rate,3.5
2021-05-07,BI Rate,3.5
2021-05-10,BI Rate,3.5
2021-05-11,BI Rate,3.5
2021-05-12,BI Rate,3.5
2021-05-13,BI Rate,3.5
2021-05-14,BI Rate,3.5
2021-05-17,BI Rate,3.5
2021-05-18,BI Rate,3.5
2021-05-19,BI Rate,3.5
2021-05-20,BI Rate,3.5
2021-05-21,BI Rate,3.5
2021-05-24,BI Rate,3.5
2021-05-25,BI Rate,3.5
2021-05-26,BI Rate,3.5
2021-05-27,BI Rate,3.5
2021-05-28,BI Rate,3.5
2021-05-31,BI Rate,3.5
2021-06-01,BI Rate,3.5
2021-06-02,BI Rate,3.5
2021-06-03,BI Rate,3.5
2021-06-04,BI Rate,3.5
2021-06-07,BI Rate,3.5
2021-06-08,BI Rate,3.5
2021-06-09,BI Rate,3.5
2021-06-10,BI Rate,3.5
2021-06-11,BI Rate,3.5
2021-06-14,BI Rate,3.5
2021-06-15,BI Rate,3.5
2021-06-16,BI Rate,3.5
2021-06-17,BI Rate,3.5
2021-06-18,BI Rate,3.5
2021-06-21,BI Rate,3.5
2021-06-22,BI Rate,3.5
2021-06-23,BI Rate,3.5
2021-06-24,BI Rate,3.5
2021-06-25,BI Rate,3.5
2021-06-28,BI Rate,3.5
2021-06-29,BI Rate,3.5
2021-06-30,BI Rate,3.5
2021-07-01,BI Rate,3.5
2021-07-02,BI Rate,3.5
2021-07-05,BI Rate,3.5
2021-07-06,BI Rate,3.5
2021-07-07,BI Rate,3.5
2021-07-08,BI Rate,3.5
2021-07-09,BI Rate,3.5
2021-07-12,BI Rate,3.5
2021-07-13,BI Rate,3.5
2021-07-14,BI Rate,3.5
2021-07-15,BI Rate,3.5
2021-07-16,BI Rate,3.5
2021-07-19,BI Rate,3.5
2021-07-20,BI Rate,3.5
2021-07-21,BI Rate,3.5
2021-07-22,BI Rate,3.5
2021-07-23,BI Rate,3.5
2021-07-26,BI Rate,3.5
2021-07-27,BI Rate,3.5
2021-07-28,BI Rate,3.5
2021-07-29,BI Rate,3.5
2021-07-30,BI Rate,3.5
2021-08-02,BI Rate,3.5
2021-08-03,BI Rate,3.5
2021-08-04,BI Rate,3.5
2021-08-05,BI Rate,3.5
2021-08-06,BI Rate,3.5
2021-08-09,BI Rate,3.5
2021-08-10,BI Rate,3.5
2021-08-11,BI Rate,3.5
2021-08-12,BI Rate,3.5
2021-08-13,BI Rate,3.5
2021-08-16,BI Rate,3.5
2021-08-17,BI Rate,3.5
2021-08-18,BI Rate,3.5
2021-08-19,BI Rate,3.5
2021-08-20,BI Rate,3.5
2021-08-23,BI Rate,3.5
2021-08-24,BI Rate,3.5
2021-08-25,BI Rate,3.5
2021-08-26,BI Rate,3.5
2021-08-27,BI Rate,3.5
2021-08-30,BI Rate,3.5
2021-08-31,BI Rate,3.5
2021-09-01,BI Rate,3.5
2021-09-02,BI Rate,3.5
2021-09-03,BI Rate,3.5
2021-09-06,BI Rate,3.5
2021-09-07,BI Rate,3.5
2021-09-08,BI Rate,3.5
2021-09-09,BI Rate,3.5
2021-09-10,BI Rate,3.5
2021-09-13,BI Rate,3.5
2021-09-14,BI Rate,3.5
2021-09-15,BI Rate,3.5
2021-09-16,BI Rate,3.5
2021-09-17,BI Rate,3.5
2021-09-20,BI Rate,3.5
2021-09-21,BI Rate,3.5
2021-09-22,BI Rate,3.5
2021-09-23,BI Rate,3.5
2021-09-24,BI Rate,3.5
2021-09-27,BI Rate,3.5
2021-09-28,BI Rate,3.5
2021-09-29,BI Rate,3.5
2021-09-30,BI Rate,3.5
2021-10-01,BI Rate,3.5
2021-10-04,BI Rate,3.5
2021-10-05,BI Rate,3.5
2021-10-06,BI Rate,3.5
2021-10-07,BI Rate,3.5
2021-10-08,BI Rate,3.5
2021-10-11,BI Rate,3.5
2021-10-12,BI Rate,3.5
2021-10-13,BI Rate,3.5
2021-10-14,BI Rate,3.5
2021-10-15,BI Rate,3.5
2021-10-18,BI Rate,3.5
2021-10-19,BI Rate,3.5
2021-10-20,BI Rate,3.5
2021-10-21,BI Rate,3.5
2021-10-22,BI Rate,3.5
2021-10-25,BI Rate,3.5
2021-10-26,BI Rate,3.5
2021-10-27,BI Rate,3.5
2021-10-28,BI Rate,3.5
2021-10-29,BI Rate,3.5
2021-11-01,BI Rate,3.5
2021-11-02,BI Rate,3.5
2021-11-03,BI Rate,3.5
2021-11-04,BI Rate,3.5
2021-11-05,BI Rate,3.5
2021-11-08,BI Rate,3.5
2021-11-09,BI Rate,3.5
2021-11-10,BI Rate,3.5
2021-11-11,BI Rate,3.5
2021-11-12,BI Rate,3.5
2021-11-15,BI Rate,3.5
2021-11-16,BI Rate,3.5
2021-11-17,BI Rate,3.5
2021-11-18,BI Rate,3.5
2021-11-19,BI Rate,3.5
2021-11-22,BI Rate,3.5
2021-11-23,BI Rate,3.5
2021-11-24,BI Rate,3.5
2021-11-25,BI Rate,3.5
2021-11-26,BI Rate,3.5
2021-11-29,BI Rate,3.5
2021-11-30,BI Rate,3.5
2021-12-01,BI Rate,3.5
2021-12-02,BI Rate,3.5
2021-12-03,BI Rate,3.5
2021-12-06,BI Rate,3.5
2021-12-07,BI Rate,3.5
2021-12-08,BI Rate,3.5
2021-12-09,BI Rate,3.5
2021-12-10,BI Rate,3.5
2021-12-13,BI Rate,3.5
2021-12-14,BI Rate,3.5
2021-12-15,BI Rate,3.5
2021-12-16,BI Rate,3.5
2021-12-17,BI Rate,3.5
2021-12-20,BI Rate,3.5
2021-12-21,BI Rate,3.5
2021-12-22,BI Rate,3.5
2021-12-23,BI Rate,3.5
2021-12-24,BI Rate,3.5
2021-12-27,BI Rate,3.5
2021-12-28,BI Rate,3.5
2021-12-29,BI Rate,3.5
2021-12-30,BI Rate,3.5
2021-12-31,BI Rate,3.5
2022-01-03,BI Rate,3.5
2022-01-04,BI Rate,3.5
2022-01-05,BI Rate,3.5
2022-01-06,BI Rate,3.5
2022-01-07,BI Rate,3.5
2022-01-10,BI Rate,3.5
2022-01-11,BI Rate,3.5
2022-01-12,BI Rate,3.5
2022-01-13,BI Rate,3.5
2022-01-14,BI Rate,3.5
2022-01-17,BI Rate,3.5
2022-01-18,BI Rate,3.5
2022-01-19,BI Rate,3.5
2022-01-20,BI Rate,3.5
2022-01-21,BI Rate,3.5
2022-01-24,BI Rate,3.5
2022-01-25,BI Rate,3.5
2022-01-26,BI Rate,3.5
2022-01-27,BI Rate,3.5
2022-01-28,BI Rate,3.5
2022-01-31,BI Rate,3.5
2022-02-01,BI Rate,3.5
2022-02-02,BI Rate,3.5
2022-02-03,BI Rate,3.5
2022-02-04,BI Rate,3.5
2022-02-07,BI Rate,3.5
2022-02-08,BI Rate,3.5
2022-02-09,BI Rate,3.5
2022-02-10,BI Rate,3.5
2022-02-11,BI Rate,3.5
2022-02-14,BI Rate,3.5
2022-02-15,BI Rate,3.5
2022-02-16,BI Rate,3.5
2022-02-17,BI Rate,3.5
2022-02-18,BI Rate,3.5
2022-02-21,BI Rate,3.5
2022-02-22,BI Rate,3.5
2022-02-23,BI Rate,3.5
2022-02-24,BI Rate,3.5
2022-02-25,BI Rate,3.5
2022-02-28,BI Rate,3.5
2022-03-01,BI Rate,3.5
2022-03-02,BI Rate,3.5
2022-03-03,BI Rate,3.5
2022-03-04,BI Rate,3.5
2022-03-07,BI Rate,3.5
2022-03-08,BI Rate,3.5
2022-03-09,BI Rate,3.5
2022-03-10,BI Rate,3.5
2022-03-11,BI Rate,3.5
2022-03-14,BI Rate,3.5
2022-03-15,BI Rate,3.5
2022-03-16,BI Rate,3.5
2022-03-17,BI Rate,3.5
2022-03-18,BI Rate,3.5
2022-03-21,BI Rate,3.5
2022-03-22,BI Rate,3.5
2022-03-23,BI Rate,3.5
2022-03-24,BI Rate,3.5
2022-03-25,BI Rate,3.5
2022-03-28,BI Rate,3.5
2022-03-29,BI Rate,3.5
2022-03-30,BI Rate,3.5
2022-03-31,BI Rate,3.5
2022-04-01,BI Rate,3.5
2022-04-04,BI Rate,3.5
2022-04-05,BI Rate,3.5
2022-04-06,BI Rate,3.5
2022-04-07,BI Rate,3.5
2022-04-08,BI Rate,3.5
2022-04-11,BI Rate,3.5
2022-04-12,BI Rate,3.5
2022-04-13,BI Rate,3.5
2022-04-14,BI Rate,3.5
2022-04-15,BI Rate,3.5
2022-04-18,BI Rate,3.5
2022-04-19,BI Rate,3.5
2022-04-20,BI Rate,3.5
2022-04-21,BI Rate,3.5
2022-04-22,BI Rate,3.5
2022-04-25,BI Rate,3.5
2022-04-26,BI Rate,3.5
2022-04-27,BI Rate,3.5
2022-04-28,BI Rate,3.5
2022-04-29,BI Rate,3.5
2022-05-02,BI Rate,3.5
2022-05-03,BI Rate,3.5
2022-05-04,BI Rate,3.5
2022-05-05,BI Rate,3.5
2022-05-06,BI Rate,3.5
2022-05-09,BI Rate,3.5
2022-05-10,BI Rate,3.5
2022-05-11,BI Rate,3.5
2022-05-12,BI Rate,3.5
2022-05-13,BI Rate,3.5
2022-05-16,BI Rate,3.5
2022-05-17,BI Rate,3.5
2022-05-18,BI Rate,3.5
2022-05-19,BI Rate,3.5
2022-05-20,BI Rate,3.5
2022-05-23,BI Rate,3.5
2022-05-24,BI Rate,3.5
2022-05-25,BI Rate,3.5
2022-05-26,BI Rate,3.5
2022-05-27,BI Rate,3.5
2022-05-30,BI Rate,3.5
2022-05-31,BI Rate,3.5
2022-06-01,BI Rate,3.5
2022-06-02,BI Rate,3.5
2022-06-03,BI Rate,3.5
2022-06-06,BI Rate,3.5
2022-06-07,BI Rate,3.5
2022-06-08,BI Rate,3.5
2022-06-09,BI Rate,3.5
2022-06-10,BI Rate,3.5
2022-06-13,BI Rate,3.5
2022-06-14,BI Rate,3.5
2022-06-15,BI Rate,3.5
2022-06-16,BI Rate,3.5
2022-06-17,BI Rate,3.5
2022-06-20,BI Rate,3.5
2022-06-21,BI Rate,3.5
2022-06-22,BI Rate,3.5
2022-06-23,BI Rate,3.5
2022-06-24,BI Rate,3.5
2022-06-27,BI Rate,3.5
2022-06-28,BI Rate,3.5
2022-06-29,BI Rate,3.5
2022-06-30,BI Rate,3.5
2022-07-01,BI Rate,3.5
2022-07-04,BI Rate,3.5
2022-07-05,BI Rate,3.5
2022-07-06,BI Rate,3.5
2022-07-07,BI Rate,3.5
2022-07-08,BI Rate,3.5
2022-07-11,BI Rate,3.5
2022-07-12,BI Rate,3.5
2022-07-13,BI Rate,3.5
2022-07-14,BI Rate,3.5
2022-07-15,BI Rate,3.5
2022-07-18,BI Rate,3.5
2022-07-19,BI Rate,3.5
2022-07-20,BI Rate,3.5
2022-07-21,BI Rate,3.5
2022-07-22,BI Rate,3.5
2022-07-25,BI Rate,3.5
2022-07-26,BI Rate,3.5
2022-07-27,BI Rate,3.5
2022-07-28,BI Rate,3.5
2022-07-29,BI Rate,3.5
2022-08-01,BI Rate,3.5
2022-08-02,BI Rate,3.5
2022-08-03,BI Rate,3.5
2022-08-04,BI Rate,3.5
2022-08-05,BI Rate,3.5
2022-08-08,BI Rate,3.5
2022-08-09,BI Rate,3.5
2022-08-10,BI Rate,3.5
2022-08-11,BI Rate,3.5
2022-08-12,BI Rate,3.5
2022-08-15,BI Rate,3.5
2022-08-16,BI Rate,3.5
2022-08-17,BI Rate,3.5
2022-08-18,BI Rate,3.5
2022-08-19,BI Rate,3.5
2022-08-22,BI Rate,3.5
2022-08-23,BI Rate,3.75
2022-08-24,BI Rate,3.75
2022-08-25,BI Rate,3.75
2022-08-26,BI Rate,3.75
2022-08-29,BI Rate,3.75
2022-08-30,BI Rate,3.75
2022-08-31,BI Rate,3.75
2022-09-01,BI Rate,3.75
2022-09-02,BI Rate,3.75
2022-09-05,BI Rate,3.75
2022-09-06,BI Rate,3.75
2022-09-07,BI Rate,3.75
2022-09-08,BI Rate,3.75
2022-09-09,BI Rate,3.75
2022-09-12,BI Rate,3.75
2022-09-13,BI Rate,3.75
2022-09-14,BI Rate,3.75
2022-09-15,BI Rate,3.75
2022-09-16,BI Rate,3.75
2022-09-19,BI Rate,3.75
2022-09-20,BI Rate,3.75
2022-09-21,BI Rate,3.75
2022-09-22,BI Rate,4.25
2022-09-23,BI Rate,4.25
2022-09-26,BI Rate,4.25
2022-09-27,BI Rate,4.25
2022-09-28,BI Rate,4.25
2022-09-29,BI Rate,4.25
2022-09-30,BI Rate,4.25
2022-10-03,BI Rate,4.25
2022-10-04,BI Rate,4.25
2022-10-05,BI Rate,4.25
2022-10-06,BI Rate,4.25
2022-10-07,BI Rate,4.25
2022-10-10,BI Rate,4.25
2022-10-11,BI Rate,4.25
2022-10-12,BI Rate,4.25
2022-10-13,BI Rate,4.25
2022-10-14,BI Rate,4.25
2022-10-17,BI Rate,4.25
2022-10-18,BI Rate,4.25
2022-10-19,BI Rate,4.25
2022-10-20,BI Rate,4.75
2022-10-21,BI Rate,4.75
2022-10-24,BI Rate,4.75
2022-10-25,BI Rate,4.75
2022-10-26,BI Rate,4.75
2022-10-27,BI Rate,4.75
2022-10-28,BI Rate,4.75
2022-10-31,BI Rate,4.75
2022-11-01,BI Rate,4.75
2022-11-02,BI Rate,4.75
2022-11-03,BI Rate,4.75
2022-11-04,BI Rate,4.75
2022-11-07,BI Rate,4.75
2022-11-08,BI Rate,4.75
2022-11-09,BI Rate,4.75
2022-11-10,BI Rate,4.75
2022-11-11,BI Rate,4.75
2022-11-14,BI Rate,4.75
2022-11-15,BI Rate,4.75
2022-11-16,BI Rate,4.75
2022-11-17,BI Rate,5.25
2022-11-18,BI Rate,5.25
2022-11-21,BI Rate,5.25
2022-11-22,BI Rate,5.25
2022-11-23,BI Rate,5.25
2022-11-24,BI Rate,5.25
2022-11-25,BI Rate,5.25
2022-11-28,BI Rate,5.25
2022-11-29,BI Rate,5.25
2022-11-30,BI Rate,5.25
2022-12-01,BI Rate,5.25
2022-12-02,BI Rate,5.25
2022-12-05,BI Rate,5.25
2022-12-06,BI Rate,5.25
2022-12-07,BI Rate,5.25
2022-12-08,BI Rate,5.25
2022-12-09,BI Rate,5.25
2022-12-12,BI Rate,5.25
2022-12-13,BI Rate,5.25
2022-12-14,BI Rate,5.25
2022-12-15,BI Rate,5.25
2022-12-16,BI Rate,5.25
2022-12-19,BI Rate,5.25
2022-12-20,BI Rate,5.25
2022-12-21,BI Rate,5.25
2022-12-22,BI Rate,5.5
2022-12-23,BI Rate,5.5
2022-12-26,BI Rate,5.5
2022-12-27,BI Rate,5.5
2022-12-28,BI Rate,5.5
2022-12-29,BI Rate,5.5
2022-12-30,BI Rate,5.5
2023-01-02,BI Rate,5.5
2023-01-03,BI Rate,5.5
2023-01-04,BI Rate,5.5
2023-01-05,BI Rate,5.5
2023-01-06,BI Rate,5.5
2023-01-09,BI Rate,5.5
2023-01-10,BI Rate,5.5
2023-01-11,BI Rate,5.5
2023-01-12,BI Rate,5.5
2023-01-13,BI Rate,5.5
2023-01-16,BI Rate,5.5
2023-01-17,BI Rate,5.5
2023-01-18,BI Rate,5.5
2023-01-19,BI Rate,5.75
2023-01-20,BI Rate,5.75
2023-01-23,BI Rate,5.75
2023-01-24,BI Rate,5.75
2023-01-25,BI Rate,5.75
2023-01-26,BI Rate,5.75
2023-01-27,BI Rate,5.75
2023-01-30,BI Rate,5.75
2023-01-31,BI Rate,5.75
2023-02-01,BI Rate,5.75
2023-02-02,BI Rate,5.75
2023-02-03,BI Rate,5.75
2023-02-06,BI Rate,5.75
2023-02-07,BI Rate,5.75
2023-02-08,BI Rate,5.75
2023-02-09,BI Rate,5.75
2023-02-10,BI Rate,5.75
2023-02-13,BI Rate,5.75
2023-02-14,BI Rate,5.75
2023-02-15,BI Rate,5.75
2023-02-16,BI Rate,5.75
2023-02-17,BI Rate,5.75
2023-02-20,BI Rate,5.75
2023-02-21,BI Rate,5.75
2023-02-22,BI Rate,5.75
2023-02-23,BI Rate,5.75
2023-02-24,BI Rate,5.75
2023-02-27,BI Rate,5.75
2023-02-28,BI Rate,5.75
2023-03-01,BI Rate,5.75
2023-03-02,BI Rate,5.75
2023-03-03,BI Rate,5.75
2023-03-06,BI Rate,5.75
2023-03-07,BI Rate,5.75
2023-03-08,BI Rate,5.75
2023-03-09,BI Rate,5.75
2023-03-10,BI Rate,5.75
2023-03-13,BI Rate,5.75
2023-03-14,BI Rate,5.75
2023-03-15,BI Rate,5.75
2023-03-16,BI Rate,5.75
2023-03-17,BI Rate,5.75
2023-03-20,BI Rate,5.75
2023-03-21,BI Rate,5.75
2023-03-22,BI Rate,5.75
2023-03-23,BI Rate,5.75
2023-03-24,BI Rate,5.75
2023-03-27,BI Rate,5.75
2023-03-28,BI Rate,5.75
2023-03-29,BI Rate,5.75
2023-03-30,BI Rate,5.75
2023-03-31,BI Rate,5.75
2023-04-03,BI Rate,5.75
2023-04-04,BI Rate,5.75
2023-04-05,BI Rate,5.75
2023-04-06,BI Rate,5.75
2023-04-07,BI Rate,5.75
2023-04-10,BI Rate,5.75
2023-04-11,BI Rate,5.75
2023-04-12,BI Rate,5.75
2023-04-13,BI Rate,5.75
2023-04-14,BI Rate,5.75
2023-04-17,BI Rate,5.75
2023-04-18,BI Rate,5.75
2023-04-19,BI Rate,5.75
2023-04-20,BI Rate,5.75
2023-04-21,BI Rate,5.75
2023-04-24,BI Rate,5.75
2023-04-25,BI Rate,5.75
2023-04-26,BI Rate,5.75
2023-04-27,BI Rate,5.75
2023-04-28,BI Rate,5.75
2023-05-01,BI Rate,5.75
2023-05-02,BI Rate,5.75
2023-05-03,BI Rate,5.75
2023-05-04,BI Rate,5.75
2023-05-05,BI Rate,5.75
2023-05-08,BI Rate,5.75
2023-05-09,BI Rate,5.75
2023-05-10,BI Rate,5.75
2023-05-11,BI Rate,5.75
2023-05-12,BI Rate,5.75
2023-05-15,BI Rate,5.75
2023-05-16,BI Rate,5.75
2023-05-17,BI Rate,5.75
2023-05-18,BI Rate,5.75
2023-05-19,BI Rate,5.75
2023-05-22,BI Rate,5.75
2023-05-23,BI Rate,5.75
2023-05-24,BI Rate,5.75
2023-05-25,BI Rate,5.75
2023-05-26,BI Rate,5.75
2023-05-29,BI Rate,5.75
2023-05-30,BI Rate,5.75
2023-05-31,BI Rate,5.75
2023-06-01,BI Rate,5.75
2023-06-02,BI Rate,5.75
2023-06-05,BI Rate,5.75
2023-06-06,BI Rate,5.75
2023-06-07,BI Rate,5.75
2023-06-08,BI Rate,5.75
2023-06-09,BI Rate,5.75
2023-06-12,BI Rate,5.75
2023-06-13,BI Rate,5.75
2023-06-14,BI Rate,5.75
2023-06-15,BI Rate,5.75
2023-06-16,BI Rate,5.75
2023-06-19,BI Rate,5.75
2023-06-20,BI Rate,5.75
2023-06-21,BI Rate,5.75
2023-06-22,BI Rate,5.75
2023-06-23,BI Rate,5.75
2023-06-26,BI Rate,5.75
2023-06-27,BI Rate,5.75
2023-06-28,BI Rate,5.75
2023-06-29,BI Rate,5.75
2023-06-30,BI Rate,5.75
2023-07-03,BI Rate,5.75
2023-07-04,BI Rate,5.75
2023-07-05,BI Rate,5.75
2023-07-06,BI Rate,5.75
2023-07-07,BI Rate,5.75
2023-07-10,BI Rate,5.75
2023-07-11,BI Rate,5.75
2023-07-12,BI Rate,5.75
2023-07-13,BI Rate,5.75
2023-07-14,BI Rate,5.75
2023-07-17,BI Rate,5.75
2023-07-18,BI Rate,5.75
2023-07-19,BI Rate,5.75
2023-07-20,BI Rate,5.75
2023-07-21,BI Rate,5.75
2023-07-24,BI Rate,5.75
2023-07-25,BI Rate,5.75
2023-07-26,BI Rate,5.75
2023-07-27,BI Rate,5.75
2023-07-28,BI Rate,5.75
2023-07-31,BI Rate,5.75
2023-08-01,BI Rate,5.75
2023-08-02,BI Rate,5.75
2023-08-03,BI Rate,5.75
2023-08-04,BI Rate,5.75
2023-08-07,BI Rate,5.75
2023-08-08,BI Rate,5.75
2023-08-09,BI Rate,5.75
2023-08-10,BI Rate,5.75
2023-08-11,BI Rate,5.75
2023-08-14,BI Rate,5.75
2023-08-15,BI Rate,5.75
2023-08-16,BI Rate,5.75
2023-08-17,BI Rate,5.75
2023-08-18,BI Rate,5.75
2023-08-21,BI Rate,5.75
2023-08-22,BI Rate,5.75
2023-08-23,BI Rate,5.75
2023-08-24,BI Rate,5.75
2023-08-25,BI Rate,5.75
2023-08-28,BI Rate,5.75
2023-08-29,BI Rate,5.75
2023-08-30,BI Rate,5.75
2023-08-31,BI Rate,5.75
2023-09-01,BI Rate,5.75
2023-09-04,BI Rate,5.75
2023-09-05,BI Rate,5.75
2023-09-06,BI Rate,5.75
2023-09-07,BI Rate,5.75
2023-09-08,BI Rate,5.75
2023-09-11,BI Rate,5.75
2023-09-12,BI Rate,5.75
2023-09-13,BI Rate,5.75
2023-09-14,BI Rate,5.75
2023-09-15,BI Rate,5.75
2023-09-18,BI Rate,5.75
2023-09-19,BI Rate,5.75
2023-09-20,BI Rate,5.75
2023-09-21,BI Rate,5.75
2023-09-22,BI Rate,5.75
2023-09-25,BI Rate,5.75
2023-09-26,BI Rate,5.75
2023-09-27,BI Rate,5.75
2023-09-28,BI Rate,5.75
2023-09-29,BI Rate,5.75
2023-10-02,BI Rate,5.75
2023-10-03,BI Rate,5.75
2023-10-04,BI Rate,5.75
2023-10-05,BI Rate,5.75
2023-10-06,BI Rate,5.75
2023-10-09,BI Rate,5.75
2023-10-10,BI Rate,5.75
2023-10-11,BI Rate,5.75
2023-10-12,BI Rate,5.75
2023-10-13,BI Rate,5.75
2023-10-16,BI Rate,5.75
2023-10-17,BI Rate,5.75
2023-10-18,BI Rate,5.75
2023-10-19,BI Rate,6.0
2023-10-20,BI Rate,6.0
2023-10-23,BI Rate,6.0
2023-10-24,BI Rate,6.0
2023-10-25,BI Rate,6.0
2023-10-26,BI Rate,6.0
2023-10-27,BI Rate,6.0
2023-10-30,BI Rate,6.0
2023-10-31,BI Rate,6.0
2023-11-01,BI Rate,6.0
2023-11-02,BI Rate,6.0
2023-11-03,BI Rate,6.0
2023-11-06,BI Rate,6.0
2023-11-07,BI Rate,6.0
2023-11-08,BI Rate,6.0
2023-11-09,BI Rate,6.0
2023-11-10,BI Rate,6.0
2023-11-13,BI Rate,6.0
2023-11-14,BI Rate,6.0
2023-11-15,BI Rate,6.0
2023-11-16,BI Rate,6.0
2023-11-17,BI Rate,6.0
2023-11-20,BI Rate,6.0
2023-11-21,BI Rate,6.0
2023-11-22,BI Rate,6.0
2023-11-23,BI Rate,6.0
2023-11-24,BI Rate,6.0
2023-11-27,BI Rate,6.0
2023-11-28,BI Rate,6.0
2023-11-29,BI Rate,6.0
2023-11-30,BI Rate,6.0
2023-12-01,BI Rate,6.0
2023-12-04,BI Rate,6.0
2023-12-05,BI Rate,6.0
2023-12-06,BI Rate,6.0
2023-12-07,BI Rate,6.0
2023-12-08,BI Rate,6.0
2023-12-11,BI Rate,6.0
2023-12-12,BI Rate,6.0
2023-12-13,BI Rate,6.0
2023-12-14,BI Rate,6.0
2023-12-15,BI Rate,6.0
2023-12-18,BI Rate,6.0
2023-12-19,BI Rate,6.0
2023-12-20,BI Rate,6.0
2023-12-21,BI Rate,6.0
2023-12-22,BI Rate,6.0
2023-12-25,BI Rate,6.0
2023-12-26,BI Rate,6.0
2023-12-27,BI Rate,6.0
2023-12-28,BI Rate,6.0
2023-12-29,BI Rate,6.0
2024-01-01,BI Rate,6.0
2024-01-02,BI Rate,6.0
2024-01-03,BI Rate,6.0
2024-01-04,BI Rate,6.0
2024-01-05,BI Rate,6.0
2024-01-08,BI Rate,6.0
2024-01-09,BI Rate,6.0
2024-01-10,BI Rate,6.0
2024-01-11,BI Rate,6.0
2024-01-12,BI Rate,6.0
2024-01-15,BI Rate,6.0
2024-01-16,BI Rate,6.0
2024-01-17,BI Rate,6.0
2024-01-18,BI Rate,6.0
2024-01-19,BI Rate,6.0
2024-01-22,BI Rate,6.0
2024-01-23,BI Rate,6.0
2024-01-24,BI Rate,6.0
2024-01-25,BI Rate,6.0
2024-01-26,BI Rate,6.0
2024-01-29,BI Rate,6.0
2024-01-30,BI Rate,6.0
2024-01-31,BI Rate,6.0
2024-02-01,BI Rate,6.0
2024-02-02,BI Rate,6.0
2024-02-05,BI Rate,6.0
2024-02-06,BI Rate,6.0
2024-02-07,BI Rate,6.0
2024-02-08,BI Rate,6.0
2024-02-09,BI Rate,6.0
2024-02-12,BI Rate,6.0
2024-02-13,BI Rate,6.0
2024-02-14,BI Rate,6.0
2024-02-15,BI Rate,6.0
2024-02-16,BI Rate,6.0
2024-02-19,BI Rate,6.0
2024-02-20,BI Rate,6.0
2024-02-21,BI Rate,6.0
2024-02-22,BI Rate,6.0
2024-02-23,BI Rate,6.0
2024-02-26,BI Rate,6.0
2024-02-27,BI Rate,6.0
2024-02-28,BI Rate,6.0
2024-02-29,BI Rate,6.0
2024-03-01,BI Rate,6.0
2024-03-04,BI Rate,6.0
2024-03-05,BI Rate,6.0
2024-03-06,BI Rate,6.0
2024-03-07,BI Rate,6.0
2024-03-08,BI Rate,6.0
2024-03-11,BI Rate,6.0
2024-03-12,BI Rate,6.0
2024-03-13,BI Rate,6.0
2024-03-14,BI Rate,6.0
2024-03-15,BI Rate,6.0
2024-03-18,BI Rate,6.0
2024-03-19,BI Rate,6.0
2024-03-20,BI Rate,6.0
2024-03-21,BI Rate,6.0
2024-03-22,BI Rate,6.0
2024-03-25,BI Rate,6.0
2024-03-26,BI Rate,6.0
2024-03-27,BI Rate,6.0
2024-03-28,BI Rate,6.0
2024-03-29,BI Rate,6.0
2024-04-01,BI Rate,6.0
2024-04-02,BI Rate,6.0
2024-04-03,BI Rate,6.0
2024-04-04,BI Rate,6.0
2024-04-05,BI Rate,6.0
2024-04-08,BI Rate,6.0
2024-04-09,BI Rate,6.0
2024-04-10,BI Rate,6.0
2024-04-11,BI Rate,6.0
2024-04-12,BI Rate,6.0
2024-04-15,BI Rate,6.0
2024-04-16,BI Rate,6.0
2024-04-17,BI Rate,6.0
2024-04-18,BI Rate,6.0
2024-04-19,BI Rate,6.0
2024-04-22,BI Rate,6.0
2024-04-23,BI Rate,6.0
2024-04-24,BI Rate,6.25
2024-04-25,BI Rate,6.25
2024-04-26,BI Rate,6.25
2024-04-29,BI Rate,6.25
2024-04-30,BI Rate,6.25
2024-05-01,BI Rate,6.25
2024-05-02,BI Rate,6.25
2024-05-03,BI Rate,6.25
2024-05-06,BI Rate,6.25
2024-05-07,BI Rate,6.25
2024-05-08,BI Rate,6.25
2024-05-09,BI Rate,6.25
2024-05-10,BI Rate,6.25
2024-05-13,BI Rate,6.25
2024-05-14,BI Rate,6.25
2024-05-15,BI Rate,6.25
2024-05-16,BI Rate,6.25
2024-05-17,BI Rate,6.25
2024-05-20,BI Rate,6.25
2024-05-21,BI Rate,6.25
2024-05-22,BI Rate,6.25
2024-05-23,BI Rate,6.25
2024-05-24,BI Rate,6.25
2024-05-27,BI Rate,6.25
2024-05-28,BI Rate,6.25
2024-05-29,BI Rate,6.25
2024-05-30,BI Rate,6.25
2024-05-31,BI Rate,6.25
2024-06-03,BI Rate,6.25
2024-06-04,BI Rate,6.25
2024-06-05,BI Rate,6.25
2024-06-06,BI Rate,6.25
2024-06-07,BI Rate,6.25
2024-06-10,BI Rate,6.25
2024-06-11,BI Rate,6.25
2024-06-12,BI Rate,6.25
2024-06-13,BI Rate,6.25
2024-06-14,BI Rate,6.25
2024-06-17,BI Rate,6.25
2024-06-18,BI Rate,6.25
2024-06-19,BI Rate,6.25
2024-06-20,BI Rate,6.25
2024-06-21,BI Rate,6.25
2024-06-24,BI Rate,6.25
2024-06-25,BI Rate,6.25
2024-06-26,BI Rate,6.25
2024-06-27,BI Rate,6.25
2024-06-28,BI Rate,6.25
2024-07-01,BI Rate,6.25
2024-07-02,BI Rate,6.25
2024-07-03,BI Rate,6.25
2024-07-04,BI Rate,6.25
2024-07-05,BI Rate,6.25
2024-07-08,BI Rate,6.25
2024-07-09,BI Rate,6.25
2024-07-10,BI Rate,6.25
2024-07-11,BI Rate,6.25
2024-07-12,BI Rate,6.25
2024-07-15,BI Rate,6.25
2024-07-16,BI Rate,6.25
2024-07-17,BI Rate,6.25
2024-07-18,BI Rate,6.25
2024-07-19,BI Rate,6.25
2024-07-22,BI Rate,6.25
2024-07-23,BI Rate,6.25
2024-07-24,BI Rate,6.25
2024-07-25,BI Rate,6.25
2024-07-26,BI Rate,6.25
2024-07-29,BI Rate,6.25
2024-07-30,BI Rate,6.25
2024-07-31,BI Rate,6.25
2024-08-01,BI Rate,6.25
2024-08-02,BI Rate,6.25
2024-08-05,BI Rate,6.25
2024-08-06,BI Rate,6.25
2024-08-07,BI Rate,6.25
2024-08-08,BI Rate,6.25
2024-08-09,BI Rate,6.25
2024-08-12,BI Rate,6.25
2024-08-13,BI Rate,6.25
2024-08-14,BI Rate,6.25
2024-08-15,BI Rate,6.25
2024-08-16,BI Rate,6.25
2024-08-19,BI Rate,6.25
2024-08-20,BI Rate,6.25
2024-08-21,BI Rate,6.25
2024-08-22,BI Rate,6.25
2024-08-23,BI Rate,6.25
2024-08-26,BI Rate,6.25
2024-08-27,BI Rate,6.25
2024-08-28,BI Rate,6.25
2024-08-29,BI Rate,6.25
2024-08-30,BI Rate,6.25
2024-09-02,BI Rate,6.25
2024-09-03,BI Rate,6.25
2024-09-04,BI Rate,6.25
2024-09-05,BI Rate,6.25
2024-09-06,BI Rate,6.25
2024-09-09,BI Rate,6.25
2024-09-10,BI Rate,6.25
2024-09-11,BI Rate,6.25
2024-09-12,BI Rate,6.25
2024-09-13,BI Rate,6.25
2024-09-16,BI Rate,6.25
2024-09-17,BI Rate,6.25
2024-09-18,BI Rate,6.0
2024-09-19,BI Rate,6.0
2024-09-20,BI Rate,6.0
2024-09-23,BI Rate,6.0
2024-09-24,BI Rate,6.0
2024-09-25,BI Rate,6.0
2024-09-26,BI Rate,6.0
2024-09-27,BI Rate,6.0
2024-09-30,BI Rate,6.0
2024-10-01,BI Rate,6.0
2024-10-02,BI Rate,6.0
2024-10-03,BI Rate,6.0
2024-10-04,BI Rate,6.0
2024-10-07,BI Rate,6.0
2024-10-08,BI Rate,6.0
2024-10-09,BI Rate,6.0
2024-10-10,BI Rate,6.0
2024-10-11,BI Rate,6.0
2024-10-14,BI Rate,6.0
2024-10-15,BI Rate,6.0
2024-10-16,BI Rate,6.0
2024-10-17,BI Rate,6.0
2024-10-18,BI Rate,6.0
2024-10-21,BI Rate,6.0
2024-10-22,BI Rate,6.0
2024-10-23,BI Rate,6.0
2024-10-24,BI Rate,6.0
2024-10-25,BI Rate,6.0
2024-10-28,BI Rate,6.0
2024-10-29,BI Rate,6.0
2024-10-30,BI Rate,6.0
2024-10-31,BI Rate,6.0
2024-11-01,BI Rate,6.0
2024-11-04,BI Rate,6.0
2024-11-05,BI Rate,6.0
2024-11-06,BI Rate,6.0
2024-11-07,BI Rate,6.0
2024-11-08,BI Rate,6.0
2024-11-11,BI Rate,6.0
2024-11-12,BI Rate,6.0
2024-11-13,BI Rate,6.0
2024-11-14,BI Rate,6.0
2024-11-15,BI Rate,6.0
2024-11-18,BI Rate,6.0
2024-11-19,BI Rate,6.0
2024-11-20,BI Rate,6.0
2024-11-21,BI Rate,6.0
2024-11-22,BI Rate,6.0
2024-11-25,BI Rate,6.0
2024-11-26,BI Rate,6.0
2024-11-27,BI Rate,6.0
2024-11-28,BI Rate,6.0
2024-11-29,BI Rate,6.0
2024-12-02,BI Rate,6.0
2024-12-03,BI Rate,6.0
2024-12-04,BI Rate,6.0
2024-12-05,BI Rate,6.0
2024-12-06,BI Rate,6.0
2024-12-09,BI Rate,6.0
2024-12-10,BI Rate,6.0
2024-12-11,BI Rate,6.0
2024-12-12,BI Rate,6.0
2024-12-13,BI Rate,6.0
2024-12-16,BI Rate,6.0
2024-12-17,BI Rate,6.0
2024-12-18,BI Rate,6.0
2024-12-19,BI Rate,6.0
2024-12-20,BI Rate,6.0
2024-12-23,BI Rate,6.0
2024-12-24,BI Rate,6.0
2024-12-25,BI Rate,6.0
2024-12-26,BI Rate,6.0
2024-12-27,BI Rate,6.0
2024-12-30,BI Rate,6.0
2024-12-31,BI Rate,6.0
2025-01-01,BI Rate,6.0
2025-01-02,BI Rate,6.0
2025-01-03,BI Rate,6.0
2025-01-06,BI Rate,6.0
2025-01-07,BI Rate,6.0
2025-01-08,BI Rate,6.0
2025-01-09,BI Rate,6.0
2025-01-10,BI Rate,6.0
2025-01-13,BI Rate,6.0
2025-01-14,BI Rate,6.0
2025-01-15,BI Rate,5.75
2025-01-16,BI Rate,5.75
2025-01-17,BI Rate,5.75
2025-01-20,BI Rate,5.75
2025-01-21,BI Rate,5.75
2025-01-22,BI Rate,5.75
2025-01-23,BI Rate,5.75
2025-01-24,BI Rate,5.75
2025-01-27,BI Rate,5.75
2025-01-28,BI Rate,5.75
2025-01-29,BI Rate,5.75
2025-01-30,BI Rate,5.75
2025-01-31,BI Rate,5.75
2025-02-03,BI Rate,5.75
2025-02-04,BI Rate,5.75
2025-02-05,BI Rate,5.75
2025-02-06,BI Rate,5.75
2025-02-07,BI Rate,5.75
2025-02-10,BI Rate,5.75
2025-02-11,BI Rate,5.75
2025-02-12,BI Rate,5.75
2025-02-13,BI Rate,5.75
2025-02-14,BI Rate,5.75
2025-02-17,BI Rate,5.75
2025-02-18,BI Rate,5.75
2025-02-19,BI Rate,5.75
2025-02-20,BI Rate,5.75
2025-02-21,BI Rate,5.75
2025-02-24,BI Rate,5.75
2025-02-25,BI Rate,5.75
2025-02-26,BI Rate,5.75
2025-02-27,BI Rate,5.75
2025-02-28,BI Rate,5.75
2025-03-03,BI Rate,5.75
2025-03-04,BI Rate,5.75
2025-03-05,BI Rate,5.75
2025-03-06,BI Rate,5.75
2025-03-07,BI Rate,5.75
2025-03-10,BI Rate,5.75
2025-03-11,BI Rate,5.75
2025-03-12,BI Rate,5.75
2025-03-13,BI Rate,5.75
2025-03-14,BI Rate,5.75
2025-03-17,BI Rate,5.75
2025-03-18,BI Rate,5.75
2025-03-19,BI Rate,5.75
2025-03-20,BI Rate,5.75
2025-03-21,BI Rate,5.75
2025-03-24,BI Rate,5.75
2025-03-25,BI Rate,5.75
2025-03-26,BI Rate,5.75
2025-03-27,BI Rate,5.75
2025-03-28,BI Rate,5.75
2025-03-31,BI Rate,5.75
2025-04-01,BI Rate,5.75
2025-04-02,BI Rate,5.75
2025-04-03,BI Rate,5.75
2025-04-04,BI Rate,5.75
2025-04-07,BI Rate,5.75
2025-04-08,BI Rate,5.75
2025-04-09,BI Rate,5.75
2025-04-10,BI Rate,5.75
2025-04-11,BI Rate,5.75
2025-04-14,BI Rate,5.75
2025-04-15,BI Rate,5.75
2025-04-16,BI Rate,5.75
2025-04-17,BI Rate,5.75
2025-04-18,BI Rate,5.75
2025-04-21,BI Rate,5.75
2025-04-22,BI Rate,5.75
2025-04-23,BI Rate,5.75
2025-04-24,BI Rate,5.75
2025-04-25,BI Rate,5.75
2025-04-28,BI Rate,5.75
2025-04-29,BI Rate,5.75
2025-04-30,BI Rate,5.75
2025-05-01,BI Rate,5.75
2025-05-02,BI Rate,5.75
2025-05-05,BI Rate,5.75
2025-05-06,BI Rate,5.75
2025-05-07,BI Rate,5.75
2025-05-08,BI Rate,5.75
2025-05-09,BI Rate,5.75
2025-05-12,BI Rate,5.75
2025-05-13,BI Rate,5.75
2025-05-14,BI Rate,5.75
2025-05-15,BI Rate,5.75
2025-05-16,BI Rate,5.75
2025-05-19,BI Rate,5.75
2025-05-20,BI Rate,5.75
2025-05-21,BI Rate,5.5
2025-05-22,BI Rate,5.5
2025-05-23,BI Rate,5.5
2025-05-26,BI Rate,5.5
2025-05-27,BI Rate,5.5
2025-05-28,BI Rate,5.5
2025-05-29,BI Rate,5.5
2025-05-30,BI Rate,5.5
2025-06-02,BI Rate,5.5
2025-06-03,BI Rate,5.5
2025-06-04,BI Rate,5.5
2025-06-05,BI Rate,5.5
2025-06-06,BI Rate,5.5
2025-06-09,BI Rate,5.5
2025-06-10,BI Rate,5.5
2025-06-11,BI Rate,5.5
2025-06-12,BI Rate,5.5
2025-06-13,BI Rate,5.5
2025-06-16,BI Rate,5.5
2025-06-17,BI Rate,5.5
2025-06-18,BI Rate,5.5
2025-06-19,BI Rate,5.5
2025-06-20,BI Rate,5.5
2025-06-23,BI Rate,5.5
2025-06-24,BI Rate,5.5
2025-06-25,BI Rate,5.5
2025-06-26,BI Rate,5.5
2025-06-27,BI Rate,5.5
2025-06-30,BI Rate,5.5
2025-07-01,BI Rate,5.5
2025-07-02,BI Rate,5.5
2025-07-03,BI Rate,5.5
2025-07-04,BI Rate,5.5
2025-07-07,BI Rate,5.5
2025-07-08,BI Rate,5.5
2025-07-09,BI Rate,5.5
2025-07-10,BI Rate,5.5
2025-07-11,BI Rate,5.5
2025-07-14,BI Rate,5.5
2025-07-15,BI Rate,5.5
2025-07-16,BI Rate,5.25
2025-07-17,BI Rate,5.25
2025-07-18,BI Rate,5.25
2025-07-21,BI Rate,5.25
2025-07-22,BI Rate,5.25
2025-07-23,BI Rate,5.25
2025-07-24,BI Rate,5.25
2025-07-25,BI Rate,5.25
2025-07-28,BI Rate,5.25
2025-07-29,BI Rate,5.25
2025-07-30,BI Rate,5.25
2025-07-31,BI Rate,5.25
2025-08-01,BI Rate,5.25
2025-08-04,BI Rate,5.25
2025-08-05,BI Rate,5.25
2025-08-06,BI Rate,5.25
2025-08-07,BI Rate,5.25
2025-08-08,BI Rate,5.25
2025-08-11,BI Rate,5.25
2025-08-12,BI Rate,5.25
2025-08-13,BI Rate,5.25
2025-08-14,BI Rate,5.25
2025-08-15,BI Rate,5.25
2025-08-18,BI Rate,5.25
2025-08-19,BI Rate,5.25
2025-08-20,BI Rate,5.0
2025-08-21,BI Rate,5.0
2025-08-22,BI Rate,5.0
2025-08-25,BI Rate,5.0
2025-08-26,BI Rate,5.0
2025-08-27,BI Rate,5.0
2025-08-28,BI Rate,5.0
2025-08-29,BI Rate,5.0
2025-09-01,BI Rate,5.0
2025-09-02,BI Rate,5.0
2025-09-03,BI Rate,5.0
2025-09-04,BI Rate,5.0
2025-09-05,BI Rate,5.0
2025-09-08,BI Rate,5.0
2025-09-09,BI Rate,5.0
2025-09-10,BI Rate,5.0
2025-09-11,BI Rate,5.0
2025-09-12,BI Rate,5.0
2025-09-15,BI Rate,5.0
2025-09-16,BI Rate,5.0
2025-09-17,BI Rate,4.75
2025-09-18,BI Rate,4.75
2025-09-19,BI Rate,4.75
2025-09-22,BI Rate,4.75
2025-09-23,BI Rate,4.75
2025-09-24,BI Rate,4.75
2025-09-25,BI Rate,4.75
2025-09-26,BI Rate,4.75
2025-09-29,BI Rate,4.75
2025-09-30,BI Rate,4.75
2025-10-01,BI Rate,4.75
2025-10-02,BI Rate,4.75
2025-10-03,BI Rate,4.75
2025-10-06,BI Rate,4.75
2025-10-07,BI Rate,4.75
2025-10-08,BI Rate,4.75
2025-10-09,BI Rate,4.75
2025-10-10,BI Rate,4.75
2025-10-13,BI Rate,4.75
2025-10-14,BI Rate,4.75
2025-10-15,BI Rate,4.75
2025-10-16,BI Rate,4.75
2025-10-17,BI Rate,4.75
2025-10-20,BI Rate,4.75
2025-10-21,BI Rate,4.75
2025-10-22,BI Rate,4.75
2025-10-23,BI Rate,4.75
2025-10-24,BI Rate,4.75
2025-10-27,BI Rate,4.75
2025-10-28,BI Rate,4.75
2025-10-29,BI Rate,4.75
2025-10-30,BI Rate,4.75
2025-10-31,BI Rate,4.75
2025-11-03,BI Rate,4.75
2025-11-04,BI Rate,4.75
2025-11-05,BI Rate,4.75
2025-11-06,BI Rate,4.75
2025-11-07,BI Rate,4.75
2025-11-10,BI Rate,4.75
2025-11-11,BI Rate,4.75
2025-11-12,BI Rate,4.75
2025-11-13,BI Rate,4.75
2025-11-14,BI Rate,4.75
2025-11-17,BI Rate,4.75
2025-11-18,BI Rate,4.75
2025-11-19,BI Rate,4.75
2025-11-20,BI Rate,4.75
2025-11-21,BI Rate,4.75
2025-11-24,BI Rate,4.75
2025-11-25,BI Rate,4.75
2025-11-26,BI Rate,4.75
2025-11-27,BI Rate,4.75
2025-11-28,BI Rate,4.75
2025-12-01,BI Rate,4.75
2025-12-02,BI Rate,4.75
2025-12-03,BI Rate,4.75
2025-12-04,BI Rate,4.75
2025-12-05,BI Rate,4.75
2025-12-08,BI Rate,4.75
2025-12-09,BI Rate,4.75
2025-12-10,BI Rate,4.75
2025-12-11,BI Rate,4.75
2025-12-12,BI Rate,4.75
2025-12-15,BI Rate,4.75
2025-12-16,BI Rate,4.75
2025-12-17,BI Rate,4.75
2025-12-18,BI Rate,4.75
2025-12-19,BI Rate,4.75
2025-12-22,BI Rate,4.75
2025-12-23,BI Rate,4.75
2025-12-24,BI Rate,4.75
2025-12-25,BI Rate,4.75
2025-12-26,BI Rate,4.75
2025-12-29,BI Rate,4.75
2025-12-30,BI Rate,4.75
2025-12-31,BI Rate,4.75
2026-01-01,BI Rate,4.75
2026-01-02,BI Rate,4.75
2026-01-05,BI Rate,4.75
2026-01-06,BI Rate,4.75
2026-01-07,BI Rate,4.75
2026-01-08,BI Rate,4.75
2026-01-09,BI Rate,4.75
2026-01-12,BI Rate,4.75
2026-01-13,BI Rate,4.75
2026-01-14,BI Rate,4.75
2026-01-15,BI Rate,4.75
2026-01-16,BI Rate,4.75
2026-01-19,BI Rate,4.75
2026-01-20,BI Rate,4.75
2026-01-21,BI Rate,4.75
2026-01-22,BI Rate,4.75
2026-01-23,BI Rate,4.75
2026-01-26,BI Rate,4.75
2026-01-27,BI Rate,4.75
2026-01-28,BI Rate,4.75
2026-01-29,BI Rate,4.75
2026-01-30,BI Rate,4.75
2026-02-02,BI Rate,4.75
2026-02-03,BI Rate,4.75
2026-02-04,BI Rate,4.75
2026-02-05,BI Rate,4.75
2026-02-06,BI Rate,4.75
2026-02-09,BI Rate,4.75
2026-02-10,BI Rate,4.75
2026-02-11,BI Rate,4.75
2026-02-12,BI Rate,4.75
2026-02-13,BI Rate,4.75
2026-02-16,BI Rate,4.75
2026-02-17,BI Rate,4.75
2026-02-18,BI Rate,4.75
2026-02-19,BI Rate,4.75
2026-02-20,BI Rate,4.75
2026-02-23,BI Rate,4.75
2026-02-24,BI Rate,4.75
2026-02-25,BI Rate,4.75
2026-02-26,BI Rate,4.75
2026-02-27,BI Rate,4.75
2026-03-02,BI Rate,4.75
2026-03-03,BI Rate,4.75
2026-03-04,BI Rate,4.75
2026-03-05,BI Rate,4.75
2026-03-06,BI Rate,4.75
2026-03-09,BI Rate,4.75
2026-03-10,BI Rate,4.75
2026-03-11,BI Rate,4.75
2026-03-12,BI Rate,4.75
2026-03-13,BI Rate,4.75
2026-03-16,BI Rate,4.75
2026-03-17,BI Rate,4.75
2026-03-18,BI Rate,4.75
2026-03-19,BI Rate,4.75
2026-03-20,BI Rate,4.75
2026-03-23,BI Rate,4.75
2026-03-24,BI Rate,4.75
2026-03-25,BI Rate,4.75
2026-03-26,BI Rate,4.75
2026-03-27,BI Rate,4.75
2026-03-30,BI Rate,4.75
2026-03-31,BI Rate,4.75
2026-04-01,BI Rate,4.75
2026-04-02,BI Rate,4.75
2026-04-03,BI Rate,4.75
2026-04-06,BI Rate,4.75
2026-04-07,BI Rate,4.75
2026-04-08,BI Rate,4.75
2026-04-09,BI Rate,4.75
2026-04-10,BI Rate,4.75
2026-04-13,BI Rate,4.75
2026-04-14,BI Rate,4.75
2026-04-15,BI Rate,4.75
2026-04-16,BI Rate,4.75
2026-04-17,BI Rate,4.75
2026-04-20,BI Rate,4.75
2026-04-21,BI Rate,4.75
2026-04-22,BI Rate,4.75
2026-04-23,BI Rate,4.75
2026-04-24,BI Rate,4.75
2026-04-27,BI Rate,4.75
2026-04-28,BI Rate,4.75
2026-04-29,BI Rate,4.75
2026-04-30,BI Rate,4.75
2026-05-01,BI Rate,4.75
2026-05-04,BI Rate,4.75
2026-05-05,BI Rate,4.75
2026-05-06,BI Rate,4.75
2026-05-07,BI Rate,4.75
2026-05-08,BI Rate,4.75
2026-05-11,BI Rate,4.75
2026-05-12,BI Rate,4.75
2026-05-13,BI Rate,4.75
2026-05-14,BI Rate,4.75
2026-05-15,BI Rate,4.75
2026-05-18,BI Rate,4.75
2026-05-19,BI Rate,4.75
2026-05-20,BI Rate,5.25
2026-05-21,BI Rate,5.25
2026-05-22,BI Rate,5.25
2026-05-25,BI Rate,5.25
2026-05-26,BI Rate,5.25
2026-05-27,BI Rate,5.25
2026-05-28,BI Rate,5.25
2026-05-29,BI Rate,5.25
2026-06-01,BI Rate,5.25
2026-06-02,BI Rate,5.25
2026-06-03,BI Rate,5.25
2026-06-04,BI Rate,5.25
2026-06-05,BI Rate,5.25
2026-06-08,BI Rate,5.25
2026-06-09,BI Rate,5.25
2026-06-10,BI Rate,5.25
2026-06-11,BI Rate,5.25
2026-06-12,BI Rate,5.25
2026-06-15,BI Rate,5.25
2026-06-16,BI Rate,5.25
2026-06-17,BI Rate,5.25
2026-06-18,BI Rate,5.75
2026-06-19,BI Rate,5.75
2026-06-22,BI Rate,5.75
2026-06-23,BI Rate,5.75
2026-06-24,BI Rate,5.75
2026-06-25,BI Rate,5.75
2026-06-26,BI Rate,5.75
2026-06-29,BI Rate,5.75
2026-06-30,BI Rate,5.75
2026-07-01,BI Rate,5.75
2026-07-02,BI Rate,5.75
2026-07-03,BI Rate,5.75
2026-07-06,BI Rate,5.75
2026-07-07,BI Rate,5.75
2026-07-08,BI Rate,5.75
2026-07-09,BI Rate,5.75
2026-07-10,BI Rate,5.75
2026-07-13,BI Rate,5.75
2026-07-14,BI Rate,5.75
2026-07-15,BI Rate,5.75
2026-07-16,BI Rate,5.75
2026-07-17,BI Rate,5.75
2026-07-20,BI Rate,5.75
2026-07-21,BI Rate,5.75
2026-07-22,BI Rate,5.75
2026-07-23,BI Rate,5.75
2026-07-24,BI Rate,5.75
2026-07-27,BI Rate,5.75
2026-07-28,BI Rate,5.75
2026-07-29,BI Rate,5.75
2026-07-30,BI Rate,5.75
2026-07-31,BI Rate,5.75
2026-08-03,BI Rate,5.75
2026-08-04,BI Rate,5.75
2026-08-05,BI Rate,5.75
2026-08-06,BI Rate,5.75
2026-08-07,BI Rate,5.75
2026-08-10,BI Rate,5.75
2026-08-11,BI Rate,5.75
2026-08-12,BI Rate,5.75
2026-08-13,BI Rate,5.75
2026-08-14,BI Rate,5.75
2026-08-17,BI Rate,5.75
2026-08-18,BI Rate,5.75
2026-08-19,BI Rate,5.75
2026-08-20,BI Rate,5.75
2026-08-21,BI Rate,5.75
2026-08-24,BI Rate,5.75
2026-08-25,BI Rate,5.75
2026-08-26,BI Rate,5.75
2026-08-27,BI Rate,5.75
2026-08-28,BI Rate,5.75
2026-08-31,BI Rate,5.75
2026-09-01,BI Rate,5.75
2026-09-02,BI Rate,5.75
2026-09-03,BI Rate,5.75
2026-09-04,BI Rate,5.75
2026-09-07,BI Rate,5.75
2026-09-08,BI Rate,5.75
2026-09-09,BI Rate,5.75
2026-09-10,BI Rate,5.75
2026-09-11,BI Rate,5.75
2026-09-14,BI Rate,5.75
2026-09-15,BI Rate,5.75
2026-09-16,BI Rate,5.75
2026-09-17,BI Rate,5.75
2026-09-18,BI Rate,5.75
2026-09-21,BI Rate,5.75
2026-09-22,BI Rate,5.75
2026-09-23,BI Rate,5.75
2026-09-24,BI Rate,5.75
2026-09-25,BI Rate,5.75
2026-09-28,BI Rate,5.75
2026-09-29,BI Rate,5.75
2026-09-30,BI Rate,5.75
2017-01-03,Lending Facility,5.5
2017-01-04,Lending Facility,5.5
2017-01-05,Lending Facility,5.5
2017-01-06,Lending Facility,5.5
2017-01-09,Lending Facility,5.5
2017-01-10,Lending Facility,5.5
2017-01-11,Lending Facility,5.5
2017-01-12,Lending Facility,5.5
2017-01-13,Lending Facility,5.5
2017-01-16,Lending Facility,5.5
2017-01-17,Lending Facility,5.5
2017-01-18,Lending Facility,5.5
2017-01-19,Lending Facility,5.5
2017-01-20,Lending Facility,5.5
2017-01-23,Lending Facility,5.5
2017-01-24,Lending Facility,5.5
2017-01-25,Lending Facility,5.5
2017-01-26,Lending Facility,5.5
2017-01-27,Lending Facility,5.5
2017-01-30,Lending Facility,5.5
2017-01-31,Lending Facility,5.5
2017-02-01,Lending Facility,5.5
2017-02-02,Lending Facility,5.5
2017-02-03,Lending Facility,5.5
2017-02-06,Lending Facility,5.5
2017-02-07,Lending Facility,5.5
2017-02-08,Lending Facility,5.5
2017-02-09,Lending Facility,5.5
2017-02-10,Lending Facility,5.5
2017-02-13,Lending Facility,5.5
2017-02-14,Lending Facility,5.5
2017-02-15,Lending Facility,5.5
2017-02-16,Lending Facility,5.5
2017-02-17,Lending Facility,5.5
2017-02-20,Lending Facility,5.5
2017-02-21,Lending Facility,5.5
2017-02-22,Lending Facility,5.5
2017-02-23,Lending Facility,5.5
2017-02-24,Lending Facility,5.5
2017-02-27,Lending Facility,5.5
2017-02-28,Lending Facility,5.5
2017-03-01,Lending Facility,5.5
2017-03-02,Lending Facility,5.5
2017-03-03,Lending Facility,5.5
2017-03-06,Lending Facility,5.5
2017-03-07,Lending Facility,5.5
2017-03-08,Lending Facility,5.5
2017-03-09,Lending Facility,5.5
2017-03-10,Lending Facility,5.5
2017-03-13,Lending Facility,5.5
2017-03-14,Lending Facility,5.5
2017-03-15,Lending Facility,5.5
2017-03-16,Lending Facility,5.5
2017-03-17,Lending Facility,5.5
2017-03-20,Lending Facility,5.5
2017-03-21,Lending Facility,5.5
2017-03-22,Lending Facility,5.5
2017-03-23,Lending Facility,5.5
2017-03-24,Lending Facility,5.5
2017-03-27,Lending Facility,5.5
2017-03-28,Lending Facility,5.5
2017-03-29,Lending Facility,5.5
2017-03-30,Lending Facility,5.5
2017-03-31,Lending Facility,5.5
2017-04-03,Lending Facility,5.5
2017-04-04,Lending Facility,5.5
2017-04-05,Lending Facility,5.5
2017-04-06,Lending Facility,5.5
2017-04-07,Lending Facility,5.5
2017-04-10,Lending Facility,5.5
2017-04-11,Lending Facility,5.5
2017-04-12,Lending Facility,5.5
2017-04-13,Lending Facility,5.5
2017-04-14,Lending Facility,5.5
2017-04-17,Lending Facility,5.5
2017-04-18,Lending Facility,5.5
2017-04-19,Lending Facility,5.5
2017-04-20,Lending Facility,5.5
2017-04-21,Lending Facility,5.5
2017-04-24,Lending Facility,5.5
2017-04-25,Lending Facility,5.5
2017-04-26,Lending Facility,5.5
2017-04-27,Lending Facility,5.5
2017-04-28,Lending Facility,5.5
2017-05-01,Lending Facility,5.5
2017-05-02,Lending Facility,5.5
2017-05-03,Lending Facility,5.5
2017-05-04,Lending Facility,5.5
2017-05-05,Lending Facility,5.5
2017-05-08,Lending Facility,5.5
2017-05-09,Lending Facility,5.5
2017-05-10,Lending Facility,5.5
2017-05-11,Lending Facility,5.5
2017-05-12,Lending Facility,5.5
2017-05-15,Lending Facility,5.5
2017-05-16,Lending Facility,5.5
2017-05-17,Lending Facility,5.5
2017-05-18,Lending Facility,5.5
2017-05-19,Lending Facility,5.5
2017-05-22,Lending Facility,5.5
2017-05-23,Lending Facility,5.5
2017-05-24,Lending Facility,5.5
2017-05-25,Lending Facility,5.5
2017-05-26,Lending Facility,5.5
2017-05-29,Lending Facility,5.5
2017-05-30,Lending Facility,5.5
2017-05-31,Lending Facility,5.5
2017-06-01,Lending Facility,5.5
2017-06-02,Lending Facility,5.5
2017-06-05,Lending Facility,5.5
2017-06-06,Lending Facility,5.5
2017-06-07,Lending Facility,5.5
2017-06-08,Lending Facility,5.5
2017-06-09,Lending Facility,5.5
2017-06-12,Lending Facility,5.5
2017-06-13,Lending Facility,5.5
2017-06-14,Lending Facility,5.5
2017-06-15,Lending Facility,5.5
2017-06-16,Lending Facility,5.5
2017-06-19,Lending Facility,5.5
2017-06-20,Lending Facility,5.5
2017-06-21,Lending Facility,5.5
2017-06-22,Lending Facility,5.5
2017-06-23,Lending Facility,5.5
2017-06-26,Lending Facility,5.5
2017-06-27,Lending Facility,5.5
2017-06-28,Lending Facility,5.5
2017-06-29,Lending Facility,5.5
2017-06-30,Lending Facility,5.5
2017-07-03,Lending Facility,5.5
2017-07-04,Lending Facility,5.5
2017-07-05,Lending Facility,5.5
2017-07-06,Lending Facility,5.5
2017-07-07,Lending Facility,5.5
2017-07-10,Lending Facility,5.5
2017-07-11,Lending Facility,5.5
2017-07-12,Lending Facility,5.5
2017-07-13,Lending Facility,5.5
2017-07-14,Lending Facility,5.5
2017-07-17,Lending Facility,5.5
2017-07-18,Lending Facility,5.5
2017-07-19,Lending Facility,5.5
2017-07-20,Lending Facility,5.5
2017-07-21,Lending Facility,5.5
2017-07-24,Lending Facility,5.5
2017-07-25,Lending Facility,5.5
2017-07-26,Lending Facility,5.5
2017-07-27,Lending Facility,5.5
2017-07-28,Lending Facility,5.5
2017-07-31,Lending Facility,5.5
2017-08-01,Lending Facility,5.5
2017-08-02,Lending Facility,5.5
2017-08-03,Lending Facility,5.5
2017-08-04,Lending Facility,5.5
2017-08-07,Lending Facility,5.5
2017-08-08,Lending Facility,5.5
2017-08-09,Lending Facility,5.5
2017-08-10,Lending Facility,5.5
2017-08-11,Lending Facility,5.5
2017-08-14,Lending Facility,5.5
2017-08-15,Lending Facility,5.5
2017-08-16,Lending Facility,5.5
2017-08-17,Lending Facility,5.5
2017-08-18,Lending Facility,5.5
2017-08-21,Lending Facility,5.5
2017-08-22,Lending Facility,5.25
2017-08-23,Lending Facility,5.25
2017-08-24,Lending Facility,5.25
2017-08-25,Lending Facility,5.25
2017-08-28,Lending Facility,5.25
2017-08-29,Lending Facility,5.25
2017-08-30,Lending Facility,5.25
2017-08-31,Lending Facility,5.25
2017-09-01,Lending Facility,5.25
2017-09-04,Lending Facility,5.25
2017-09-05,Lending Facility,5.25
2017-09-06,Lending Facility,5.25
2017-09-07,Lending Facility,5.25
2017-09-08,Lending Facility,5.25
2017-09-11,Lending Facility,5.25
2017-09-12,Lending Facility,5.25
2017-09-13,Lending Facility,5.25
2017-09-14,Lending Facility,5.25
2017-09-15,Lending Facility,5.25
2017-09-18,Lending Facility,5.25
2017-09-19,Lending Facility,5.25
2017-09-20,Lending Facility,5.25
2017-09-21,Lending Facility,5.25
2017-09-22,Lending Facility,5.0
2017-09-25,Lending Facility,5.0
2017-09-26,Lending Facility,5.0
2017-09-27,Lending Facility,5.0
2017-09-28,Lending Facility,5.0
2017-09-29,Lending Facility,5.0
2017-10-02,Lending Facility,5.0
2017-10-03,Lending Facility,5.0
2017-10-04,Lending Facility,5.0
2017-10-05,Lending Facility,5.0
2017-10-06,Lending Facility,5.0
2017-10-09,Lending Facility,5.0
2017-10-10,Lending Facility,5.0
2017-10-11,Lending Facility,5.0
2017-10-12,Lending Facility,5.0
2017-10-13,Lending Facility,5.0
2017-10-16,Lending Facility,5.0
2017-10-17,Lending Facility,5.0
2017-10-18,Lending Facility,5.0
2017-10-19,Lending Facility,5.0
2017-10-20,Lending Facility,5.0
2017-10-23,Lending Facility,5.0
2017-10-24,Lending Facility,5.0
2017-10-25,Lending Facility,5.0
2017-10-26,Lending Facility,5.0
2017-10-27,Lending Facility,5.0
2017-10-30,Lending Facility,5.0
2017-10-31,Lending Facility,5.0
2017-11-01,Lending Facility,5.0
2017-11-02,Lending Facility,5.0
2017-11-03,Lending Facility,5.0
2017-11-06,Lending Facility,5.0
2017-11-07,Lending Facility,5.0
2017-11-08,Lending Facility,5.0
2017-11-09,Lending Facility,5.0
2017-11-10,Lending Facility,5.0
2017-11-13,Lending Facility,5.0
2017-11-14,Lending Facility,5.0
2017-11-15,Lending Facility,5.0
2017-11-16,Lending Facility,5.0
2017-11-17,Lending Facility,5.0
2017-11-20,Lending Facility,5.0
2017-11-21,Lending Facility,5.0
2017-11-22,Lending Facility,5.0
2017-11-23,Lending Facility,5.0
2017-11-24,Lending Facility,5.0
2017-11-27,Lending Facility,5.0
2017-11-28,Lending Facility,5.0
2017-11-29,Lending Facility,5.0
2017-11-30,Lending Facility,5.0
2017-12-01,Lending Facility,5.0
2017-12-04,Lending Facility,5.0
2017-12-05,Lending Facility,5.0
2017-12-06,Lending Facility,5.0
2017-12-07,Lending Facility,5.0
2017-12-08,Lending Facility,5.0
2017-12-11,Lending Facility,5.0
2017-12-12,Lending Facility,5.0
2017-12-13,Lending Facility,5.0
2017-12-14,Lending Facility,5.0
2017-12-15,Lending Facility,5.0
2017-12-18,Lending Facility,5.0
2017-12-19,Lending Facility,5.0
2017-12-20,Lending Facility,5.0
2017-12-21,Lending Facility,5.0
2017-12-22,Lending Facility,5.0
2017-12-25,Lending Facility,5.0
2017-12-26,Lending Facility,5.0
2017-12-27,Lending Facility,5.0
2017-12-28,Lending Facility,5.0
2017-12-29,Lending Facility,5.0
2018-01-01,Lending Facility,5.0
2018-01-02,Lending Facility,5.0
2018-01-03,Lending Facility,5.0
2018-01-04,Lending Facility,5.0
2018-01-05,Lending Facility,5.0
2018-01-08,Lending Facility,5.0
2018-01-09,Lending Facility,5.0
2018-01-10,Lending Facility,5.0
2018-01-11,Lending Facility,5.0
2018-01-12,Lending Facility,5.0
2018-01-15,Lending Facility,5.0
2018-01-16,Lending Facility,5.0
2018-01-17,Lending Facility,5.0
2018-01-18,Lending Facility,5.0
2018-01-19,Lending Facility,5.0
2018-01-22,Lending Facility,5.0
2018-01-23,Lending Facility,5.0
2018-01-24,Lending Facility,5.0
2018-01-25,Lending Facility,5.0
2018-01-26,Lending Facility,5.0
2018-01-29,Lending Facility,5.0
2018-01-30,Lending Facility,5.0
2018-01-31,Lending Facility,5.0
2018-02-01,Lending Facility,5.0
2018-02-02,Lending Facility,5.0
2018-02-05,Lending Facility,5.0
2018-02-06,Lending Facility,5.0
2018-02-07,Lending Facility,5.0
2018-02-08,Lending Facility,5.0
2018-02-09,Lending Facility,5.0
2018-02-12,Lending Facility,5.0
2018-02-13,Lending Facility,5.0
2018-02-14,Lending Facility,5.0
2018-02-15,Lending Facility,5.0
2018-02-16,Lending Facility,5.0
2018-02-19,Lending Facility,5.0
2018-02-20,Lending Facility,5.0
2018-02-21,Lending Facility,5.0
2018-02-22,Lending Facility,5.0
2018-02-23,Lending Facility,5.0
2018-02-26,Lending Facility,5.0
2018-02-27,Lending Facility,5.0
2018-02-28,Lending Facility,5.0
2018-03-01,Lending Facility,5.0
2018-03-02,Lending Facility,5.0
2018-03-05,Lending Facility,5.0
2018-03-06,Lending Facility,5.0
2018-03-07,Lending Facility,5.0
2018-03-08,Lending Facility,5.0
2018-03-09,Lending Facility,5.0
2018-03-12,Lending Facility,5.0
2018-03-13,Lending Facility,5.0
2018-03-14,Lending Facility,5.0
2018-03-15,Lending Facility,5.0
2018-03-16,Lending Facility,5.0
2018-03-19,Lending Facility,5.0
2018-03-20,Lending Facility,5.0
2018-03-21,Lending Facility,5.0
2018-03-22,Lending Facility,5.0
2018-03-23,Lending Facility,5.0
2018-03-26,Lending Facility,5.0
2018-03-27,Lending Facility,5.0
2018-03-28,Lending Facility,5.0
2018-03-29,Lending Facility,5.0
2018-03-30,Lending Facility,5.0
2018-04-02,Lending Facility,5.0
2018-04-03,Lending Facility,5.0
2018-04-04,Lending Facility,5.0
2018-04-05,Lending Facility,5.0
2018-04-06,Lending Facility,5.0
2018-04-09,Lending Facility,5.0
2018-04-10,Lending Facility,5.0
2018-04-11,Lending Facility,5.0
2018-04-12,Lending Facility,5.0
2018-04-13,Lending Facility,5.0
2018-04-16,Lending Facility,5.0
2018-04-17,Lending Facility,5.0
2018-04-18,Lending Facility,5.0
2018-04-19,Lending Facility,5.0
2018-04-20,Lending Facility,5.0
2018-04-23,Lending Facility,5.0
2018-04-24,Lending Facility,5.0
2018-04-25,Lending Facility,5.0
2018-04-26,Lending Facility,5.0
2018-04-27,Lending Facility,5.0
2018-04-30,Lending Facility,5.0
2018-05-01,Lending Facility,5.0
2018-05-02,Lending Facility,5.0
2018-05-03,Lending Facility,5.0
2018-05-04,Lending Facility,5.0
2018-05-07,Lending Facility,5.0
2018-05-08,Lending Facility,5.0
2018-05-09,Lending Facility,5.0
2018-05-10,Lending Facility,5.0
2018-05-11,Lending Facility,5.0
2018-05-14,Lending Facility,5.0
2018-05-15,Lending Facility,5.0
2018-05-16,Lending Facility,5.0
2018-05-17,Lending Facility,5.25
2018-05-18,Lending Facility,5.25
2018-05-21,Lending Facility,5.25
2018-05-22,Lending Facility,5.25
2018-05-23,Lending Facility,5.25
2018-05-24,Lending Facility,5.25
2018-05-25,Lending Facility,5.25
2018-05-28,Lending Facility,5.25
2018-05-29,Lending Facility,5.25
2018-05-30,Lending Facility,5.5
2018-05-31,Lending Facility,5.5
2018-06-01,Lending Facility,5.5
2018-06-04,Lending Facility,5.5
2018-06-05,Lending Facility,5.5
2018-06-06,Lending Facility,5.5
2018-06-07,Lending Facility,5.5
2018-06-08,Lending Facility,5.5
2018-06-11,Lending Facility,5.5
2018-06-12,Lending Facility,5.5
2018-06-13,Lending Facility,5.5
2018-06-14,Lending Facility,5.5
2018-06-15,Lending Facility,5.5
2018-06-18,Lending Facility,5.5
2018-06-19,Lending Facility,5.5
2018-06-20,Lending Facility,5.5
2018-06-21,Lending Facility,5.5
2018-06-22,Lending Facility,5.5
2018-06-25,Lending Facility,5.5
2018-06-26,Lending Facility,5.5
2018-06-27,Lending Facility,5.5
2018-06-28,Lending Facility,5.5
2018-06-29,Lending Facility,6.0
2018-07-02,Lending Facility,6.0
2018-07-03,Lending Facility,6.0
2018-07-04,Lending Facility,6.0
2018-07-05,Lending Facility,6.0
2018-07-06,Lending Facility,6.0
2018-07-09,Lending Facility,6.0
2018-07-10,Lending Facility,6.0
2018-07-11,Lending Facility,6.0
2018-07-12,Lending Facility,6.0
2018-07-13,Lending Facility,6.0
2018-07-16,Lending Facility,6.0
2018-07-17,Lending Facility,6.0
2018-07-18,Lending Facility,6.0
2018-07-19,Lending Facility,6.0
2018-07-20,Lending Facility,6.0
2018-07-23,Lending Facility,6.0
2018-07-24,Lending Facility,6.0
2018-07-25,Lending Facility,6.0
2018-07-26,Lending Facility,6.0
2018-07-27,Lending Facility,6.0
2018-07-30,Lending Facility,6.0
2018-07-31,Lending Facility,6.0
2018-08-01,Lending Facility,6.0
2018-08-02,Lending Facility,6.0
2018-08-03,Lending Facility,6.0
2018-08-06,Lending Facility,6.0
2018-08-07,Lending Facility,6.0
2018-08-08,Lending Facility,6.0
2018-08-09,Lending Facility,6.0
2018-08-10,Lending Facility,6.0
2018-08-13,Lending Facility,6.0
2018-08-14,Lending Facility,6.0
2018-08-15,Lending Facility,6.25
2018-08-16,Lending Facility,6.25
2018-08-17,Lending Facility,6.25
2018-08-20,Lending Facility,6.25
2018-08-21,Lending Facility,6.25
2018-08-22,Lending Facility,6.25
2018-08-23,Lending Facility,6.25
2018-08-24,Lending Facility,6.25
2018-08-27,Lending Facility,6.25
2018-08-28,Lending Facility,6.25
2018-08-29,Lending Facility,6.25
2018-08-30,Lending Facility,6.25
2018-08-31,Lending Facility,6.25
2018-09-03,Lending Facility,6.25
2018-09-04,Lending Facility,6.25
2018-09-05,Lending Facility,6.25
2018-09-06,Lending Facility,6.25
2018-09-07,Lending Facility,6.25
2018-09-10,Lending Facility,6.25
2018-09-11,Lending Facility,6.25
2018-09-12,Lending Facility,6.25
2018-09-13,Lending Facility,6.25
2018-09-14,Lending Facility,6.25
2018-09-17,Lending Facility,6.25
2018-09-18,Lending Facility,6.25
2018-09-19,Lending Facility,6.25
2018-09-20,Lending Facility,6.25
2018-09-21,Lending Facility,6.25
2018-09-24,Lending Facility,6.25
2018-09-25,Lending Facility,6.25
2018-09-26,Lending Facility,6.25
2018-09-27,Lending Facility,6.5
2018-09-28,Lending Facility,6.5
2018-10-01,Lending Facility,6.5
2018-10-02,Lending Facility,6.5
2018-10-03,Lending Facility,6.5
2018-10-04,Lending Facility,6.5
2018-10-05,Lending Facility,6.5
2018-10-08,Lending Facility,6.5
2018-10-09,Lending Facility,6.5
2018-10-10,Lending Facility,6.5
2018-10-11,Lending Facility,6.5
2018-10-12,Lending Facility,6.5
2018-10-15,Lending Facility,6.5
2018-10-16,Lending Facility,6.5
2018-10-17,Lending Facility,6.5
2018-10-18,Lending Facility,6.5
2018-10-19,Lending Facility,6.5
2018-10-22,Lending Facility,6.5
2018-10-23,Lending Facility,6.5
2018-10-24,Lending Facility,6.5
2018-10-25,Lending Facility,6.5
2018-10-26,Lending Facility,6.5
2018-10-29,Lending Facility,6.5
2018-10-30,Lending Facility,6.5
2018-10-31,Lending Facility,6.5
2018-11-01,Lending Facility,6.5
2018-11-02,Lending Facility,6.5
2018-11-05,Lending Facility,6.5
2018-11-06,Lending Facility,6.5
2018-11-07,Lending Facility,6.5
2018-11-08,Lending Facility,6.5
2018-11-09,Lending Facility,6.5
2018-11-12,Lending Facility,6.5
2018-11-13,Lending Facility,6.5
2018-11-14,Lending Facility,6.5
2018-11-15,Lending Facility,6.75
2018-11-16,Lending Facility,6.75
2018-11-19,Lending Facility,6.75
2018-11-20,Lending Facility,6.75
2018-11-21,Lending Facility,6.75
2018-11-22,Lending Facility,6.75
2018-11-23,Lending Facility,6.75
2018-11-26,Lending Facility,6.75
2018-11-27,Lending Facility,6.75
2018-11-28,Lending Facility,6.75
2018-11-29,Lending Facility,6.75
2018-11-30,Lending Facility,6.75
2018-12-03,Lending Facility,6.75
2018-12-04,Lending Facility,6.75
2018-12-05,Lending Facility,6.75
2018-12-06,Lending Facility,6.75
2018-12-07,Lending Facility,6.75
2018-12-10,Lending Facility,6.75
2018-12-11,Lending Facility,6.75
2018-12-12,Lending Facility,6.75
2018-12-13,Lending Facility,6.75
2018-12-14,Lending Facility,6.75
2018-12-17,Lending Facility,6.75
2018-12-18,Lending Facility,6.75
2018-12-19,Lending Facility,6.75
2018-12-20,Lending Facility,6.75
2018-12-21,Lending Facility,6.75
2018-12-24,Lending Facility,6.75
2018-12-25,Lending Facility,6.75
2018-12-26,Lending Facility,6.75
2018-12-27,Lending Facility,6.75
2018-12-28,Lending Facility,6.75
2018-12-31,Lending Facility,6.75
2019-01-01,Lending Facility,6.75
2019-01-02,Lending Facility,6.75
2019-01-03,Lending Facility,6.75
2019-01-04,Lending Facility,6.75
2019-01-07,Lending Facility,6.75
2019-01-08,Lending Facility,6.75
2019-01-09,Lending Facility,6.75
2019-01-10,Lending Facility,6.75
2019-01-11,Lending Facility,6.75
2019-01-14,Lending Facility,6.75
2019-01-15,Lending Facility,6.75
2019-01-16,Lending Facility,6.75
2019-01-17,Lending Facility,6.75
2019-01-18,Lending Facility,6.75
2019-01-21,Lending Facility,6.75
2019-01-22,Lending Facility,6.75
2019-01-23,Lending Facility,6.75
2019-01-24,Lending Facility,6.75
2019-01-25,Lending Facility,6.75
2019-01-28,Lending Facility,6.75
2019-01-29,Lending Facility,6.75
2019-01-30,Lending Facility,6.75
2019-01-31,Lending Facility,6.75
2019-02-01,Lending Facility,6.75
2019-02-04,Lending Facility,6.75
2019-02-05,Lending Facility,6.75
2019-02-06,Lending Facility,6.75
2019-02-07,Lending Facility,6.75
2019-02-08,Lending Facility,6.75
2019-02-11,Lending Facility,6.75
2019-02-12,Lending Facility,6.75
2019-02-13,Lending Facility,6.75
2019-02-14,Lending Facility,6.75
2019-02-15,Lending Facility,6.75
2019-02-18,Lending Facility,6.75
2019-02-19,Lending Facility,6.75
2019-02-20,Lending Facility,6.75
2019-02-21,Lending Facility,6.75
2019-02-22,Lending Facility,6.75
2019-02-25,Lending Facility,6.75
2019-02-26,Lending Facility,6.75
2019-02-27,Lending Facility,6.75
2019-02-28,Lending Facility,6.75
2019-03-01,Lending Facility,6.75
2019-03-04,Lending Facility,6.75
2019-03-05,Lending Facility,6.75
2019-03-06,Lending Facility,6.75
2019-03-07,Lending Facility,6.75
2019-03-08,Lending Facility,6.75
2019-03-11,Lending Facility,6.75
2019-03-12,Lending Facility,6.75
2019-03-13,Lending Facility,6.75
2019-03-14,Lending Facility,6.75
2019-03-15,Lending Facility,6.75
2019-03-18,Lending Facility,6.75
2019-03-19,Lending Facility,6.75
2019-03-20,Lending Facility,6.75
2019-03-21,Lending Facility,6.75
2019-03-22,Lending Facility,6.75
2019-03-25,Lending Facility,6.75
2019-03-26,Lending Facility,6.75
2019-03-27,Lending Facility,6.75
2019-03-28,Lending Facility,6.75
2019-03-29,Lending Facility,6.75
2019-04-01,Lending Facility,6.75
2019-04-02,Lending Facility,6.75
2019-04-03,Lending Facility,6.75
2019-04-04,Lending Facility,6.75
2019-04-05,Lending Facility,6.75
2019-04-08,Lending Facility,6.75
2019-04-09,Lending Facility,6.75
2019-04-10,Lending Facility,6.75
2019-04-11,Lending Facility,6.75
2019-04-12,Lending Facility,6.75
2019-04-15,Lending Facility,6.75
2019-04-16,Lending Facility,6.75
2019-04-17,Lending Facility,6.75
2019-04-18,Lending Facility,6.75
2019-04-19,Lending Facility,6.75
2019-04-22,Lending Facility,6.75
2019-04-23,Lending Facility,6.75
2019-04-24,Lending Facility,6.75
2019-04-25,Lending Facility,6.75
2019-04-26,Lending Facility,6.75
2019-04-29,Lending Facility,6.75
2019-04-30,Lending Facility,6.75
2019-05-01,Lending Facility,6.75
2019-05-02,Lending Facility,6.75
2019-05-03,Lending Facility,6.75
2019-05-06,Lending Facility,6.75
2019-05-07,Lending Facility,6.75
2019-05-08,Lending Facility,6.75
2019-05-09,Lending Facility,6.75
2019-05-10,Lending Facility,6.75
2019-05-13,Lending Facility,6.75
2019-05-14,Lending Facility,6.75
2019-05-15,Lending Facility,6.75
2019-05-16,Lending Facility,6.75
2019-05-17,Lending Facility,6.75
2019-05-20,Lending Facility,6.75
2019-05-21,Lending Facility,6.75
2019-05-22,Lending Facility,6.75
2019-05-23,Lending Facility,6.75
2019-05-24,Lending Facility,6.75
2019-05-27,Lending Facility,6.75
2019-05-28,Lending Facility,6.75
2019-05-29,Lending Facility,6.75
2019-05-30,Lending Facility,6.75
2019-05-31,Lending Facility,6.75
2019-06-03,Lending Facility,6.75
2019-06-04,Lending Facility,6.75
2019-06-05,Lending Facility,6.75
2019-06-06,Lending Facility,6.75
2019-06-07,Lending Facility,6.75
2019-06-10,Lending Facility,6.75
2019-06-11,Lending Facility,6.75
2019-06-12,Lending Facility,6.75
2019-06-13,Lending Facility,6.75
2019-06-14,Lending Facility,6.75
2019-06-17,Lending Facility,6.75
2019-06-18,Lending Facility,6.75
2019-06-19,Lending Facility,6.75
2019-06-20,Lending Facility,6.75
2019-06-21,Lending Facility,6.75
2019-06-24,Lending Facility,6.75
2019-06-25,Lending Facility,6.75
2019-06-26,Lending Facility,6.75
2019-06-27,Lending Facility,6.75
2019-06-28,Lending Facility,6.75
2019-07-01,Lending Facility,6.75
2019-07-02,Lending Facility,6.75
2019-07-03,Lending Facility,6.75
2019-07-04,Lending Facility,6.75
2019-07-05,Lending Facility,6.75
2019-07-08,Lending Facility,6.75
2019-07-09,Lending Facility,6.75
2019-07-10,Lending Facility,6.75
2019-07-11,Lending Facility,6.75
2019-07-12,Lending Facility,6.75
2019-07-15,Lending Facility,6.75
2019-07-16,Lending Facility,6.75
2019-07-17,Lending Facility,6.75
2019-07-18,Lending Facility,6.5
2019-07-19,Lending Facility,6.5
2019-07-22,Lending Facility,6.5
2019-07-23,Lending Facility,6.5
2019-07-24,Lending Facility,6.5
2019-07-25,Lending Facility,6.5
2019-07-26,Lending Facility,6.5
2019-07-29,Lending Facility,6.5
2019-07-30,Lending Facility,6.5
2019-07-31,Lending Facility,6.5
2019-08-01,Lending Facility,6.5
2019-08-02,Lending Facility,6.5
2019-08-05,Lending Facility,6.5
2019-08-06,Lending Facility,6.5
2019-08-07,Lending Facility,6.5
2019-08-08,Lending Facility,6.5
2019-08-09,Lending Facility,6.5
2019-08-12,Lending Facility,6.5
2019-08-13,Lending Facility,6.5
2019-08-14,Lending Facility,6.5
2019-08-15,Lending Facility,6.5
2019-08-16,Lending Facility,6.5
2019-08-19,Lending Facility,6.5
2019-08-20,Lending Facility,6.5
2019-08-21,Lending Facility,6.5
2019-08-22,Lending Facility,6.25
2019-08-23,Lending Facility,6.25
2019-08-26,Lending Facility,6.25
2019-08-27,Lending Facility,6.25
2019-08-28,Lending Facility,6.25
2019-08-29,Lending Facility,6.25
2019-08-30,Lending Facility,6.25
2019-09-02,Lending Facility,6.25
2019-09-03,Lending Facility,6.25
2019-09-04,Lending Facility,6.25
2019-09-05,Lending Facility,6.25
2019-09-06,Lending Facility,6.25
2019-09-09,Lending Facility,6.25
2019-09-10,Lending Facility,6.25
2019-09-11,Lending Facility,6.25
2019-09-12,Lending Facility,6.25
2019-09-13,Lending Facility,6.25
2019-09-16,Lending Facility,6.25
2019-09-17,Lending Facility,6.25
2019-09-18,Lending Facility,6.25
2019-09-19,Lending Facility,6.0
2019-09-20,Lending Facility,6.0
2019-09-23,Lending Facility,6.0
2019-09-24,Lending Facility,6.0
2019-09-25,Lending Facility,6.0
2019-09-26,Lending Facility,6.0
2019-09-27,Lending Facility,6.0
2019-09-30,Lending Facility,6.0
2019-10-01,Lending Facility,6.0
2019-10-02,Lending Facility,6.0
2019-10-03,Lending Facility,6.0
2019-10-04,Lending Facility,6.0
2019-10-07,Lending Facility,6.0
2019-10-08,Lending Facility,6.0
2019-10-09,Lending Facility,6.0
2019-10-10,Lending Facility,6.0
2019-10-11,Lending Facility,6.0
2019-10-14,Lending Facility,6.0
2019-10-15,Lending Facility,6.0
2019-10-16,Lending Facility,6.0
2019-10-17,Lending Facility,6.0
2019-10-18,Lending Facility,6.0
2019-10-21,Lending Facility,6.0
2019-10-22,Lending Facility,6.0
2019-10-23,Lending Facility,6.0
2019-10-24,Lending Facility,5.75
2019-10-25,Lending Facility,5.75
2019-10-28,Lending Facility,5.75
2019-10-29,Lending Facility,5.75
2019-10-30,Lending Facility,5.75
2019-10-31,Lending Facility,5.75
2019-11-01,Lending Facility,5.75
2019-11-04,Lending Facility,5.75
2019-11-05,Lending Facility,5.75
2019-11-06,Lending Facility,5.75
2019-11-07,Lending Facility,5.75
2019-11-08,Lending Facility,5.75
2019-11-11,Lending Facility,5.75
2019-11-12,Lending Facility,5.75
2019-11-13,Lending Facility,5.75
2019-11-14,Lending Facility,5.75
2019-11-15,Lending Facility,5.75
2019-11-18,Lending Facility,5.75
2019-11-19,Lending Facility,5.75
2019-11-20,Lending Facility,5.75
2019-11-21,Lending Facility,5.75
2019-11-22,Lending Facility,5.75
2019-11-25,Lending Facility,5.75
2019-11-26,Lending Facility,5.75
2019-11-27,Lending Facility,5.75
2019-11-28,Lending Facility,5.75
2019-11-29,Lending Facility,5.75
2019-12-02,Lending Facility,5.75
2019-12-03,Lending Facility,5.75
2019-12-04,Lending Facility,5.75
2019-12-05,Lending Facility,5.75
2019-12-06,Lending Facility,5.75
2019-12-09,Lending Facility,5.75
2019-12-10,Lending Facility,5.75
2019-12-11,Lending Facility,5.75
2019-12-12,Lending Facility,5.75
2019-12-13,Lending Facility,5.75
2019-12-16,Lending Facility,5.75
2019-12-17,Lending Facility,5.75
2019-12-18,Lending Facility,5.75
2019-12-19,Lending Facility,5.75
2019-12-20,Lending Facility,5.75
2019-12-23,Lending Facility,5.75
2019-12-24,Lending Facility,5.75
2019-12-25,Lending Facility,5.75
2019-12-26,Lending Facility,5.75
2019-12-27,Lending Facility,5.75
2019-12-30,Lending Facility,5.75
2019-12-31,Lending Facility,5.75
2020-01-01,Lending Facility,5.75
2020-01-02,Lending Facility,5.75
2020-01-03,Lending Facility,5.75
2020-01-06,Lending Facility,5.75
2020-01-07,Lending Facility,5.75
2020-01-08,Lending Facility,5.75
2020-01-09,Lending Facility,5.75
2020-01-10,Lending Facility,5.75
2020-01-13,Lending Facility,5.75
2020-01-14,Lending Facility,5.75
2020-01-15,Lending Facility,5.75
2020-01-16,Lending Facility,5.75
2020-01-17,Lending Facility,5.75
2020-01-20,Lending Facility,5.75
2020-01-21,Lending Facility,5.75
2020-01-22,Lending Facility,5.75
2020-01-23,Lending Facility,5.75
2020-01-24,Lending Facility,5.75
2020-01-27,Lending Facility,5.75
2020-01-28,Lending Facility,5.75
2020-01-29,Lending Facility,5.75
2020-01-30,Lending Facility,5.75
2020-01-31,Lending Facility,5.75
2020-02-03,Lending Facility,5.75
2020-02-04,Lending Facility,5.75
2020-02-05,Lending Facility,5.75
2020-02-06,Lending Facility,5.75
2020-02-07,Lending Facility,5.75
2020-02-10,Lending Facility,5.75
2020-02-11,Lending Facility,5.75
2020-02-12,Lending Facility,5.75
2020-02-13,Lending Facility,5.75
2020-02-14,Lending Facility,5.75
2020-02-17,Lending Facility,5.75
2020-02-18,Lending Facility,5.75
2020-02-19,Lending Facility,5.75
2020-02-20,Lending Facility,5.5
2020-02-21,Lending Facility,5.5
2020-02-24,Lending Facility,5.5
2020-02-25,Lending Facility,5.5
2020-02-26,Lending Facility,5.5
2020-02-27,Lending Facility,5.5
2020-02-28,Lending Facility,5.5
2020-03-02,Lending Facility,5.5
2020-03-03,Lending Facility,5.5
2020-03-04,Lending Facility,5.5
2020-03-05,Lending Facility,5.5
2020-03-06,Lending Facility,5.5
2020-03-09,Lending Facility,5.5
2020-03-10,Lending Facility,5.5
2020-03-11,Lending Facility,5.5
2020-03-12,Lending Facility,5.5
2020-03-13,Lending Facility,5.5
2020-03-16,Lending Facility,5.5
2020-03-17,Lending Facility,5.5
2020-03-18,Lending Facility,5.5
2020-03-19,Lending Facility,5.25
2020-03-20,Lending Facility,5.25
2020-03-23,Lending Facility,5.25
2020-03-24,Lending Facility,5.25
2020-03-25,Lending Facility,5.25
2020-03-26,Lending Facility,5.25
2020-03-27,Lending Facility,5.25
2020-03-30,Lending Facility,5.25
2020-03-31,Lending Facility,5.25
2020-04-01,Lending Facility,5.25
2020-04-02,Lending Facility,5.25
2020-04-03,Lending Facility,5.25
2020-04-06,Lending Facility,5.25
2020-04-07,Lending Facility,5.25
2020-04-08,Lending Facility,5.25
2020-04-09,Lending Facility,5.25
2020-04-10,Lending Facility,5.25
2020-04-13,Lending Facility,5.25
2020-04-14,Lending Facility,5.25
2020-04-15,Lending Facility,5.25
2020-04-16,Lending Facility,5.25
2020-04-17,Lending Facility,5.25
2020-04-20,Lending Facility,5.25
2020-04-21,Lending Facility,5.25
2020-04-22,Lending Facility,5.25
2020-04-23,Lending Facility,5.25
2020-04-24,Lending Facility,5.25
2020-04-27,Lending Facility,5.25
2020-04-28,Lending Facility,5.25
2020-04-29,Lending Facility,5.25
2020-04-30,Lending Facility,5.25
2020-05-01,Lending Facility,5.25
2020-05-04,Lending Facility,5.25
2020-05-05,Lending Facility,5.25
2020-05-06,Lending Facility,5.25
2020-05-07,Lending Facility,5.25
2020-05-08,Lending Facility,5.25
2020-05-11,Lending Facility,5.25
2020-05-12,Lending Facility,5.25
2020-05-13,Lending Facility,5.25
2020-05-14,Lending Facility,5.25
2020-05-15,Lending Facility,5.25
2020-05-18,Lending Facility,5.25
2020-05-19,Lending Facility,5.25
2020-05-20,Lending Facility,5.25
2020-05-21,Lending Facility,5.25
2020-05-22,Lending Facility,5.25
2020-05-25,Lending Facility,5.25
2020-05-26,Lending Facility,5.25
2020-05-27,Lending Facility,5.25
2020-05-28,Lending Facility,5.25
2020-05-29,Lending Facility,5.25
2020-06-01,Lending Facility,5.25
2020-06-02,Lending Facility,5.25
2020-06-03,Lending Facility,5.25
2020-06-04,Lending Facility,5.25
2020-06-05,Lending Facility,5.25
2020-06-08,Lending Facility,5.25
2020-06-09,Lending Facility,5.25
2020-06-10,Lending Facility,5.25
2020-06-11,Lending Facility,5.25
2020-06-12,Lending Facility,5.25
2020-06-15,Lending Facility,5.25
2020-06-16,Lending Facility,5.25
2020-06-17,Lending Facility,5.25
2020-06-18,Lending Facility,5.0
2020-06-19,Lending Facility,5.0
2020-06-22,Lending Facility,5.0
2020-06-23,Lending Facility,5.0
2020-06-24,Lending Facility,5.0
2020-06-25,Lending Facility,5.0
2020-06-26,Lending Facility,5.0
2020-06-29,Lending Facility,5.0
2020-06-30,Lending Facility,5.0
2020-07-01,Lending Facility,5.0
2020-07-02,Lending Facility,5.0
2020-07-03,Lending Facility,5.0
2020-07-06,Lending Facility,5.0
2020-07-07,Lending Facility,5.0
2020-07-08,Lending Facility,5.0
2020-07-09,Lending Facility,5.0
2020-07-10,Lending Facility,5.0
2020-07-13,Lending Facility,5.0
2020-07-14,Lending Facility,5.0
2020-07-15,Lending Facility,5.0
2020-07-16,Lending Facility,4.75
2020-07-17,Lending Facility,4.75
2020-07-20,Lending Facility,4.75
2020-07-21,Lending Facility,4.75
2020-07-22,Lending Facility,4.75
2020-07-23,Lending Facility,4.75
2020-07-24,Lending Facility,4.75
2020-07-27,Lending Facility,4.75
2020-07-28,Lending Facility,4.75
2020-07-29,Lending Facility,4.75
2020-07-30,Lending Facility,4.75
2020-07-31,Lending Facility,4.75
2020-08-03,Lending Facility,4.75
2020-08-04,Lending Facility,4.75
2020-08-05,Lending Facility,4.75
2020-08-06,Lending Facility,4.75
2020-08-07,Lending Facility,4.75
2020-08-10,Lending Facility,4.75
2020-08-11,Lending Facility,4.75
2020-08-12,Lending Facility,4.75
2020-08-13,Lending Facility,4.75
2020-08-14,Lending Facility,4.75
2020-08-17,Lending Facility,4.75
2020-08-18,Lending Facility,4.75
2020-08-19,Lending Facility,4.75
2020-08-20,Lending Facility,4.75
2020-08-21,Lending Facility,4.75
2020-08-24,Lending Facility,4.75
2020-08-25,Lending Facility,4.75
2020-08-26,Lending Facility,4.75
2020-08-27,Lending Facility,4.75
2020-08-28,Lending Facility,4.75
2020-08-31,Lending Facility,4.75
2020-09-01,Lending Facility,4.75
2020-09-02,Lending Facility,4.75
2020-09-03,Lending Facility,4.75
2020-09-04,Lending Facility,4.75
2020-09-07,Lending Facility,4.75
2020-09-08,Lending Facility,4.75
2020-09-09,Lending Facility,4.75
2020-09-10,Lending Facility,4.75
2020-09-11,Lending Facility,4.75
2020-09-14,Lending Facility,4.75
2020-09-15,Lending Facility,4.75
2020-09-16,Lending Facility,4.75
2020-09-17,Lending Facility,4.75
2020-09-18,Lending Facility,4.75
2020-09-21,Lending Facility,4.75
2020-09-22,Lending Facility,4.75
2020-09-23,Lending Facility,4.75
2020-09-24,Lending Facility,4.75
2020-09-25,Lending Facility,4.75
2020-09-28,Lending Facility,4.75
2020-09-29,Lending Facility,4.75
2020-09-30,Lending Facility,4.75
2020-10-01,Lending Facility,4.75
2020-10-02,Lending Facility,4.75
2020-10-05,Lending Facility,4.75
2020-10-06,Lending Facility,4.75
2020-10-07,Lending Facility,4.75
2020-10-08,Lending Facility,4.75
2020-10-09,Lending Facility,4.75
2020-10-12,Lending Facility,4.75
2020-10-13,Lending Facility,4.75
2020-10-14,Lending Facility,4.75
2020-10-15,Lending Facility,4.75
2020-10-16,Lending Facility,4.75
2020-10-19,Lending Facility,4.75
2020-10-20,Lending Facility,4.75
2020-10-21,Lending Facility,4.75
2020-10-22,Lending Facility,4.75
2020-10-23,Lending Facility,4.75
2020-10-26,Lending Facility,4.75
2020-10-27,Lending Facility,4.75
2020-10-28,Lending Facility,4.75
2020-10-29,Lending Facility,4.75
2020-10-30,Lending Facility,4.75
2020-11-02,Lending Facility,4.75
2020-11-03,Lending Facility,4.75
2020-11-04,Lending Facility,4.75
2020-11-05,Lending Facility,4.75
2020-11-06,Lending Facility,4.75
2020-11-09,Lending Facility,4.75
2020-11-10,Lending Facility,4.75
2020-11-11,Lending Facility,4.75
2020-11-12,Lending Facility,4.75
2020-11-13,Lending Facility,4.75
2020-11-16,Lending Facility,4.75
2020-11-17,Lending Facility,4.75
2020-11-18,Lending Facility,4.75
2020-11-19,Lending Facility,4.5
2020-11-20,Lending Facility,4.5
2020-11-23,Lending Facility,4.5
2020-11-24,Lending Facility,4.5
2020-11-25,Lending Facility,4.5
2020-11-26,Lending Facility,4.5
2020-11-27,Lending Facility,4.5
2020-11-30,Lending Facility,4.5
2020-12-01,Lending Facility,4.5
2020-12-02,Lending Facility,4.5
2020-12-03,Lending Facility,4.5
2020-12-04,Lending Facility,4.5
2020-12-07,Lending Facility,4.5
2020-12-08,Lending Facility,4.5
2020-12-09,Lending Facility,4.5
2020-12-10,Lending Facility,4.5
2020-12-11,Lending Facility,4.5
2020-12-14,Lending Facility,4.5
2020-12-15,Lending Facility,4.5
2020-12-16,Lending Facility,4.5
2020-12-17,Lending Facility,4.5
2020-12-18,Lending Facility,4.5
2020-12-21,Lending Facility,4.5
2020-12-22,Lending Facility,4.5
2020-12-23,Lending Facility,4.5
2020-12-24,Lending Facility,4.5
2020-12-25,Lending Facility,4.5
2020-12-28,Lending Facility,4.5
2020-12-29,Lending Facility,4.5
2020-12-30,Lending Facility,4.5
2020-12-31,Lending Facility,4.5
2021-01-01,Lending Facility,4.5
2021-01-04,Lending Facility,4.5
2021-01-05,Lending Facility,4.5
2021-01-06,Lending Facility,4.5
2021-01-07,Lending Facility,4.5
2021-01-08,Lending Facility,4.5
2021-01-11,Lending Facility,4.5
2021-01-12,Lending Facility,4.5
2021-01-13,Lending Facility,4.5
2021-01-14,Lending Facility,4.5
2021-01-15,Lending Facility,4.5
2021-01-18,Lending Facility,4.5
2021-01-19,Lending Facility,4.5
2021-01-20,Lending Facility,4.5
2021-01-21,Lending Facility,4.5
2021-01-22,Lending Facility,4.5
2021-01-25,Lending Facility,4.5
2021-01-26,Lending Facility,4.5
2021-01-27,Lending Facility,4.5
2021-01-28,Lending Facility,4.5
2021-01-29,Lending Facility,4.5
2021-02-01,Lending Facility,4.5
2021-02-02,Lending Facility,4.5
2021-02-03,Lending Facility,4.5
2021-02-04,Lending Facility,4.5
2021-02-05,Lending Facility,4.5
2021-02-08,Lending Facility,4.5
2021-02-09,Lending Facility,4.5
2021-02-10,Lending Facility,4.5
2021-02-11,Lending Facility,4.5
2021-02-12,Lending Facility,4.5
2021-02-15,Lending Facility,4.5
2021-02-16,Lending Facility,4.5
2021-02-17,Lending Facility,4.5
2021-02-18,Lending Facility,4.25
2021-02-19,Lending Facility,4.25
2021-02-22,Lending Facility,4.25
2021-02-23,Lending Facility,4.25
2021-02-24,Lending Facility,4.25
2021-02-25,Lending Facility,4.25
2021-02-26,Lending Facility,4.25
2021-03-01,Lending Facility,4.25
2021-03-02,Lending Facility,4.25
2021-03-03,Lending Facility,4.25
2021-03-04,Lending Facility,4.25
2021-03-05,Lending Facility,4.25
2021-03-08,Lending Facility,4.25
2021-03-09,Lending Facility,4.25
2021-03-10,Lending Facility,4.25
2021-03-11,Lending Facility,4.25
2021-03-12,Lending Facility,4.25
2021-03-15,Lending Facility,4.25
2021-03-16,Lending Facility,4.25
2021-03-17,Lending Facility,4.25
2021-03-18,Lending Facility,4.25
2021-03-19,Lending Facility,4.25
2021-03-22,Lending Facility,4.25
2021-03-23,Lending Facility,4.25
2021-03-24,Lending Facility,4.25
2021-03-25,Lending Facility,4.25
2021-03-26,Lending Facility,4.25
2021-03-29,Lending Facility,4.25
2021-03-30,Lending Facility,4.25
2021-03-31,Lending Facility,4.25
2021-04-01,Lending Facility,4.25
2021-04-02,Lending Facility,4.25
2021-04-05,Lending Facility,4.25
2021-04-06,Lending Facility,4.25
2021-04-07,Lending Facility,4.25
2021-04-08,Lending Facility,4.25
2021-04-09,Lending Facility,4.25
2021-04-12,Lending Facility,4.25
2021-04-13,Lending Facility,4.25
2021-04-14,Lending Facility,4.25
2021-04-15,Lending Facility,4.25
2021-04-16,Lending Facility,4.25
2021-04-19,Lending Facility,4.25
2021-04-20,Lending Facility,4.25
2021-04-21,Lending Facility,4.25
2021-04-22,Lending Facility,4.25
2021-04-23,Lending Facility,4.25
2021-04-26,Lending Facility,4.25
2021-04-27,Lending Facility,4.25
2021-04-28,Lending Facility,4.25
2021-04-29,Lending Facility,4.25
2021-04-30,Lending Facility,4.25
2021-05-03,Lending Facility,4.25
2021-05-04,Lending Facility,4.25
2021-05-05,Lending Facility,4.25
2021-05-06,Lending Facility,4.25
2021-05-07,Lending Facility,4.25
2021-05-10,Lending Facility,4.25
2021-05-11,Lending Facility,4.25
2021-05-12,Lending Facility,4.25
2021-05-13,Lending Facility,4.25
2021-05-14,Lending Facility,4.25
2021-05-17,Lending Facility,4.25
2021-05-18,Lending Facility,4.25
2021-05-19,Lending Facility,4.25
2021-05-20,Lending Facility,4.25
2021-05-21,Lending Facility,4.25
2021-05-24,Lending Facility,4.25
2021-05-25,Lending Facility,4.25
2021-05-26,Lending Facility,4.25
2021-05-27,Lending Facility,4.25
2021-05-28,Lending Facility,4.25
2021-05-31,Lending Facility,4.25
2021-06-01,Lending Facility,4.25
2021-06-02,Lending Facility,4.25
2021-06-03,Lending Facility,4.25
2021-06-04,Lending Facility,4.25
2021-06-07,Lending Facility,4.25
2021-06-08,Lending Facility,4.25
2021-06-09,Lending Facility,4.25
2021-06-10,Lending Facility,4.25
2021-06-11,Lending Facility,4.25
2021-06-14,Lending Facility,4.25
2021-06-15,Lending Facility,4.25
2021-06-16,Lending Facility,4.25
2021-06-17,Lending Facility,4.25
2021-06-18,Lending Facility,4.25
2021-06-21,Lending Facility,4.25
2021-06-22,Lending Facility,4.25
2021-06-23,Lending Facility,4.25
2021-06-24,Lending Facility,4.25
2021-06-25,Lending Facility,4.25
2021-06-28,Lending Facility,4.25
2021-06-29,Lending Facility,4.25
2021-06-30,Lending Facility,4.25
2021-07-01,Lending Facility,4.25
2021-07-02,Lending Facility,4.25
2021-07-05,Lending Facility,4.25
2021-07-06,Lending Facility,4.25
2021-07-07,Lending Facility,4.25
2021-07-08,Lending Facility,4.25
2021-07-09,Lending Facility,4.25
2021-07-12,Lending Facility,4.25
2021-07-13,Lending Facility,4.25
2021-07-14,Lending Facility,4.25
2021-07-15,Lending Facility,4.25
2021-07-16,Lending Facility,4.25
2021-07-19,Lending Facility,4.25
2021-07-20,Lending Facility,4.25
2021-07-21,Lending Facility,4.25
2021-07-22,Lending Facility,4.25
2021-07-23,Lending Facility,4.25
2021-07-26,Lending Facility,4.25
2021-07-27,Lending Facility,4.25
2021-07-28,Lending Facility,4.25
2021-07-29,Lending Facility,4.25
2021-07-30,Lending Facility,4.25
2021-08-02,Lending Facility,4.25
2021-08-03,Lending Facility,4.25
2021-08-04,Lending Facility,4.25
2021-08-05,Lending Facility,4.25
2021-08-06,Lending Facility,4.25
2021-08-09,Lending Facility,4.25
2021-08-10,Lending Facility,4.25
2021-08-11,Lending Facility,4.25
2021-08-12,Lending Facility,4.25
2021-08-13,Lending Facility,4.25
2021-08-16,Lending Facility,4.25
2021-08-17,Lending Facility,4.25
2021-08-18,Lending Facility,4.25
2021-08-19,Lending Facility,4.25
2021-08-20,Lending Facility,4.25
2021-08-23,Lending Facility,4.25
2021-08-24,Lending Facility,4.25
2021-08-25,Lending Facility,4.25
2021-08-26,Lending Facility,4.25
2021-08-27,Lending Facility,4.25
2021-08-30,Lending Facility,4.25
2021-08-31,Lending Facility,4.25
2021-09-01,Lending Facility,4.25
2021-09-02,Lending Facility,4.25
2021-09-03,Lending Facility,4.25
2021-09-06,Lending Facility,4.25
2021-09-07,Lending Facility,4.25
2021-09-08,Lending Facility,4.25
2021-09-09,Lending Facility,4.25
2021-09-10,Lending Facility,4.25
2021-09-13,Lending Facility,4.25
2021-09-14,Lending Facility,4.25
2021-09-15,Lending Facility,4.25
2021-09-16,Lending Facility,4.25
2021-09-17,Lending Facility,4.25
2021-09-20,Lending Facility,4.25
2021-09-21,Lending Facility,4.25
2021-09-22,Lending Facility,4.25
2021-09-23,Lending Facility,4.25
2021-09-24,Lending Facility,4.25
2021-09-27,Lending Facility,4.25
2021-09-28,Lending Facility,4.25
2021-09-29,Lending Facility,4.25
2021-09-30,Lending Facility,4.25
2021-10-01,Lending Facility,4.25
2021-10-04,Lending Facility,4.25
2021-10-05,Lending Facility,4.25
2021-10-06,Lending Facility,4.25
2021-10-07,Lending Facility,4.25
2021-10-08,Lending Facility,4.25
2021-10-11,Lending Facility,4.25
2021-10-12,Lending Facility,4.25
2021-10-13,Lending Facility,4.25
2021-10-14,Lending Facility,4.25
2021-10-15,Lending Facility,4.25
2021-10-18,Lending Facility,4.25
2021-10-19,Lending Facility,4.25
2021-10-20,Lending Facility,4.25
2021-10-21,Lending Facility,4.25
2021-10-22,Lending Facility,4.25
2021-10-25,Lending Facility,4.25
2021-10-26,Lending Facility,4.25
2021-10-27,Lending Facility,4.25
2021-10-28,Lending Facility,4.25
2021-10-29,Lending Facility,4.25
2021-11-01,Lending Facility,4.25
2021-11-02,Lending Facility,4.25
2021-11-03,Lending Facility,4.25
2021-11-04,Lending Facility,4.25
2021-11-05,Lending Facility,4.25
2021-11-08,Lending Facility,4.25
2021-11-09,Lending Facility,4.25
2021-11-10,Lending Facility,4.25
2021-11-11,Lending Facility,4.25
2021-11-12,Lending Facility,4.25
2021-11-15,Lending Facility,4.25
2021-11-16,Lending Facility,4.25
2021-11-17,Lending Facility,4.25
2021-11-18,Lending Facility,4.25
2021-11-19,Lending Facility,4.25
2021-11-22,Lending Facility,4.25
2021-11-23,Lending Facility,4.25
2021-11-24,Lending Facility,4.25
2021-11-25,Lending Facility,4.25
2021-11-26,Lending Facility,4.25
2021-11-29,Lending Facility,4.25
2021-11-30,Lending Facility,4.25
2021-12-01,Lending Facility,4.25
2021-12-02,Lending Facility,4.25
2021-12-03,Lending Facility,4.25
2021-12-06,Lending Facility,4.25
2021-12-07,Lending Facility,4.25
2021-12-08,Lending Facility,4.25
2021-12-09,Lending Facility,4.25
2021-12-10,Lending Facility,4.25
2021-12-13,Lending Facility,4.25
2021-12-14,Lending Facility,4.25
2021-12-15,Lending Facility,4.25
2021-12-16,Lending Facility,4.25
2021-12-17,Lending Facility,4.25
2021-12-20,Lending Facility,4.25
2021-12-21,Lending Facility,4.25
2021-12-22,Lending Facility,4.25
2021-12-23,Lending Facility,4.25
2021-12-24,Lending Facility,4.25
2021-12-27,Lending Facility,4.25
2021-12-28,Lending Facility,4.25
2021-12-29,Lending Facility,4.25
2021-12-30,Lending Facility,4.25
2021-12-31,Lending Facility,4.25
2022-01-03,Lending Facility,4.25
2022-01-04,Lending Facility,4.25
2022-01-05,Lending Facility,4.25
2022-01-06,Lending Facility,4.25
2022-01-07,Lending Facility,4.25
2022-01-10,Lending Facility,4.25
2022-01-11,Lending Facility,4.25
2022-01-12,Lending Facility,4.25
2022-01-13,Lending Facility,4.25
2022-01-14,Lending Facility,4.25
2022-01-17,Lending Facility,4.25
2022-01-18,Lending Facility,4.25
2022-01-19,Lending Facility,4.25
2022-01-20,Lending Facility,4.25
2022-01-21,Lending Facility,4.25
2022-01-24,Lending Facility,4.25
2022-01-25,Lending Facility,4.25
2022-01-26,Lending Facility,4.25
2022-01-27,Lending Facility,4.25
2022-01-28,Lending Facility,4.25
2022-01-31,Lending Facility,4.25
2022-02-01,Lending Facility,4.25
2022-02-02,Lending Facility,4.25
2022-02-03,Lending Facility,4.25
2022-02-04,Lending Facility,4.25
2022-02-07,Lending Facility,4.25
2022-02-08,Lending Facility,4.25
2022-02-09,Lending Facility,4.25
2022-02-10,Lending Facility,4.25
2022-02-11,Lending Facility,4.25
2022-02-14,Lending Facility,4.25
2022-02-15,Lending Facility,4.25
2022-02-16,Lending Facility,4.25
2022-02-17,Lending Facility,4.25
2022-02-18,Lending Facility,4.25
2022-02-21,Lending Facility,4.25
2022-02-22,Lending Facility,4.25
2022-02-23,Lending Facility,4.25
2022-02-24,Lending Facility,4.25
2022-02-25,Lending Facility,4.25
2022-02-28,Lending Facility,4.25
2022-03-01,Lending Facility,4.25
2022-03-02,Lending Facility,4.25
2022-03-03,Lending Facility,4.25
2022-03-04,Lending Facility,4.25
2022-03-07,Lending Facility,4.25
2022-03-08,Lending Facility,4.25
2022-03-09,Lending Facility,4.25
2022-03-10,Lending Facility,4.25
2022-03-11,Lending Facility,4.25
2022-03-14,Lending Facility,4.25
2022-03-15,Lending Facility,4.25
2022-03-16,Lending Facility,4.25
2022-03-17,Lending Facility,4.25
2022-03-18,Lending Facility,4.25
2022-03-21,Lending Facility,4.25
2022-03-22,Lending Facility,4.25
2022-03-23,Lending Facility,4.25
2022-03-24,Lending Facility,4.25
2022-03-25,Lending Facility,4.25
2022-03-28,Lending Facility,4.25
2022-03-29,Lending Facility,4.25
2022-03-30,Lending Facility,4.25
2022-03-31,Lending Facility,4.25
2022-04-01,Lending Facility,4.25
2022-04-04,Lending Facility,4.25
2022-04-05,Lending Facility,4.25
2022-04-06,Lending Facility,4.25
2022-04-07,Lending Facility,4.25
2022-04-08,Lending Facility,4.25
2022-04-11,Lending Facility,4.25
2022-04-12,Lending Facility,4.25
2022-04-13,Lending Facility,4.25
2022-04-14,Lending Facility,4.25
2022-04-15,Lending Facility,4.25
2022-04-18,Lending Facility,4.25
2022-04-19,Lending Facility,4.25
2022-04-20,Lending Facility,4.25
2022-04-21,Lending Facility,4.25
2022-04-22,Lending Facility,4.25
2022-04-25,Lending Facility,4.25
2022-04-26,Lending Facility,4.25
2022-04-27,Lending Facility,4.25
2022-04-28,Lending Facility,4.25
2022-04-29,Lending Facility,4.25
2022-05-02,Lending Facility,4.25
2022-05-03,Lending Facility,4.25
2022-05-04,Lending Facility,4.25
2022-05-05,Lending Facility,4.25
2022-05-06,Lending Facility,4.25
2022-05-09,Lending Facility,4.25
2022-05-10,Lending Facility,4.25
2022-05-11,Lending Facility,4.25
2022-05-12,Lending Facility,4.25
2022-05-13,Lending Facility,4.25
2022-05-16,Lending Facility,4.25
2022-05-17,Lending Facility,4.25
2022-05-18,Lending Facility,4.25
2022-05-19,Lending Facility,4.25
2022-05-20,Lending Facility,4.25
2022-05-23,Lending Facility,4.25
2022-05-24,Lending Facility,4.25
2022-05-25,Lending Facility,4.25
2022-05-26,Lending Facility,4.25
2022-05-27,Lending Facility,4.25
2022-05-30,Lending Facility,4.25
2022-05-31,Lending Facility,4.25
2022-06-01,Lending Facility,4.25
2022-06-02,Lending Facility,4.25
2022-06-03,Lending Facility,4.25
2022-06-06,Lending Facility,4.25
2022-06-07,Lending Facility,4.25
2022-06-08,Lending Facility,4.25
2022-06-09,Lending Facility,4.25
2022-06-10,Lending Facility,4.25
2022-06-13,Lending Facility,4.25
2022-06-14,Lending Facility,4.25
2022-06-15,Lending Facility,4.25
2022-06-16,Lending Facility,4.25
2022-06-17,Lending Facility,4.25
2022-06-20,Lending Facility,4.25
2022-06-21,Lending Facility,4.25
2022-06-22,Lending Facility,4.25
2022-06-23,Lending Facility,4.25
2022-06-24,Lending Facility,4.25
2022-06-27,Lending Facility,4.25
2022-06-28,Lending Facility,4.25
2022-06-29,Lending Facility,4.25
2022-06-30,Lending Facility,4.25
2022-07-01,Lending Facility,4.25
2022-07-04,Lending Facility,4.25
2022-07-05,Lending Facility,4.25
2022-07-06,Lending Facility,4.25
2022-07-07,Lending Facility,4.25
2022-07-08,Lending Facility,4.25
2022-07-11,Lending Facility,4.25
2022-07-12,Lending Facility,4.25
2022-07-13,Lending Facility,4.25
2022-07-14,Lending Facility,4.25
2022-07-15,Lending Facility,4.25
2022-07-18,Lending Facility,4.25
2022-07-19,Lending Facility,4.25
2022-07-20,Lending Facility,4.25
2022-07-21,Lending Facility,4.25
2022-07-22,Lending Facility,4.25
2022-07-25,Lending Facility,4.25
2022-07-26,Lending Facility,4.25
2022-07-27,Lending Facility,4.25
2022-07-28,Lending Facility,4.25
2022-07-29,Lending Facility,4.25
2022-08-01,Lending Facility,4.25
2022-08-02,Lending Facility,4.25
2022-08-03,Lending Facility,4.25
2022-08-04,Lending Facility,4.25
2022-08-05,Lending Facility,4.25
2022-08-08,Lending Facility,4.25
2022-08-09,Lending Facility,4.25
2022-08-10,Lending Facility,4.25
2022-08-11,Lending Facility,4.25
2022-08-12,Lending Facility,4.25
2022-08-15,Lending Facility,4.25
2022-08-16,Lending Facility,4.25
2022-08-17,Lending Facility,4.25
2022-08-18,Lending Facility,4.25
2022-08-19,Lending Facility,4.25
2022-08-22,Lending Facility,4.25
2022-08-23,Lending Facility,4.5
2022-08-24,Lending Facility,4.5
2022-08-25,Lending Facility,4.5
2022-08-26,Lending Facility,4.5
2022-08-29,Lending Facility,4.5
2022-08-30,Lending Facility,4.5
2022-08-31,Lending Facility,4.5
2022-09-01,Lending Facility,4.5
2022-09-02,Lending Facility,4.5
2022-09-05,Lending Facility,4.5
2022-09-06,Lending Facility,4.5
2022-09-07,Lending Facility,4.5
2022-09-08,Lending Facility,4.5
2022-09-09,Lending Facility,4.5
2022-09-12,Lending Facility,4.5
2022-09-13,Lending Facility,4.5
2022-09-14,Lending Facility,4.5
2022-09-15,Lending Facility,4.5
2022-09-16,Lending Facility,4.5
2022-09-19,Lending Facility,4.5
2022-09-20,Lending Facility,4.5
2022-09-21,Lending Facility,4.5
2022-09-22,Lending Facility,5.0
2022-09-23,Lending Facility,5.0
2022-09-26,Lending Facility,5.0
2022-09-27,Lending Facility,5.0
2022-09-28,Lending Facility,5.0
2022-09-29,Lending Facility,5.0
2022-09-30,Lending Facility,5.0
2022-10-03,Lending Facility,5.0
2022-10-04,Lending Facility,5.0
2022-10-05,Lending Facility,5.0
2022-10-06,Lending Facility,5.0
2022-10-07,Lending Facility,5.0
2022-10-10,Lending Facility,5.0
2022-10-11,Lending Facility,5.0
2022-10-12,Lending Facility,5.0
2022-10-13,Lending Facility,5.0
2022-10-14,Lending Facility,5.0
2022-10-17,Lending Facility,5.0
2022-10-18,Lending Facility,5.0
2022-10-19,Lending Facility,5.0
2022-10-20,Lending Facility,5.5
2022-10-21,Lending Facility,5.5
2022-10-24,Lending Facility,5.5
2022-10-25,Lending Facility,5.5
2022-10-26,Lending Facility,5.5
2022-10-27,Lending Facility,5.5
2022-10-28,Lending Facility,5.5
2022-10-31,Lending Facility,5.5
2022-11-01,Lending Facility,5.5
2022-11-02,Lending Facility,5.5
2022-11-03,Lending Facility,5.5
2022-11-04,Lending Facility,5.5
2022-11-07,Lending Facility,5.5
2022-11-08,Lending Facility,5.5
2022-11-09,Lending Facility,5.5
2022-11-10,Lending Facility,5.5
2022-11-11,Lending Facility,5.5
2022-11-14,Lending Facility,5.5
2022-11-15,Lending Facility,5.5
2022-11-16,Lending Facility,5.5
2022-11-17,Lending Facility,6.0
2022-11-18,Lending Facility,6.0
2022-11-21,Lending Facility,6.0
2022-11-22,Lending Facility,6.0
2022-11-23,Lending Facility,6.0
2022-11-24,Lending Facility,6.0
2022-11-25,Lending Facility,6.0
2022-11-28,Lending Facility,6.0
2022-11-29,Lending Facility,6.0
2022-11-30,Lending Facility,6.0
2022-12-01,Lending Facility,6.0
2022-12-02,Lending Facility,6.0
2022-12-05,Lending Facility,6.0
2022-12-06,Lending Facility,6.0
2022-12-07,Lending Facility,6.0
2022-12-08,Lending Facility,6.0
2022-12-09,Lending Facility,6.0
2022-12-12,Lending Facility,6.0
2022-12-13,Lending Facility,6.0
2022-12-14,Lending Facility,6.0
2022-12-15,Lending Facility,6.0
2022-12-16,Lending Facility,6.0
2022-12-19,Lending Facility,6.0
2022-12-20,Lending Facility,6.0
2022-12-21,Lending Facility,6.0
2022-12-22,Lending Facility,6.25
2022-12-23,Lending Facility,6.25
2022-12-26,Lending Facility,6.25
2022-12-27,Lending Facility,6.25
2022-12-28,Lending Facility,6.25
2022-12-29,Lending Facility,6.25
2022-12-30,Lending Facility,6.25
2023-01-02,Lending Facility,6.25
2023-01-03,Lending Facility,6.25
2023-01-04,Lending Facility,6.25
2023-01-05,Lending Facility,6.25
2023-01-06,Lending Facility,6.25
2023-01-09,Lending Facility,6.25
2023-01-10,Lending Facility,6.25
2023-01-11,Lending Facility,6.25
2023-01-12,Lending Facility,6.25
2023-01-13,Lending Facility,6.25
2023-01-16,Lending Facility,6.25
2023-01-17,Lending Facility,6.25
2023-01-18,Lending Facility,6.25
2023-01-19,Lending Facility,6.5
2023-01-20,Lending Facility,6.5
2023-01-23,Lending Facility,6.5
2023-01-24,Lending Facility,6.5
2023-01-25,Lending Facility,6.5
2023-01-26,Lending Facility,6.5
2023-01-27,Lending Facility,6.5
2023-01-30,Lending Facility,6.5
2023-01-31,Lending Facility,6.5
2023-02-01,Lending Facility,6.5
2023-02-02,Lending Facility,6.5
2023-02-03,Lending Facility,6.5
2023-02-06,Lending Facility,6.5
2023-02-07,Lending Facility,6.5
2023-02-08,Lending Facility,6.5
2023-02-09,Lending Facility,6.5
2023-02-10,Lending Facility,6.5
2023-02-13,Lending Facility,6.5
2023-02-14,Lending Facility,6.5
2023-02-15,Lending Facility,6.5
2023-02-16,Lending Facility,6.5
2023-02-17,Lending Facility,6.5
2023-02-20,Lending Facility,6.5
2023-02-21,Lending Facility,6.5
2023-02-22,Lending Facility,6.5
2023-02-23,Lending Facility,6.5
2023-02-24,Lending Facility,6.5
2023-02-27,Lending Facility,6.5
2023-02-28,Lending Facility,6.5
2023-03-01,Lending Facility,6.5
2023-03-02,Lending Facility,6.5
2023-03-03,Lending Facility,6.5
2023-03-06,Lending Facility,6.5
2023-03-07,Lending Facility,6.5
2023-03-08,Lending Facility,6.5
2023-03-09,Lending Facility,6.5
2023-03-10,Lending Facility,6.5
2023-03-13,Lending Facility,6.5
2023-03-14,Lending Facility,6.5
2023-03-15,Lending Facility,6.5
2023-03-16,Lending Facility,6.5
2023-03-17,Lending Facility,6.5
2023-03-20,Lending Facility,6.5
2023-03-21,Lending Facility,6.5
2023-03-22,Lending Facility,6.5
2023-03-23,Lending Facility,6.5
2023-03-24,Lending Facility,6.5
2023-03-27,Lending Facility,6.5
2023-03-28,Lending Facility,6.5
2023-03-29,Lending Facility,6.5
2023-03-30,Lending Facility,6.5
2023-03-31,Lending Facility,6.5
2023-04-03,Lending Facility,6.5
2023-04-04,Lending Facility,6.5
2023-04-05,Lending Facility,6.5
2023-04-06,Lending Facility,6.5
2023-04-07,Lending Facility,6.5
2023-04-10,Lending Facility,6.5
2023-04-11,Lending Facility,6.5
2023-04-12,Lending Facility,6.5
2023-04-13,Lending Facility,6.5
2023-04-14,Lending Facility,6.5
2023-04-17,Lending Facility,6.5
2023-04-18,Lending Facility,6.5
2023-04-19,Lending Facility,6.5
2023-04-20,Lending Facility,6.5
2023-04-21,Lending Facility,6.5
2023-04-24,Lending Facility,6.5
2023-04-25,Lending Facility,6.5
2023-04-26,Lending Facility,6.5
2023-04-27,Lending Facility,6.5
2023-04-28,Lending Facility,6.5
2023-05-01,Lending Facility,6.5
2023-05-02,Lending Facility,6.5
2023-05-03,Lending Facility,6.5
2023-05-04,Lending Facility,6.5
2023-05-05,Lending Facility,6.5
2023-05-08,Lending Facility,6.5
2023-05-09,Lending Facility,6.5
2023-05-10,Lending Facility,6.5
2023-05-11,Lending Facility,6.5
2023-05-12,Lending Facility,6.5
2023-05-15,Lending Facility,6.5
2023-05-16,Lending Facility,6.5
2023-05-17,Lending Facility,6.5
2023-05-18,Lending Facility,6.5
2023-05-19,Lending Facility,6.5
2023-05-22,Lending Facility,6.5
2023-05-23,Lending Facility,6.5
2023-05-24,Lending Facility,6.5
2023-05-25,Lending Facility,6.5
2023-05-26,Lending Facility,6.5
2023-05-29,Lending Facility,6.5
2023-05-30,Lending Facility,6.5
2023-05-31,Lending Facility,6.5
2023-06-01,Lending Facility,6.5
2023-06-02,Lending Facility,6.5
2023-06-05,Lending Facility,6.5
2023-06-06,Lending Facility,6.5
2023-06-07,Lending Facility,6.5
2023-06-08,Lending Facility,6.5
2023-06-09,Lending Facility,6.5
2023-06-12,Lending Facility,6.5
2023-06-13,Lending Facility,6.5
2023-06-14,Lending Facility,6.5
2023-06-15,Lending Facility,6.5
2023-06-16,Lending Facility,6.5
2023-06-19,Lending Facility,6.5
2023-06-20,Lending Facility,6.5
2023-06-21,Lending Facility,6.5
2023-06-22,Lending Facility,6.5
2023-06-23,Lending Facility,6.5
2023-06-26,Lending Facility,6.5
2023-06-27,Lending Facility,6.5
2023-06-28,Lending Facility,6.5
2023-06-29,Lending Facility,6.5
2023-06-30,Lending Facility,6.5
2023-07-03,Lending Facility,6.5
2023-07-04,Lending Facility,6.5
2023-07-05,Lending Facility,6.5
2023-07-06,Lending Facility,6.5
2023-07-07,Lending Facility,6.5
2023-07-10,Lending Facility,6.5
2023-07-11,Lending Facility,6.5
2023-07-12,Lending Facility,6.5
2023-07-13,Lending Facility,6.5
2023-07-14,Lending Facility,6.5
2023-07-17,Lending Facility,6.5
2023-07-18,Lending Facility,6.5
2023-07-19,Lending Facility,6.5
2023-07-20,Lending Facility,6.5
2023-07-21,Lending Facility,6.5
2023-07-24,Lending Facility,6.5
2023-07-25,Lending Facility,6.5
2023-07-26,Lending Facility,6.5
2023-07-27,Lending Facility,6.5
2023-07-28,Lending Facility,6.5
2023-07-31,Lending Facility,6.5
2023-08-01,Lending Facility,6.5
2023-08-02,Lending Facility,6.5
2023-08-03,Lending Facility,6.5
2023-08-04,Lending Facility,6.5
2023-08-07,Lending Facility,6.5
2023-08-08,Lending Facility,6.5
2023-08-09,Lending Facility,6.5
2023-08-10,Lending Facility,6.5
2023-08-11,Lending Facility,6.5
2023-08-14,Lending Facility,6.5
2023-08-15,Lending Facility,6.5
2023-08-16,Lending Facility,6.5
2023-08-17,Lending Facility,6.5
2023-08-18,Lending Facility,6.5
2023-08-21,Lending Facility,6.5
2023-08-22,Lending Facility,6.5
2023-08-23,Lending Facility,6.5
2023-08-24,Lending Facility,6.5
2023-08-25,Lending Facility,6.5
2023-08-28,Lending Facility,6.5
2023-08-29,Lending Facility,6.5
2023-08-30,Lending Facility,6.5
2023-08-31,Lending Facility,6.5
2023-09-01,Lending Facility,6.5
2023-09-04,Lending Facility,6.5
2023-09-05,Lending Facility,6.5
2023-09-06,Lending Facility,6.5
2023-09-07,Lending Facility,6.5
2023-09-08,Lending Facility,6.5
2023-09-11,Lending Facility,6.5
2023-09-12,Lending Facility,6.5
2023-09-13,Lending Facility,6.5
2023-09-14,Lending Facility,6.5
2023-09-15,Lending Facility,6.5
2023-09-18,Lending Facility,6.5
2023-09-19,Lending Facility,6.5
2023-09-20,Lending Facility,6.5
2023-09-21,Lending Facility,6.5
2023-09-22,Lending Facility,6.5
2023-09-25,Lending Facility,6.5
2023-09-26,Lending Facility,6.5
2023-09-27,Lending Facility,6.5
2023-09-28,Lending Facility,6.5
2023-09-29,Lending Facility,6.5
2023-10-02,Lending Facility,6.5
2023-10-03,Lending Facility,6.5
2023-10-04,Lending Facility,6.5
2023-10-05,Lending Facility,6.5
2023-10-06,Lending Facility,6.5
2023-10-09,Lending Facility,6.5
2023-10-10,Lending Facility,6.5
2023-10-11,Lending Facility,6.5
2023-10-12,Lending Facility,6.5
2023-10-13,Lending Facility,6.5
2023-10-16,Lending Facility,6.5
2023-10-17,Lending Facility,6.5
2023-10-18,Lending Facility,6.5
2023-10-19,Lending Facility,6.75
2023-10-20,Lending Facility,6.75
2023-10-23,Lending Facility,6.75
2023-10-24,Lending Facility,6.75
2023-10-25,Lending Facility,6.75
2023-10-26,Lending Facility,6.75
2023-10-27,Lending Facility,6.75
2023-10-30,Lending Facility,6.75
2023-10-31,Lending Facility,6.75
2023-11-01,Lending Facility,6.75
2023-11-02,Lending Facility,6.75
2023-11-03,Lending Facility,6.75
2023-11-06,Lending Facility,6.75
2023-11-07,Lending Facility,6.75
2023-11-08,Lending Facility,6.75
2023-11-09,Lending Facility,6.75
2023-11-10,Lending Facility,6.75
2023-11-13,Lending Facility,6.75
2023-11-14,Lending Facility,6.75
2023-11-15,Lending Facility,6.75
2023-11-16,Lending Facility,6.75
2023-11-17,Lending Facility,6.75
2023-11-20,Lending Facility,6.75
2023-11-21,Lending Facility,6.75
2023-11-22,Lending Facility,6.75
2023-11-23,Lending Facility,6.75
2023-11-24,Lending Facility,6.75
2023-11-27,Lending Facility,6.75
2023-11-28,Lending Facility,6.75
2023-11-29,Lending Facility,6.75
2023-11-30,Lending Facility,6.75
2023-12-01,Lending Facility,6.75
2023-12-04,Lending Facility,6.75
2023-12-05,Lending Facility,6.75
2023-12-06,Lending Facility,6.75
2023-12-07,Lending Facility,6.75
2023-12-08,Lending Facility,6.75
2023-12-11,Lending Facility,6.75
2023-12-12,Lending Facility,6.75
2023-12-13,Lending Facility,6.75
2023-12-14,Lending Facility,6.75
2023-12-15,Lending Facility,6.75
2023-12-18,Lending Facility,6.75
2023-12-19,Lending Facility,6.75
2023-12-20,Lending Facility,6.75
2023-12-21,Lending Facility,6.75
2023-12-22,Lending Facility,6.75
2023-12-25,Lending Facility,6.75
2023-12-26,Lending Facility,6.75
2023-12-27,Lending Facility,6.75
2023-12-28,Lending Facility,6.75
2023-12-29,Lending Facility,6.75
2024-01-01,Lending Facility,6.75
2024-01-02,Lending Facility,6.75
2024-01-03,Lending Facility,6.75
2024-01-04,Lending Facility,6.75
2024-01-05,Lending Facility,6.75
2024-01-08,Lending Facility,6.75
2024-01-09,Lending Facility,6.75
2024-01-10,Lending Facility,6.75
2024-01-11,Lending Facility,6.75
2024-01-12,Lending Facility,6.75
2024-01-15,Lending Facility,6.75
2024-01-16,Lending Facility,6.75
2024-01-17,Lending Facility,6.75
2024-01-18,Lending Facility,6.75
2024-01-19,Lending Facility,6.75
2024-01-22,Lending Facility,6.75
2024-01-23,Lending Facility,6.75
2024-01-24,Lending Facility,6.75
2024-01-25,Lending Facility,6.75
2024-01-26,Lending Facility,6.75
2024-01-29,Lending Facility,6.75
2024-01-30,Lending Facility,6.75
2024-01-31,Lending Facility,6.75
2024-02-01,Lending Facility,6.75
2024-02-02,Lending Facility,6.75
2024-02-05,Lending Facility,6.75
2024-02-06,Lending Facility,6.75
2024-02-07,Lending Facility,6.75
2024-02-08,Lending Facility,6.75
2024-02-09,Lending Facility,6.75
2024-02-12,Lending Facility,6.75
2024-02-13,Lending Facility,6.75
2024-02-14,Lending Facility,6.75
2024-02-15,Lending Facility,6.75
2024-02-16,Lending Facility,6.75
2024-02-19,Lending Facility,6.75
2024-02-20,Lending Facility,6.75
2024-02-21,Lending Facility,6.75
2024-02-22,Lending Facility,6.75
2024-02-23,Lending Facility,6.75
2024-02-26,Lending Facility,6.75
2024-02-27,Lending Facility,6.75
2024-02-28,Lending Facility,6.75
2024-02-29,Lending Facility,6.75
2024-03-01,Lending Facility,6.75
2024-03-04,Lending Facility,6.75
2024-03-05,Lending Facility,6.75
2024-03-06,Lending Facility,6.75
2024-03-07,Lending Facility,6.75
2024-03-08,Lending Facility,6.75
2024-03-11,Lending Facility,6.75
2024-03-12,Lending Facility,6.75
2024-03-13,Lending Facility,6.75
2024-03-14,Lending Facility,6.75
2024-03-15,Lending Facility,6.75
2024-03-18,Lending Facility,6.75
2024-03-19,Lending Facility,6.75
2024-03-20,Lending Facility,6.75
2024-03-21,Lending Facility,6.75
2024-03-22,Lending Facility,6.75
2024-03-25,Lending Facility,6.75
2024-03-26,Lending Facility,6.75
2024-03-27,Lending Facility,6.75
2024-03-28,Lending Facility,6.75
2024-03-29,Lending Facility,6.75
2024-04-01,Lending Facility,6.75
2024-04-02,Lending Facility,6.75
2024-04-03,Lending Facility,6.75
2024-04-04,Lending Facility,6.75
2024-04-05,Lending Facility,6.75
2024-04-08,Lending Facility,6.75
2024-04-09,Lending Facility,6.75
2024-04-10,Lending Facility,6.75
2024-04-11,Lending Facility,6.75
2024-04-12,Lending Facility,6.75
2024-04-15,Lending Facility,6.75
2024-04-16,Lending Facility,6.75
2024-04-17,Lending Facility,6.75
2024-04-18,Lending Facility,6.75
2024-04-19,Lending Facility,6.75
2024-04-22,Lending Facility,6.75
2024-04-23,Lending Facility,6.75
2024-04-24,Lending Facility,7.0
2024-04-25,Lending Facility,7.0
2024-04-26,Lending Facility,7.0
2024-04-29,Lending Facility,7.0
2024-04-30,Lending Facility,7.0
2024-05-01,Lending Facility,7.0
2024-05-02,Lending Facility,7.0
2024-05-03,Lending Facility,7.0
2024-05-06,Lending Facility,7.0
2024-05-07,Lending Facility,7.0
2024-05-08,Lending Facility,7.0
2024-05-09,Lending Facility,7.0
2024-05-10,Lending Facility,7.0
2024-05-13,Lending Facility,7.0
2024-05-14,Lending Facility,7.0
2024-05-15,Lending Facility,7.0
2024-05-16,Lending Facility,7.0
2024-05-17,Lending Facility,7.0
2024-05-20,Lending Facility,7.0
2024-05-21,Lending Facility,7.0
2024-05-22,Lending Facility,7.0
2024-05-23,Lending Facility,7.0
2024-05-24,Lending Facility,7.0
2024-05-27,Lending Facility,7.0
2024-05-28,Lending Facility,7.0
2024-05-29,Lending Facility,7.0
2024-05-30,Lending Facility,7.0
2024-05-31,Lending Facility,7.0
2024-06-03,Lending Facility,7.0
2024-06-04,Lending Facility,7.0
2024-06-05,Lending Facility,7.0
2024-06-06,Lending Facility,7.0
2024-06-07,Lending Facility,7.0
2024-06-10,Lending Facility,7.0
2024-06-11,Lending Facility,7.0
2024-06-12,Lending Facility,7.0
2024-06-13,Lending Facility,7.0
2024-06-14,Lending Facility,7.0
2024-06-17,Lending Facility,7.0
2024-06-18,Lending Facility,7.0
2024-06-19,Lending Facility,7.0
2024-06-20,Lending Facility,7.0
2024-06-21,Lending Facility,7.0
2024-06-24,Lending Facility,7.0
2024-06-25,Lending Facility,7.0
2024-06-26,Lending Facility,7.0
2024-06-27,Lending Facility,7.0
2024-06-28,Lending Facility,7.0
2024-07-01,Lending Facility,7.0
2024-07-02,Lending Facility,7.0
2024-07-03,Lending Facility,7.0
2024-07-04,Lending Facility,7.0
2024-07-05,Lending Facility,7.0
2024-07-08,Lending Facility,7.0
2024-07-09,Lending Facility,7.0
2024-07-10,Lending Facility,7.0
2024-07-11,Lending Facility,7.0
2024-07-12,Lending Facility,7.0
2024-07-15,Lending Facility,7.0
2024-07-16,Lending Facility,7.0
2024-07-17,Lending Facility,7.0
2024-07-18,Lending Facility,7.0
2024-07-19,Lending Facility,7.0
2024-07-22,Lending Facility,7.0
2024-07-23,Lending Facility,7.0
2024-07-24,Lending Facility,7.0
2024-07-25,Lending Facility,7.0
2024-07-26,Lending Facility,7.0
2024-07-29,Lending Facility,7.0
2024-07-30,Lending Facility,7.0
2024-07-31,Lending Facility,7.0
2024-08-01,Lending Facility,7.0
2024-08-02,Lending Facility,7.0
2024-08-05,Lending Facility,7.0
2024-08-06,Lending Facility,7.0
2024-08-07,Lending Facility,7.0
2024-08-08,Lending Facility,7.0
2024-08-09,Lending Facility,7.0
2024-08-12,Lending Facility,7.0
2024-08-13,Lending Facility,7.0
2024-08-14,Lending Facility,7.0
2024-08-15,Lending Facility,7.0
2024-08-16,Lending Facility,7.0
2024-08-19,Lending Facility,7.0
2024-08-20,Lending Facility,7.0
2024-08-21,Lending Facility,7.0
2024-08-22,Lending Facility,7.0
2024-08-23,Lending Facility,7.0
2024-08-26,Lending Facility,7.0
2024-08-27,Lending Facility,7.0
2024-08-28,Lending Facility,7.0
2024-08-29,Lending Facility,7.0
2024-08-30,Lending Facility,7.0
2024-09-02,Lending Facility,7.0
2024-09-03,Lending Facility,7.0
2024-09-04,Lending Facility,7.0
2024-09-05,Lending Facility,7.0
2024-09-06,Lending Facility,7.0
2024-09-09,Lending Facility,7.0
2024-09-10,Lending Facility,7.0
2024-09-11,Lending Facility,7.0
2024-09-12,Lending Facility,7.0
2024-09-13,Lending Facility,7.0
2024-09-16,Lending Facility,7.0
2024-09-17,Lending Facility,7.0
2024-09-18,Lending Facility,6.75
2024-09-19,Lending Facility,6.75
2024-09-20,Lending Facility,6.75
2024-09-23,Lending Facility,6.75
2024-09-24,Lending Facility,6.75
2024-09-25,Lending Facility,6.75
2024-09-26,Lending Facility,6.75
2024-09-27,Lending Facility,6.75
2024-09-30,Lending Facility,6.75
2024-10-01,Lending Facility,6.75
2024-10-02,Lending Facility,6.75
2024-10-03,Lending Facility,6.75
2024-10-04,Lending Facility,6.75
2024-10-07,Lending Facility,6.75
2024-10-08,Lending Facility,6.75
2024-10-09,Lending Facility,6.75
2024-10-10,Lending Facility,6.75
2024-10-11,Lending Facility,6.75
2024-10-14,Lending Facility,6.75
2024-10-15,Lending Facility,6.75
2024-10-16,Lending Facility,6.75
2024-10-17,Lending Facility,6.75
2024-10-18,Lending Facility,6.75
2024-10-21,Lending Facility,6.75
2024-10-22,Lending Facility,6.75
2024-10-23,Lending Facility,6.75
2024-10-24,Lending Facility,6.75
2024-10-25,Lending Facility,6.75
2024-10-28,Lending Facility,6.75
2024-10-29,Lending Facility,6.75
2024-10-30,Lending Facility,6.75
2024-10-31,Lending Facility,6.75
2024-11-01,Lending Facility,6.75
2024-11-04,Lending Facility,6.75
2024-11-05,Lending Facility,6.75
2024-11-06,Lending Facility,6.75
2024-11-07,Lending Facility,6.75
2024-11-08,Lending Facility,6.75
2024-11-11,Lending Facility,6.75
2024-11-12,Lending Facility,6.75
2024-11-13,Lending Facility,6.75
2024-11-14,Lending Facility,6.75
2024-11-15,Lending Facility,6.75
2024-11-18,Lending Facility,6.75
2024-11-19,Lending Facility,6.75
2024-11-20,Lending Facility,6.75
2024-11-21,Lending Facility,6.75
2024-11-22,Lending Facility,6.75
2024-11-25,Lending Facility,6.75
2024-11-26,Lending Facility,6.75
2024-11-27,Lending Facility,6.75
2024-11-28,Lending Facility,6.75
2024-11-29,Lending Facility,6.75
2024-12-02,Lending Facility,6.75
2024-12-03,Lending Facility,6.75
2024-12-04,Lending Facility,6.75
2024-12-05,Lending Facility,6.75
2024-12-06,Lending Facility,6.75
2024-12-09,Lending Facility,6.75
2024-12-10,Lending Facility,6.75
2024-12-11,Lending Facility,6.75
2024-12-12,Lending Facility,6.75
2024-12-13,Lending Facility,6.75
2024-12-16,Lending Facility,6.75
2024-12-17,Lending Facility,6.75
2024-12-18,Lending Facility,6.75
2024-12-19,Lending Facility,6.75
2024-12-20,Lending Facility,6.75
2024-12-23,Lending Facility,6.75
2024-12-24,Lending Facility,6.75
2024-12-25,Lending Facility,6.75
2024-12-26,Lending Facility,6.75
2024-12-27,Lending Facility,6.75
2024-12-30,Lending Facility,6.75
2024-12-31,Lending Facility,6.75
2025-01-01,Lending Facility,6.75
2025-01-02,Lending Facility,6.75
2025-01-03,Lending Facility,6.75
2025-01-06,Lending Facility,6.75
2025-01-07,Lending Facility,6.75
2025-01-08,Lending Facility,6.75
2025-01-09,Lending Facility,6.75
2025-01-10,Lending Facility,6.75
2025-01-13,Lending Facility,6.75
2025-01-14,Lending Facility,6.75
2025-01-15,Lending Facility,6.5
2025-01-16,Lending Facility,6.5
2025-01-17,Lending Facility,6.5
2025-01-20,Lending Facility,6.5
2025-01-21,Lending Facility,6.5
2025-01-22,Lending Facility,6.5
2025-01-23,Lending Facility,6.5
2025-01-24,Lending Facility,6.5
2025-01-27,Lending Facility,6.5
2025-01-28,Lending Facility,6.5
2025-01-29,Lending Facility,6.5
2025-01-30,Lending Facility,6.5
2025-01-31,Lending Facility,6.5
2025-02-03,Lending Facility,6.5
2025-02-04,Lending Facility,6.5
2025-02-05,Lending Facility,6.5
2025-02-06,Lending Facility,6.5
2025-02-07,Lending Facility,6.5
2025-02-10,Lending Facility,6.5
2025-02-11,Lending Facility,6.5
2025-02-12,Lending Facility,6.5
2025-02-13,Lending Facility,6.5
2025-02-14,Lending Facility,6.5
2025-02-17,Lending Facility,6.5
2025-02-18,Lending Facility,6.5
2025-02-19,Lending Facility,6.5
2025-02-20,Lending Facility,6.5
2025-02-21,Lending Facility,6.5
2025-02-24,Lending Facility,6.5
2025-02-25,Lending Facility,6.5
2025-02-26,Lending Facility,6.5
2025-02-27,Lending Facility,6.5
2025-02-28,Lending Facility,6.5
2025-03-03,Lending Facility,6.5
2025-03-04,Lending Facility,6.5
2025-03-05,Lending Facility,6.5
2025-03-06,Lending Facility,6.5
2025-03-07,Lending Facility,6.5
2025-03-10,Lending Facility,6.5
2025-03-11,Lending Facility,6.5
2025-03-12,Lending Facility,6.5
2025-03-13,Lending Facility,6.5
2025-03-14,Lending Facility,6.5
2025-03-17,Lending Facility,6.5
2025-03-18,Lending Facility,6.5
2025-03-19,Lending Facility,6.5
2025-03-20,Lending Facility,6.5
2025-03-21,Lending Facility,6.5
2025-03-24,Lending Facility,6.5
2025-03-25,Lending Facility,6.5
2025-03-26,Lending Facility,6.5
2025-03-27,Lending Facility,6.5
2025-03-28,Lending Facility,6.5
2025-03-31,Lending Facility,6.5
2025-04-01,Lending Facility,6.5
2025-04-02,Lending Facility,6.5
2025-04-03,Lending Facility,6.5
2025-04-04,Lending Facility,6.5
2025-04-07,Lending Facility,6.5
2025-04-08,Lending Facility,6.5
2025-04-09,Lending Facility,6.5
2025-04-10,Lending Facility,6.5
2025-04-11,Lending Facility,6.5
2025-04-14,Lending Facility,6.5
2025-04-15,Lending Facility,6.5
2025-04-16,Lending Facility,6.5
2025-04-17,Lending Facility,6.5
2025-04-18,Lending Facility,6.5
2025-04-21,Lending Facility,6.5
2025-04-22,Lending Facility,6.5
2025-04-23,Lending Facility,6.5
2025-04-24,Lending Facility,6.5
2025-04-25,Lending Facility,6.5
2025-04-28,Lending Facility,6.5
2025-04-29,Lending Facility,6.5
2025-04-30,Lending Facility,6.5
2025-05-01,Lending Facility,6.5
2025-05-02,Lending Facility,6.5
2025-05-05,Lending Facility,6.5
2025-05-06,Lending Facility,6.5
2025-05-07,Lending Facility,6.5
2025-05-08,Lending Facility,6.5
2025-05-09,Lending Facility,6.5
2025-05-12,Lending Facility,6.5
2025-05-13,Lending Facility,6.5
2025-05-14,Lending Facility,6.5
2025-05-15,Lending Facility,6.5
2025-05-16,Lending Facility,6.5
2025-05-19,Lending Facility,6.5
2025-05-20,Lending Facility,6.5
2025-05-21,Lending Facility,6.25
2025-05-22,Lending Facility,6.25
2025-05-23,Lending Facility,6.25
2025-05-26,Lending Facility,6.25
2025-05-27,Lending Facility,6.25
2025-05-28,Lending Facility,6.25
2025-05-29,Lending Facility,6.25
2025-05-30,Lending Facility,6.25
2025-06-02,Lending Facility,6.25
2025-06-03,Lending Facility,6.25
2025-06-04,Lending Facility,6.25
2025-06-05,Lending Facility,6.25
2025-06-06,Lending Facility,6.25
2025-06-09,Lending Facility,6.25
2025-06-10,Lending Facility,6.25
2025-06-11,Lending Facility,6.25
2025-06-12,Lending Facility,6.25
2025-06-13,Lending Facility,6.25
2025-06-16,Lending Facility,6.25
2025-06-17,Lending Facility,6.25
2025-06-18,Lending Facility,6.25
2025-06-19,Lending Facility,6.25
2025-06-20,Lending Facility,6.25
2025-06-23,Lending Facility,6.25
2025-06-24,Lending Facility,6.25
2025-06-25,Lending Facility,6.25
2025-06-26,Lending Facility,6.25
2025-06-27,Lending Facility,6.25
2025-06-30,Lending Facility,6.25
2025-07-01,Lending Facility,6.25
2025-07-02,Lending Facility,6.25
2025-07-03,Lending Facility,6.25
2025-07-04,Lending Facility,6.25
2025-07-07,Lending Facility,6.25
2025-07-08,Lending Facility,6.25
2025-07-09,Lending Facility,6.25
2025-07-10,Lending Facility,6.25
2025-07-11,Lending Facility,6.25
2025-07-14,Lending Facility,6.25
2025-07-15,Lending Facility,6.25
2025-07-16,Lending Facility,6.0
2025-07-17,Lending Facility,6.0
2025-07-18,Lending Facility,6.0
2025-07-21,Lending Facility,6.0
2025-07-22,Lending Facility,6.0
2025-07-23,Lending Facility,6.0
2025-07-24,Lending Facility,6.0
2025-07-25,Lending Facility,6.0
2025-07-28,Lending Facility,6.0
2025-07-29,Lending Facility,6.0
2025-07-30,Lending Facility,6.0
2025-07-31,Lending Facility,6.0
2025-08-01,Lending Facility,6.0
2025-08-04,Lending Facility,6.0
2025-08-05,Lending Facility,6.0
2025-08-06,Lending Facility,6.0
2025-08-07,Lending Facility,6.0
2025-08-08,Lending Facility,6.0
2025-08-11,Lending Facility,6.0
2025-08-12,Lending Facility,6.0
2025-08-13,Lending Facility,6.0
2025-08-14,Lending Facility,6.0
2025-08-15,Lending Facility,6.0
2025-08-18,Lending Facility,6.0
2025-08-19,Lending Facility,6.0
2025-08-20,Lending Facility,5.75
2025-08-21,Lending Facility,5.75
2025-08-22,Lending Facility,5.75
2025-08-25,Lending Facility,5.75
2025-08-26,Lending Facility,5.75
2025-08-27,Lending Facility,5.75
2025-08-28,Lending Facility,5.75
2025-08-29,Lending Facility,5.75
2025-09-01,Lending Facility,5.75
2025-09-02,Lending Facility,5.75
2025-09-03,Lending Facility,5.75
2025-09-04,Lending Facility,5.75
2025-09-05,Lending Facility,5.75
2025-09-08,Lending Facility,5.75
2025-09-09,Lending Facility,5.75
2025-09-10,Lending Facility,5.75
2025-09-11,Lending Facility,5.75
2025-09-12,Lending Facility,5.75
2025-09-15,Lending Facility,5.75
2025-09-16,Lending Facility,5.75
2025-09-17,Lending Facility,5.5
2025-09-18,Lending Facility,5.5
2025-09-19,Lending Facility,5.5
2025-09-22,Lending Facility,5.5
2025-09-23,Lending Facility,5.5
2025-09-24,Lending Facility,5.5
2025-09-25,Lending Facility,5.5
2025-09-26,Lending Facility,5.5
2025-09-29,Lending Facility,5.5
2025-09-30,Lending Facility,5.5
2025-10-01,Lending Facility,5.5
2025-10-02,Lending Facility,5.5
2025-10-03,Lending Facility,5.5
2025-10-06,Lending Facility,5.5
2025-10-07,Lending Facility,5.5
2025-10-08,Lending Facility,5.5
2025-10-09,Lending Facility,5.5
2025-10-10,Lending Facility,5.5
2025-10-13,Lending Facility,5.5
2025-10-14,Lending Facility,5.5
2025-10-15,Lending Facility,5.5
2025-10-16,Lending Facility,5.5
2025-10-17,Lending Facility,5.5
2025-10-20,Lending Facility,5.5
2025-10-21,Lending Facility,5.5
2025-10-22,Lending Facility,5.5
2025-10-23,Lending Facility,5.5
2025-10-24,Lending Facility,5.5
2025-10-27,Lending Facility,5.5
2025-10-28,Lending Facility,5.5
2025-10-29,Lending Facility,5.5
2025-10-30,Lending Facility,5.5
2025-10-31,Lending Facility,5.5
2025-11-03,Lending Facility,5.5
2025-11-04,Lending Facility,5.5
2025-11-05,Lending Facility,5.5
2025-11-06,Lending Facility,5.5
2025-11-07,Lending Facility,5.5
2025-11-10,Lending Facility,5.5
2025-11-11,Lending Facility,5.5
2025-11-12,Lending Facility,5.5
2025-11-13,Lending Facility,5.5
2025-11-14,Lending Facility,5.5
2025-11-17,Lending Facility,5.5
2025-11-18,Lending Facility,5.5
2025-11-19,Lending Facility,5.5
2025-11-20,Lending Facility,5.5
2025-11-21,Lending Facility,5.5
2025-11-24,Lending Facility,5.5
2025-11-25,Lending Facility,5.5
2025-11-26,Lending Facility,5.5
2025-11-27,Lending Facility,5.5
2025-11-28,Lending Facility,5.5
2025-12-01,Lending Facility,5.5
2025-12-02,Lending Facility,5.5
2025-12-03,Lending Facility,5.5
2025-12-04,Lending Facility,5.5
2025-12-05,Lending Facility,5.5
2025-12-08,Lending Facility,5.5
2025-12-09,Lending Facility,5.5
2025-12-10,Lending Facility,5.5
2025-12-11,Lending Facility,5.5
2025-12-12,Lending Facility,5.5
2025-12-15,Lending Facility,5.5
2025-12-16,Lending Facility,5.5
2025-12-17,Lending Facility,5.5
2025-12-18,Lending Facility,5.5
2025-12-19,Lending Facility,5.5
2025-12-22,Lending Facility,5.5
2025-12-23,Lending Facility,5.5
2025-12-24,Lending Facility,5.5
2025-12-25,Lending Facility,5.5
2025-12-26,Lending Facility,5.5
2025-12-29,Lending Facility,5.5
2025-12-30,Lending Facility,5.5
2025-12-31,Lending Facility,5.5
2026-01-01,Lending Facility,5.5
2026-01-02,Lending Facility,5.5
2026-01-05,Lending Facility,5.5
2026-01-06,Lending Facility,5.5
2026-01-07,Lending Facility,5.5
2026-01-08,Lending Facility,5.5
2026-01-09,Lending Facility,5.5
2026-01-12,Lending Facility,5.5
2026-01-13,Lending Facility,5.5
2026-01-14,Lending Facility,5.5
2026-01-15,Lending Facility,5.5
2026-01-16,Lending Facility,5.5
2026-01-19,Lending Facility,5.5
2026-01-20,Lending Facility,5.5
2026-01-21,Lending Facility,5.5
2026-01-22,Lending Facility,5.5
2026-01-23,Lending Facility,5.5
2026-01-26,Lending Facility,5.5
2026-01-27,Lending Facility,5.5
2026-01-28,Lending Facility,5.5
2026-01-29,Lending Facility,5.5
2026-01-30,Lending Facility,5.5
2026-02-02,Lending Facility,5.5
2026-02-03,Lending Facility,5.5
2026-02-04,Lending Facility,5.5
2026-02-05,Lending Facility,5.5
2026-02-06,Lending Facility,5.5
2026-02-09,Lending Facility,5.5
2026-02-10,Lending Facility,5.5
2026-02-11,Lending Facility,5.5
2026-02-12,Lending Facility,5.5
2026-02-13,Lending Facility,5.5
2026-02-16,Lending Facility,5.5
2026-02-17,Lending Facility,5.5
2026-02-18,Lending Facility,5.5
2026-02-19,Lending Facility,5.5
2026-02-20,Lending Facility,5.5
2026-02-23,Lending Facility,5.5
2026-02-24,Lending Facility,5.5
2026-02-25,Lending Facility,5.5
2026-02-26,Lending Facility,5.5
2026-02-27,Lending Facility,5.5
2026-03-02,Lending Facility,5.5
2026-03-03,Lending Facility,5.5
2026-03-04,Lending Facility,5.5
2026-03-05,Lending Facility,5.5
2026-03-06,Lending Facility,5.5
2026-03-09,Lending Facility,5.5
2026-03-10,Lending Facility,5.5
2026-03-11,Lending Facility,5.5
2026-03-12,Lending Facility,5.5
2026-03-13,Lending Facility,5.5
2026-03-16,Lending Facility,5.5
2026-03-17,Lending Facility,5.5
2026-03-18,Lending Facility,5.5
2026-03-19,Lending Facility,5.5
2026-03-20,Lending Facility,5.5
2026-03-23,Lending Facility,5.5
2026-03-24,Lending Facility,5.5
2026-03-25,Lending Facility,5.5
2026-03-26,Lending Facility,5.5
2026-03-27,Lending Facility,5.5
2026-03-30,Lending Facility,5.5
2026-03-31,Lending Facility,5.5
2026-04-01,Lending Facility,5.5
2026-04-02,Lending Facility,5.5
2026-04-03,Lending Facility,5.5
2026-04-06,Lending Facility,5.5
2026-04-07,Lending Facility,5.5
2026-04-08,Lending Facility,5.5
2026-04-09,Lending Facility,5.5
2026-04-10,Lending Facility,5.5
2026-04-13,Lending Facility,5.5
2026-04-14,Lending Facility,5.5
2026-04-15,Lending Facility,5.5
2026-04-16,Lending Facility,5.5
2026-04-17,Lending Facility,5.5
2026-04-20,Lending Facility,5.5
2026-04-21,Lending Facility,5.5
2026-04-22,Lending Facility,5.5
2026-04-23,Lending Facility,5.5
2026-04-24,Lending Facility,5.5
2026-04-27,Lending Facility,5.5
2026-04-28,Lending Facility,5.5
2026-04-29,Lending Facility,5.5
2026-04-30,Lending Facility,5.5
2026-05-01,Lending Facility,5.5
2026-05-04,Lending Facility,5.5
2026-05-05,Lending Facility,5.5
2026-05-06,Lending Facility,5.5
2026-05-07,Lending Facility,5.5
2026-05-08,Lending Facility,5.5
2026-05-11,Lending Facility,5.5
2026-05-12,Lending Facility,5.5
2026-05-13,Lending Facility,5.5
2026-05-14,Lending Facility,5.5
2026-05-15,Lending Facility,5.5
2026-05-18,Lending Facility,5.5
2026-05-19,Lending Facility,5.5
2026-05-20,Lending Facility,6.0
2026-05-21,Lending Facility,6.0
2026-05-22,Lending Facility,6.0
2026-05-25,Lending Facility,6.0
2026-05-26,Lending Facility,6.0
2026-05-27,Lending Facility,6.0
2026-05-28,Lending Facility,6.0
2026-05-29,Lending Facility,6.0
2026-06-01,Lending Facility,6.0
2026-06-02,Lending Facility,6.0
2026-06-03,Lending Facility,6.0
2026-06-04,Lending Facility,6.0
2026-06-05,Lending Facility,6.0
2026-06-08,Lending Facility,6.0
2026-06-09,Lending Facility,6.0
2026-06-10,Lending Facility,6.0
2026-06-11,Lending Facility,6.0
2026-06-12,Lending Facility,6.0
2026-06-15,Lending Facility,6.0
2026-06-16,Lending Facility,6.0
2026-06-17,Lending Facility,6.0
2026-06-18,Lending Facility,6.5
2026-06-19,Lending Facility,6.5
2026-06-22,Lending Facility,6.5
2026-06-23,Lending Facility,6.5
2026-06-24,Lending Facility,6.5
2026-06-25,Lending Facility,6.5
2026-06-26,Lending Facility,6.5
2026-06-29,Lending Facility,6.5
2026-06-30,Lending Facility,6.5
2026-07-01,Lending Facility,6.5
2026-07-02,Lending Facility,6.5
2026-07-03,Lending Facility,6.5
2026-07-06,Lending Facility,6.5
2026-07-07,Lending Facility,6.5
2026-07-08,Lending Facility,6.5
2026-07-09,Lending Facility,6.5
2026-07-10,Lending Facility,6.5
2026-07-13,Lending Facility,6.5
2026-07-14,Lending Facility,6.5
2026-07-15,Lending Facility,6.5
2026-07-16,Lending Facility,6.5
2026-07-17,Lending Facility,6.5
2026-07-20,Lending Facility,6.5
2026-07-21,Lending Facility,6.5
2026-07-22,Lending Facility,6.5
2026-07-23,Lending Facility,6.5
2026-07-24,Lending Facility,6.5
2026-07-27,Lending Facility,6.5
2026-07-28,Lending Facility,6.5
2026-07-29,Lending Facility,6.5
2026-07-30,Lending Facility,6.5
2026-07-31,Lending Facility,6.5
2026-08-03,Lending Facility,6.5
2026-08-04,Lending Facility,6.5
2026-08-05,Lending Facility,6.5
2026-08-06,Lending Facility,6.5
2026-08-07,Lending Facility,6.5
2026-08-10,Lending Facility,6.5
2026-08-11,Lending Facility,6.5
2026-08-12,Lending Facility,6.5
2026-08-13,Lending Facility,6.5
2026-08-14,Lending Facility,6.5
2026-08-17,Lending Facility,6.5
2026-08-18,Lending Facility,6.5
2026-08-19,Lending Facility,6.5
2026-08-20,Lending Facility,6.5
2026-08-21,Lending Facility,6.5
2026-08-24,Lending Facility,6.5
2026-08-25,Lending Facility,6.5
2026-08-26,Lending Facility,6.5
2026-08-27,Lending Facility,6.5
2026-08-28,Lending Facility,6.5
2026-08-31,Lending Facility,6.5
2026-09-01,Lending Facility,6.5
2026-09-02,Lending Facility,6.5
2026-09-03,Lending Facility,6.5
2026-09-04,Lending Facility,6.5
2026-09-07,Lending Facility,6.5
2026-09-08,Lending Facility,6.5
2026-09-09,Lending Facility,6.5
2026-09-10,Lending Facility,6.5
2026-09-11,Lending Facility,6.5
2026-09-14,Lending Facility,6.5
2026-09-15,Lending Facility,6.5
2026-09-16,Lending Facility,6.5
2026-09-17,Lending Facility,6.5
2026-09-18,Lending Facility,6.5
2026-09-21,Lending Facility,6.5
2026-09-22,Lending Facility,6.5
2026-09-23,Lending Facility,6.5
2026-09-24,Lending Facility,6.5
2026-09-25,Lending Facility,6.5
2026-09-28,Lending Facility,6.5
2026-09-29,Lending Facility,6.5
2026-09-30,Lending Facility,6.5
2017-01-03,Deposit Facility,3.75
2017-01-04,Deposit Facility,3.75
2017-01-05,Deposit Facility,3.75
2017-01-06,Deposit Facility,3.75
2017-01-09,Deposit Facility,3.75
2017-01-10,Deposit Facility,3.75
2017-01-11,Deposit Facility,3.75
2017-01-12,Deposit Facility,3.75
2017-01-13,Deposit Facility,3.75
2017-01-16,Deposit Facility,3.75
2017-01-17,Deposit Facility,3.75
2017-01-18,Deposit Facility,3.75
2017-01-19,Deposit Facility,3.75
2017-01-20,Deposit Facility,3.75
2017-01-23,Deposit Facility,3.75
2017-01-24,Deposit Facility,3.75
2017-01-25,Deposit Facility,3.75
2017-01-26,Deposit Facility,3.75
2017-01-27,Deposit Facility,3.75
2017-01-30,Deposit Facility,3.75
2017-01-31,Deposit Facility,3.75
2017-02-01,Deposit Facility,3.75
2017-02-02,Deposit Facility,3.75
2017-02-03,Deposit Facility,3.75
2017-02-06,Deposit Facility,3.75
2017-02-07,Deposit Facility,3.75
2017-02-08,Deposit Facility,3.75
2017-02-09,Deposit Facility,3.75
2017-02-10,Deposit Facility,3.75
2017-02-13,Deposit Facility,3.75
2017-02-14,Deposit Facility,3.75
2017-02-15,Deposit Facility,3.75
2017-02-16,Deposit Facility,3.75
2017-02-17,Deposit Facility,3.75
2017-02-20,Deposit Facility,3.75
2017-02-21,Deposit Facility,3.75
2017-02-22,Deposit Facility,3.75
2017-02-23,Deposit Facility,3.75
2017-02-24,Deposit Facility,3.75
2017-02-27,Deposit Facility,3.75
2017-02-28,Deposit Facility,3.75
2017-03-01,Deposit Facility,3.75
2017-03-02,Deposit Facility,3.75
2017-03-03,Deposit Facility,3.75
2017-03-06,Deposit Facility,3.75
2017-03-07,Deposit Facility,3.75
2017-03-08,Deposit Facility,3.75
2017-03-09,Deposit Facility,3.75
2017-03-10,Deposit Facility,3.75
2017-03-13,Deposit Facility,3.75
2017-03-14,Deposit Facility,3.75
2017-03-15,Deposit Facility,3.75
2017-03-16,Deposit Facility,3.75
2017-03-17,Deposit Facility,3.75
2017-03-20,Deposit Facility,3.75
2017-03-21,Deposit Facility,3.75
2017-03-22,Deposit Facility,3.75
2017-03-23,Deposit Facility,3.75
2017-03-24,Deposit Facility,3.75
2017-03-27,Deposit Facility,3.75
2017-03-28,Deposit Facility,3.75
2017-03-29,Deposit Facility,3.75
2017-03-30,Deposit Facility,3.75
2017-03-31,Deposit Facility,3.75
2017-04-03,Deposit Facility,3.75
2017-04-04,Deposit Facility,3.75
2017-04-05,Deposit Facility,3.75
2017-04-06,Deposit Facility,3.75
2017-04-07,Deposit Facility,3.75
2017-04-10,Deposit Facility,3.75
2017-04-11,Deposit Facility,3.75
2017-04-12,Deposit Facility,3.75
2017-04-13,Deposit Facility,3.75
2017-04-14,Deposit Facility,3.75
2017-04-17,Deposit Facility,3.75
2017-04-18,Deposit Facility,3.75
2017-04-19,Deposit Facility,3.75
2017-04-20,Deposit Facility,3.75
2017-04-21,Deposit Facility,3.75
2017-04-24,Deposit Facility,3.75
2017-04-25,Deposit Facility,3.75
2017-04-26,Deposit Facility,3.75
2017-04-27,Deposit Facility,3.75
2017-04-28,Deposit Facility,3.75
2017-05-01,Deposit Facility,3.75
2017-05-02,Deposit Facility,3.75
2017-05-03,Deposit Facility,3.75
2017-05-04,Deposit Facility,3.75
2017-05-05,Deposit Facility,3.75
2017-05-08,Deposit Facility,3.75
2017-05-09,Deposit Facility,3.75
2017-05-10,Deposit Facility,3.75
2017-05-11,Deposit Facility,3.75
2017-05-12,Deposit Facility,3.75
2017-05-15,Deposit Facility,3.75
2017-05-16,Deposit Facility,3.75
2017-05-17,Deposit Facility,3.75
2017-05-18,Deposit Facility,3.75
2017-05-19,Deposit Facility,3.75
2017-05-22,Deposit Facility,3.75
2017-05-23,Deposit Facility,3.75
2017-05-24,Deposit Facility,3.75
2017-05-25,Deposit Facility,3.75
2017-05-26,Deposit Facility,3.75
2017-05-29,Deposit Facility,3.75
2017-05-30,Deposit Facility,3.75
2017-05-31,Deposit Facility,3.75
2017-06-01,Deposit Facility,3.75
2017-06-02,Deposit Facility,3.75
2017-06-05,Deposit Facility,3.75
2017-06-06,Deposit Facility,3.75
2017-06-07,Deposit Facility,3.75
2017-06-08,Deposit Facility,3.75
2017-06-09,Deposit Facility,3.75
2017-06-12,Deposit Facility,3.75
2017-06-13,Deposit Facility,3.75
2017-06-14,Deposit Facility,3.75
2017-06-15,Deposit Facility,3.75
2017-06-16,Deposit Facility,3.75
2017-06-19,Deposit Facility,3.75
2017-06-20,Deposit Facility,3.75
2017-06-21,Deposit Facility,3.75
2017-06-22,Deposit Facility,3.75
2017-06-23,Deposit Facility,3.75
2017-06-26,Deposit Facility,3.75
2017-06-27,Deposit Facility,3.75
2017-06-28,Deposit Facility,3.75
2017-06-29,Deposit Facility,3.75
2017-06-30,Deposit Facility,3.75
2017-07-03,Deposit Facility,3.75
2017-07-04,Deposit Facility,3.75
2017-07-05,Deposit Facility,3.75
2017-07-06,Deposit Facility,3.75
2017-07-07,Deposit Facility,3.75
2017-07-10,Deposit Facility,3.75
2017-07-11,Deposit Facility,3.75
2017-07-12,Deposit Facility,3.75
2017-07-13,Deposit Facility,3.75
2017-07-14,Deposit Facility,3.75
2017-07-17,Deposit Facility,3.75
2017-07-18,Deposit Facility,3.75
2017-07-19,Deposit Facility,3.75
2017-07-20,Deposit Facility,3.75
2017-07-21,Deposit Facility,3.75
2017-07-24,Deposit Facility,3.75
2017-07-25,Deposit Facility,3.75
2017-07-26,Deposit Facility,3.75
2017-07-27,Deposit Facility,3.75
2017-07-28,Deposit Facility,3.75
2017-07-31,Deposit Facility,3.75
2017-08-01,Deposit Facility,3.75
2017-08-02,Deposit Facility,3.75
2017-08-03,Deposit Facility,3.75
2017-08-04,Deposit Facility,3.75
2017-08-07,Deposit Facility,3.75
2017-08-08,Deposit Facility,3.75
2017-08-09,Deposit Facility,3.75
2017-08-10,Deposit Facility,3.75
2017-08-11,Deposit Facility,3.75
2017-08-14,Deposit Facility,3.75
2017-08-15,Deposit Facility,3.75
2017-08-16,Deposit Facility,3.75
2017-08-17,Deposit Facility,3.75
2017-08-18,Deposit Facility,3.75
2017-08-21,Deposit Facility,3.75
2017-08-22,Deposit Facility,3.5
2017-08-23,Deposit Facility,3.5
2017-08-24,Deposit Facility,3.5
2017-08-25,Deposit Facility,3.5
2017-08-28,Deposit Facility,3.5
2017-08-29,Deposit Facility,3.5
2017-08-30,Deposit Facility,3.5
2017-08-31,Deposit Facility,3.5
2017-09-01,Deposit Facility,3.5
2017-09-04,Deposit Facility,3.5
2017-09-05,Deposit Facility,3.5
2017-09-06,Deposit Facility,3.5
2017-09-07,Deposit Facility,3.5
2017-09-08,Deposit Facility,3.5
2017-09-11,Deposit Facility,3.5
2017-09-12,Deposit Facility,3.5
2017-09-13,Deposit Facility,3.5
2017-09-14,Deposit Facility,3.5
2017-09-15,Deposit Facility,3.5
2017-09-18,Deposit Facility,3.5
2017-09-19,Deposit Facility,3.5
2017-09-20,Deposit Facility,3.5
2017-09-21,Deposit Facility,3.5
2017-09-22,Deposit Facility,3.25
2017-09-25,Deposit Facility,3.25
2017-09-26,Deposit Facility,3.25
2017-09-27,Deposit Facility,3.25
2017-09-28,Deposit Facility,3.25
2017-09-29,Deposit Facility,3.25
2017-10-02,Deposit Facility,3.25
2017-10-03,Deposit Facility,3.25
2017-10-04,Deposit Facility,3.25
2017-10-05,Deposit Facility,3.25
2017-10-06,Deposit Facility,3.25
2017-10-09,Deposit Facility,3.25
2017-10-10,Deposit Facility,3.25
2017-10-11,Deposit Facility,3.25
2017-10-12,Deposit Facility,3.25
2017-10-13,Deposit Facility,3.25
2017-10-16,Deposit Facility,3.25
2017-10-17,Deposit Facility,3.25
2017-10-18,Deposit Facility,3.25
2017-10-19,Deposit Facility,3.25
2017-10-20,Deposit Facility,3.25
2017-10-23,Deposit Facility,3.25
2017-10-24,Deposit Facility,3.25
2017-10-25,Deposit Facility,3.25
2017-10-26,Deposit Facility,3.25
2017-10-27,Deposit Facility,3.25
2017-10-30,Deposit Facility,3.25
2017-10-31,Deposit Facility,3.25
2017-11-01,Deposit Facility,3.25
2017-11-02,Deposit Facility,3.25
2017-11-03,Deposit Facility,3.25
2017-11-06,Deposit Facility,3.25
2017-11-07,Deposit Facility,3.25
2017-11-08,Deposit Facility,3.25
2017-11-09,Deposit Facility,3.25
2017-11-10,Deposit Facility,3.25
2017-11-13,Deposit Facility,3.25
2017-11-14,Deposit Facility,3.25
2017-11-15,Deposit Facility,3.25
2017-11-16,Deposit Facility,3.25
2017-11-17,Deposit Facility,3.25
2017-11-20,Deposit Facility,3.25
2017-11-21,Deposit Facility,3.25
2017-11-22,Deposit Facility,3.25
2017-11-23,Deposit Facility,3.25
2017-11-24,Deposit Facility,3.25
2017-11-27,Deposit Facility,3.25
2017-11-28,Deposit Facility,3.25
2017-11-29,Deposit Facility,3.25
2017-11-30,Deposit Facility,3.25
2017-12-01,Deposit Facility,3.25
2017-12-04,Deposit Facility,3.25
2017-12-05,Deposit Facility,3.25
2017-12-06,Deposit Facility,3.25
2017-12-07,Deposit Facility,3.25
2017-12-08,Deposit Facility,3.25
2017-12-11,Deposit Facility,3.25
2017-12-12,Deposit Facility,3.25
2017-12-13,Deposit Facility,3.25
2017-12-14,Deposit Facility,3.25
2017-12-15,Deposit Facility,3.25
2017-12-18,Deposit Facility,3.25
2017-12-19,Deposit Facility,3.25
2017-12-20,Deposit Facility,3.25
2017-12-21,Deposit Facility,3.25
2017-12-22,Deposit Facility,3.25
2017-12-25,Deposit Facility,3.25
2017-12-26,Deposit Facility,3.25
2017-12-27,Deposit Facility,3.25
2017-12-28,Deposit Facility,3.25
2017-12-29,Deposit Facility,3.25
2018-01-01,Deposit Facility,3.25
2018-01-02,Deposit Facility,3.25
2018-01-03,Deposit Facility,3.25
2018-01-04,Deposit Facility,3.25
2018-01-05,Deposit Facility,3.25
2018-01-08,Deposit Facility,3.25
2018-01-09,Deposit Facility,3.25
2018-01-10,Deposit Facility,3.25
2018-01-11,Deposit Facility,3.25
2018-01-12,Deposit Facility,3.25
2018-01-15,Deposit Facility,3.25
2018-01-16,Deposit Facility,3.25
2018-01-17,Deposit Facility,3.25
2018-01-18,Deposit Facility,3.25
2018-01-19,Deposit Facility,3.25
2018-01-22,Deposit Facility,3.25
2018-01-23,Deposit Facility,3.25
2018-01-24,Deposit Facility,3.25
2018-01-25,Deposit Facility,3.25
2018-01-26,Deposit Facility,3.25
2018-01-29,Deposit Facility,3.25
2018-01-30,Deposit Facility,3.25
2018-01-31,Deposit Facility,3.25
2018-02-01,Deposit Facility,3.25
2018-02-02,Deposit Facility,3.25
2018-02-05,Deposit Facility,3.25
2018-02-06,Deposit Facility,3.25
2018-02-07,Deposit Facility,3.25
2018-02-08,Deposit Facility,3.25
2018-02-09,Deposit Facility,3.25
2018-02-12,Deposit Facility,3.25
2018-02-13,Deposit Facility,3.25
2018-02-14,Deposit Facility,3.25
2018-02-15,Deposit Facility,3.25
2018-02-16,Deposit Facility,3.25
2018-02-19,Deposit Facility,3.25
2018-02-20,Deposit Facility,3.25
2018-02-21,Deposit Facility,3.25
2018-02-22,Deposit Facility,3.25
2018-02-23,Deposit Facility,3.25
2018-02-26,Deposit Facility,3.25
2018-02-27,Deposit Facility,3.25
2018-02-28,Deposit Facility,3.25
2018-03-01,Deposit Facility,3.25
2018-03-02,Deposit Facility,3.25
2018-03-05,Deposit Facility,3.25
2018-03-06,Deposit Facility,3.25
2018-03-07,Deposit Facility,3.25
2018-03-08,Deposit Facility,3.25
2018-03-09,Deposit Facility,3.25
2018-03-12,Deposit Facility,3.25
2018-03-13,Deposit Facility,3.25
2018-03-14,Deposit Facility,3.25
2018-03-15,Deposit Facility,3.25
2018-03-16,Deposit Facility,3.25
2018-03-19,Deposit Facility,3.25
2018-03-20,Deposit Facility,3.25
2018-03-21,Deposit Facility,3.25
2018-03-22,Deposit Facility,3.25
2018-03-23,Deposit Facility,3.25
2018-03-26,Deposit Facility,3.25
2018-03-27,Deposit Facility,3.25
2018-03-28,Deposit Facility,3.25
2018-03-29,Deposit Facility,3.25
2018-03-30,Deposit Facility,3.25
2018-04-02,Deposit Facility,3.25
2018-04-03,Deposit Facility,3.25
2018-04-04,Deposit Facility,3.25
2018-04-05,Deposit Facility,3.25
2018-04-06,Deposit Facility,3.25
2018-04-09,Deposit Facility,3.25
2018-04-10,Deposit Facility,3.25
2018-04-11,Deposit Facility,3.25
2018-04-12,Deposit Facility,3.25
2018-04-13,Deposit Facility,3.25
2018-04-16,Deposit Facility,3.25
2018-04-17,Deposit Facility,3.25
2018-04-18,Deposit Facility,3.25
2018-04-19,Deposit Facility,3.25
2018-04-20,Deposit Facility,3.25
2018-04-23,Deposit Facility,3.25
2018-04-24,Deposit Facility,3.25
2018-04-25,Deposit Facility,3.25
2018-04-26,Deposit Facility,3.25
2018-04-27,Deposit Facility,3.25
2018-04-30,Deposit Facility,3.25
2018-05-01,Deposit Facility,3.25
2018-05-02,Deposit Facility,3.25
2018-05-03,Deposit Facility,3.25
2018-05-04,Deposit Facility,3.25
2018-05-07,Deposit Facility,3.25
2018-05-08,Deposit Facility,3.25
2018-05-09,Deposit Facility,3.25
2018-05-10,Deposit Facility,3.25
2018-05-11,Deposit Facility,3.25
2018-05-14,Deposit Facility,3.25
2018-05-15,Deposit Facility,3.25
2018-05-16,Deposit Facility,3.25
2018-05-17,Deposit Facility,3.5
2018-05-18,Deposit Facility,3.5
2018-05-21,Deposit Facility,3.5
2018-05-22,Deposit Facility,3.5
2018-05-23,Deposit Facility,3.5
2018-05-24,Deposit Facility,3.5
2018-05-25,Deposit Facility,3.5
2018-05-28,Deposit Facility,3.5
2018-05-29,Deposit Facility,3.5
2018-05-30,Deposit Facility,3.75
2018-05-31,Deposit Facility,3.75
2018-06-01,Deposit Facility,3.75
2018-06-04,Deposit Facility,3.75
2018-06-05,Deposit Facility,3.75
2018-06-06,Deposit Facility,3.75
2018-06-07,Deposit Facility,3.75
2018-06-08,Deposit Facility,3.75
2018-06-11,Deposit Facility,3.75
2018-06-12,Deposit Facility,3.75
2018-06-13,Deposit Facility,3.75
2018-06-14,Deposit Facility,3.75
2018-06-15,Deposit Facility,3.75
2018-06-18,Deposit Facility,3.75
2018-06-19,Deposit Facility,3.75
2018-06-20,Deposit Facility,3.75
2018-06-21,Deposit Facility,3.75
2018-06-22,Deposit Facility,3.75
2018-06-25,Deposit Facility,3.75
2018-06-26,Deposit Facility,3.75
2018-06-27,Deposit Facility,3.75
2018-06-28,Deposit Facility,3.75
2018-06-29,Deposit Facility,4.25
2018-07-02,Deposit Facility,4.25
2018-07-03,Deposit Facility,4.25
2018-07-04,Deposit Facility,4.25
2018-07-05,Deposit Facility,4.25
2018-07-06,Deposit Facility,4.25
2018-07-09,Deposit Facility,4.25
2018-07-10,Deposit Facility,4.25
2018-07-11,Deposit Facility,4.25
2018-07-12,Deposit Facility,4.25
2018-07-13,Deposit Facility,4.25
2018-07-16,Deposit Facility,4.25
2018-07-17,Deposit Facility,4.25
2018-07-18,Deposit Facility,4.25
2018-07-19,Deposit Facility,4.25
2018-07-20,Deposit Facility,4.25
2018-07-23,Deposit Facility,4.25
2018-07-24,Deposit Facility,4.25
2018-07-25,Deposit Facility,4.25
2018-07-26,Deposit Facility,4.25
2018-07-27,Deposit Facility,4.25
2018-07-30,Deposit Facility,4.25
2018-07-31,Deposit Facility,4.25
2018-08-01,Deposit Facility,4.25
2018-08-02,Deposit Facility,4.25
2018-08-03,Deposit Facility,4.25
2018-08-06,Deposit Facility,4.25
2018-08-07,Deposit Facility,4.25
2018-08-08,Deposit Facility,4.25
2018-08-09,Deposit Facility,4.25
2018-08-10,Deposit Facility,4.25
2018-08-13,Deposit Facility,4.25
2018-08-14,Deposit Facility,4.25
2018-08-15,Deposit Facility,4.5
2018-08-16,Deposit Facility,4.5
2018-08-17,Deposit Facility,4.5
2018-08-20,Deposit Facility,4.5
2018-08-21,Deposit Facility,4.5
2018-08-22,Deposit Facility,4.5
2018-08-23,Deposit Facility,4.5
2018-08-24,Deposit Facility,4.5
2018-08-27,Deposit Facility,4.5
2018-08-28,Deposit Facility,4.5
2018-08-29,Deposit Facility,4.5
2018-08-30,Deposit Facility,4.5
2018-08-31,Deposit Facility,4.5
2018-09-03,Deposit Facility,4.5
2018-09-04,Deposit Facility,4.5
2018-09-05,Deposit Facility,4.5
2018-09-06,Deposit Facility,4.5
2018-09-07,Deposit Facility,4.5
2018-09-10,Deposit Facility,4.5
2018-09-11,Deposit Facility,4.5
2018-09-12,Deposit Facility,4.5
2018-09-13,Deposit Facility,4.5
2018-09-14,Deposit Facility,4.5
2018-09-17,Deposit Facility,4.5
2018-09-18,Deposit Facility,4.5
2018-09-19,Deposit Facility,4.5
2018-09-20,Deposit Facility,4.5
2018-09-21,Deposit Facility,4.5
2018-09-24,Deposit Facility,4.5
2018-09-25,Deposit Facility,4.5
2018-09-26,Deposit Facility,4.5
2018-09-27,Deposit Facility,4.75
2018-09-28,Deposit Facility,4.75
2018-10-01,Deposit Facility,4.75
2018-10-02,Deposit Facility,4.75
2018-10-03,Deposit Facility,4.75
2018-10-04,Deposit Facility,4.75
2018-10-05,Deposit Facility,4.75
2018-10-08,Deposit Facility,4.75
2018-10-09,Deposit Facility,4.75
2018-10-10,Deposit Facility,4.75
2018-10-11,Deposit Facility,4.75
2018-10-12,Deposit Facility,4.75
2018-10-15,Deposit Facility,4.75
2018-10-16,Deposit Facility,4.75
2018-10-17,Deposit Facility,4.75
2018-10-18,Deposit Facility,4.75
2018-10-19,Deposit Facility,4.75
2018-10-22,Deposit Facility,4.75
2018-10-23,Deposit Facility,4.75
2018-10-24,Deposit Facility,4.75
2018-10-25,Deposit Facility,4.75
2018-10-26,Deposit Facility,4.75
2018-10-29,Deposit Facility,4.75
2018-10-30,Deposit Facility,4.75
2018-10-31,Deposit Facility,4.75
2018-11-01,Deposit Facility,4.75
2018-11-02,Deposit Facility,4.75
2018-11-05,Deposit Facility,4.75
2018-11-06,Deposit Facility,4.75
2018-11-07,Deposit Facility,4.75
2018-11-08,Deposit Facility,4.75
2018-11-09,Deposit Facility,4.75
2018-11-12,Deposit Facility,4.75
2018-11-13,Deposit Facility,4.75
2018-11-14,Deposit Facility,4.75
2018-11-15,Deposit Facility,5.0
2018-11-16,Deposit Facility,5.0
2018-11-19,Deposit Facility,5.0
2018-11-20,Deposit Facility,5.0
2018-11-21,Deposit Facility,5.0
2018-11-22,Deposit Facility,5.0
2018-11-23,Deposit Facility,5.0
2018-11-26,Deposit Facility,5.0
2018-11-27,Deposit Facility,5.0
2018-11-28,Deposit Facility,5.0
2018-11-29,Deposit Facility,5.0
2018-11-30,Deposit Facility,5.0
2018-12-03,Deposit Facility,5.0
2018-12-04,Deposit Facility,5.0
2018-12-05,Deposit Facility,5.0
2018-12-06,Deposit Facility,5.0
2018-12-07,Deposit Facility,5.0
2018-12-10,Deposit Facility,5.0
2018-12-11,Deposit Facility,5.0
2018-12-12,Deposit Facility,5.0
2018-12-13,Deposit Facility,5.0
2018-12-14,Deposit Facility,5.0
2018-12-17,Deposit Facility,5.0
2018-12-18,Deposit Facility,5.0
2018-12-19,Deposit Facility,5.0
2018-12-20,Deposit Facility,5.0
2018-12-21,Deposit Facility,5.0
2018-12-24,Deposit Facility,5.0
2018-12-25,Deposit Facility,5.0
2018-12-26,Deposit Facility,5.0
2018-12-27,Deposit Facility,5.0
2018-12-28,Deposit Facility,5.0
2018-12-31,Deposit Facility,5.0
2019-01-01,Deposit Facility,5.0
2019-01-02,Deposit Facility,5.0
2019-01-03,Deposit Facility,5.0
2019-01-04,Deposit Facility,5.0
2019-01-07,Deposit Facility,5.0
2019-01-08,Deposit Facility,5.0
2019-01-09,Deposit Facility,5.0
2019-01-10,Deposit Facility,5.0
2019-01-11,Deposit Facility,5.0
2019-01-14,Deposit Facility,5.0
2019-01-15,Deposit Facility,5.0
2019-01-16,Deposit Facility,5.0
2019-01-17,Deposit Facility,5.0
2019-01-18,Deposit Facility,5.0
2019-01-21,Deposit Facility,5.0
2019-01-22,Deposit Facility,5.0
2019-01-23,Deposit Facility,5.0
2019-01-24,Deposit Facility,5.0
2019-01-25,Deposit Facility,5.0
2019-01-28,Deposit Facility,5.0
2019-01-29,Deposit Facility,5.0
2019-01-30,Deposit Facility,5.0
2019-01-31,Deposit Facility,5.0
2019-02-01,Deposit Facility,5.0
2019-02-04,Deposit Facility,5.0
2019-02-05,Deposit Facility,5.0
2019-02-06,Deposit Facility,5.0
2019-02-07,Deposit Facility,5.0
2019-02-08,Deposit Facility,5.0
2019-02-11,Deposit Facility,5.0
2019-02-12,Deposit Facility,5.0
2019-02-13,Deposit Facility,5.0
2019-02-14,Deposit Facility,5.0
2019-02-15,Deposit Facility,5.0
2019-02-18,Deposit Facility,5.0
2019-02-19,Deposit Facility,5.0
2019-02-20,Deposit Facility,5.0
2019-02-21,Deposit Facility,5.0
2019-02-22,Deposit Facility,5.0
2019-02-25,Deposit Facility,5.0
2019-02-26,Deposit Facility,5.0
2019-02-27,Deposit Facility,5.0
2019-02-28,Deposit Facility,5.0
2019-03-01,Deposit Facility,5.0
2019-03-04,Deposit Facility,5.0
2019-03-05,Deposit Facility,5.0
2019-03-06,Deposit Facility,5.0
2019-03-07,Deposit Facility,5.0
2019-03-08,Deposit Facility,5.0
2019-03-11,Deposit Facility,5.0
2019-03-12,Deposit Facility,5.0
2019-03-13,Deposit Facility,5.0
2019-03-14,Deposit Facility,5.0
2019-03-15,Deposit Facility,5.0
2019-03-18,Deposit Facility,5.0
2019-03-19,Deposit Facility,5.0
2019-03-20,Deposit Facility,5.0
2019-03-21,Deposit Facility,5.0
2019-03-22,Deposit Facility,5.0
2019-03-25,Deposit Facility,5.0
2019-03-26,Deposit Facility,5.0
2019-03-27,Deposit Facility,5.0
2019-03-28,Deposit Facility,5.0
2019-03-29,Deposit Facility,5.0
2019-04-01,Deposit Facility,5.0
2019-04-02,Deposit Facility,5.0
2019-04-03,Deposit Facility,5.0
2019-04-04,Deposit Facility,5.0
2019-04-05,Deposit Facility,5.0
2019-04-08,Deposit Facility,5.0
2019-04-09,Deposit Facility,5.0
2019-04-10,Deposit Facility,5.0
2019-04-11,Deposit Facility,5.0
2019-04-12,Deposit Facility,5.0
2019-04-15,Deposit Facility,5.0
2019-04-16,Deposit Facility,5.0
2019-04-17,Deposit Facility,5.0
2019-04-18,Deposit Facility,5.0
2019-04-19,Deposit Facility,5.0
2019-04-22,Deposit Facility,5.0
2019-04-23,Deposit Facility,5.0
2019-04-24,Deposit Facility,5.0
2019-04-25,Deposit Facility,5.0
2019-04-26,Deposit Facility,5.0
2019-04-29,Deposit Facility,5.0
2019-04-30,Deposit Facility,5.0
2019-05-01,Deposit Facility,5.0
2019-05-02,Deposit Facility,5.0
2019-05-03,Deposit Facility,5.0
2019-05-06,Deposit Facility,5.0
2019-05-07,Deposit Facility,5.0
2019-05-08,Deposit Facility,5.0
2019-05-09,Deposit Facility,5.0
2019-05-10,Deposit Facility,5.0
2019-05-13,Deposit Facility,5.0
2019-05-14,Deposit Facility,5.0
2019-05-15,Deposit Facility,5.0
2019-05-16,Deposit Facility,5.0
2019-05-17,Deposit Facility,5.0
2019-05-20,Deposit Facility,5.0
2019-05-21,Deposit Facility,5.0
2019-05-22,Deposit Facility,5.0
2019-05-23,Deposit Facility,5.0
2019-05-24,Deposit Facility,5.0
2019-05-27,Deposit Facility,5.0
2019-05-28,Deposit Facility,5.0
2019-05-29,Deposit Facility,5.0
2019-05-30,Deposit Facility,5.0
2019-05-31,Deposit Facility,5.0
2019-06-03,Deposit Facility,5.0
2019-06-04,Deposit Facility,5.0
2019-06-05,Deposit Facility,5.0
2019-06-06,Deposit Facility,5.0
2019-06-07,Deposit Facility,5.0
2019-06-10,Deposit Facility,5.0
2019-06-11,Deposit Facility,5.0
2019-06-12,Deposit Facility,5.0
2019-06-13,Deposit Facility,5.0
2019-06-14,Deposit Facility,5.0
2019-06-17,Deposit Facility,5.0
2019-06-18,Deposit Facility,5.0
2019-06-19,Deposit Facility,5.0
2019-06-20,Deposit Facility,5.0
2019-06-21,Deposit Facility,5.0
2019-06-24,Deposit Facility,5.0
2019-06-25,Deposit Facility,5.0
2019-06-26,Deposit Facility,5.0
2019-06-27,Deposit Facility,5.0
2019-06-28,Deposit Facility,5.0
2019-07-01,Deposit Facility,5.0
2019-07-02,Deposit Facility,5.0
2019-07-03,Deposit Facility,5.0
2019-07-04,Deposit Facility,5.0
2019-07-05,Deposit Facility,5.0
2019-07-08,Deposit Facility,5.0
2019-07-09,Deposit Facility,5.0
2019-07-10,Deposit Facility,5.0
2019-07-11,Deposit Facility,5.0
2019-07-12,Deposit Facility,5.0
2019-07-15,Deposit Facility,5.0
2019-07-16,Deposit Facility,5.0
2019-07-17,Deposit Facility,5.0
2019-07-18,Deposit Facility,4.75
2019-07-19,Deposit Facility,4.75
2019-07-22,Deposit Facility,4.75
2019-07-23,Deposit Facility,4.75
2019-07-24,Deposit Facility,4.75
2019-07-25,Deposit Facility,4.75
2019-07-26,Deposit Facility,4.75
2019-07-29,Deposit Facility,4.75
2019-07-30,Deposit Facility,4.75
2019-07-31,Deposit Facility,4.75
2019-08-01,Deposit Facility,4.75
2019-08-02,Deposit Facility,4.75
2019-08-05,Deposit Facility,4.75
2019-08-06,Deposit Facility,4.75
2019-08-07,Deposit Facility,4.75
2019-08-08,Deposit Facility,4.75
2019-08-09,Deposit Facility,4.75
2019-08-12,Deposit Facility,4.75
2019-08-13,Deposit Facility,4.75
2019-08-14,Deposit Facility,4.75
2019-08-15,Deposit Facility,4.75
2019-08-16,Deposit Facility,4.75
2019-08-19,Deposit Facility,4.75
2019-08-20,Deposit Facility,4.75
2019-08-21,Deposit Facility,4.75
2019-08-22,Deposit Facility,4.5
2019-08-23,Deposit Facility,4.5
2019-08-26,Deposit Facility,4.5
2019-08-27,Deposit Facility,4.5
2019-08-28,Deposit Facility,4.5
2019-08-29,Deposit Facility,4.5
2019-08-30,Deposit Facility,4.5
2019-09-02,Deposit Facility,4.5
2019-09-03,Deposit Facility,4.5
2019-09-04,Deposit Facility,4.5
2019-09-05,Deposit Facility,4.5
2019-09-06,Deposit Facility,4.5
2019-09-09,Deposit Facility,4.5
2019-09-10,Deposit Facility,4.5
2019-09-11,Deposit Facility,4.5
2019-09-12,Deposit Facility,4.5
2019-09-13,Deposit Facility,4.5
2019-09-16,Deposit Facility,4.5
2019-09-17,Deposit Facility,4.5
2019-09-18,Deposit Facility,4.5
2019-09-19,Deposit Facility,4.25
2019-09-20,Deposit Facility,4.25
2019-09-23,Deposit Facility,4.25
2019-09-24,Deposit Facility,4.25
2019-09-25,Deposit Facility,4.25
2019-09-26,Deposit Facility,4.25
2019-09-27,Deposit Facility,4.25
2019-09-30,Deposit Facility,4.25
2019-10-01,Deposit Facility,4.25
2019-10-02,Deposit Facility,4.25
2019-10-03,Deposit Facility,4.25
2019-10-04,Deposit Facility,4.25
2019-10-07,Deposit Facility,4.25
2019-10-08,Deposit Facility,4.25
2019-10-09,Deposit Facility,4.25
2019-10-10,Deposit Facility,4.25
2019-10-11,Deposit Facility,4.25
2019-10-14,Deposit Facility,4.25
2019-10-15,Deposit Facility,4.25
2019-10-16,Deposit Facility,4.25
2019-10-17,Deposit Facility,4.25
2019-10-18,Deposit Facility,4.25
2019-10-21,Deposit Facility,4.25
2019-10-22,Deposit Facility,4.25
2019-10-23,Deposit Facility,4.25
2019-10-24,Deposit Facility,4.0
2019-10-25,Deposit Facility,4.0
2019-10-28,Deposit Facility,4.0
2019-10-29,Deposit Facility,4.0
2019-10-30,Deposit Facility,4.0
2019-10-31,Deposit Facility,4.0
2019-11-01,Deposit Facility,4.0
2019-11-04,Deposit Facility,4.0
2019-11-05,Deposit Facility,4.0
2019-11-06,Deposit Facility,4.0
2019-11-07,Deposit Facility,4.0
2019-11-08,Deposit Facility,4.0
2019-11-11,Deposit Facility,4.0
2019-11-12,Deposit Facility,4.0
2019-11-13,Deposit Facility,4.0
2019-11-14,Deposit Facility,4.0
2019-11-15,Deposit Facility,4.0
2019-11-18,Deposit Facility,4.0
2019-11-19,Deposit Facility,4.0
2019-11-20,Deposit Facility,4.0
2019-11-21,Deposit Facility,4.0
2019-11-22,Deposit Facility,4.0
2019-11-25,Deposit Facility,4.0
2019-11-26,Deposit Facility,4.0
2019-11-27,Deposit Facility,4.0
2019-11-28,Deposit Facility,4.0
2019-11-29,Deposit Facility,4.0
2019-12-02,Deposit Facility,4.0
2019-12-03,Deposit Facility,4.0
2019-12-04,Deposit Facility,4.0
2019-12-05,Deposit Facility,4.0
2019-12-06,Deposit Facility,4.0
2019-12-09,Deposit Facility,4.0
2019-12-10,Deposit Facility,4.0
2019-12-11,Deposit Facility,4.0
2019-12-12,Deposit Facility,4.0
2019-12-13,Deposit Facility,4.0
2019-12-16,Deposit Facility,4.0
2019-12-17,Deposit Facility,4.0
2019-12-18,Deposit Facility,4.0
2019-12-19,Deposit Facility,4.0
2019-12-20,Deposit Facility,4.0
2019-12-23,Deposit Facility,4.0
2019-12-24,Deposit Facility,4.0
2019-12-25,Deposit Facility,4.0
2019-12-26,Deposit Facility,4.0
2019-12-27,Deposit Facility,4.0
2019-12-30,Deposit Facility,4.0
2019-12-31,Deposit Facility,4.0
2020-01-01,Deposit Facility,4.0
2020-01-02,Deposit Facility,4.0
2020-01-03,Deposit Facility,4.0
2020-01-06,Deposit Facility,4.0
2020-01-07,Deposit Facility,4.0
2020-01-08,Deposit Facility,4.0
2020-01-09,Deposit Facility,4.0
2020-01-10,Deposit Facility,4.0
2020-01-13,Deposit Facility,4.0
2020-01-14,Deposit Facility,4.0
2020-01-15,Deposit Facility,4.0
2020-01-16,Deposit Facility,4.0
2020-01-17,Deposit Facility,4.0
2020-01-20,Deposit Facility,4.0
2020-01-21,Deposit Facility,4.0
2020-01-22,Deposit Facility,4.0
2020-01-23,Deposit Facility,4.0
2020-01-24,Deposit Facility,4.0
2020-01-27,Deposit Facility,4.0
2020-01-28,Deposit Facility,4.0
2020-01-29,Deposit Facility,4.0
2020-01-30,Deposit Facility,4.0
2020-01-31,Deposit Facility,4.0
2020-02-03,Deposit Facility,4.0
2020-02-04,Deposit Facility,4.0
2020-02-05,Deposit Facility,4.0
2020-02-06,Deposit Facility,4.0
2020-02-07,Deposit Facility,4.0
2020-02-10,Deposit Facility,4.0
2020-02-11,Deposit Facility,4.0
2020-02-12,Deposit Facility,4.0
2020-02-13,Deposit Facility,4.0
2020-02-14,Deposit Facility,4.0
2020-02-17,Deposit Facility,4.0
2020-02-18,Deposit Facility,4.0
2020-02-19,Deposit Facility,4.0
2020-02-20,Deposit Facility,3.75
2020-02-21,Deposit Facility,3.75
2020-02-24,Deposit Facility,3.75
2020-02-25,Deposit Facility,3.75
2020-02-26,Deposit Facility,3.75
2020-02-27,Deposit Facility,3.75
2020-02-28,Deposit Facility,3.75
2020-03-02,Deposit Facility,3.75
2020-03-03,Deposit Facility,3.75
2020-03-04,Deposit Facility,3.75
2020-03-05,Deposit Facility,3.75
2020-03-06,Deposit Facility,3.75
2020-03-09,Deposit Facility,3.75
2020-03-10,Deposit Facility,3.75
2020-03-11,Deposit Facility,3.75
2020-03-12,Deposit Facility,3.75
2020-03-13,Deposit Facility,3.75
2020-03-16,Deposit Facility,3.75
2020-03-17,Deposit Facility,3.75
2020-03-18,Deposit Facility,3.75
2020-03-19,Deposit Facility,3.5
2020-03-20,Deposit Facility,3.5
2020-03-23,Deposit Facility,3.5
2020-03-24,Deposit Facility,3.5
2020-03-25,Deposit Facility,3.5
2020-03-26,Deposit Facility,3.5
2020-03-27,Deposit Facility,3.5
2020-03-30,Deposit Facility,3.5
2020-03-31,Deposit Facility,3.5
2020-04-01,Deposit Facility,3.5
2020-04-02,Deposit Facility,3.5
2020-04-03,Deposit Facility,3.5
2020-04-06,Deposit Facility,3.5
2020-04-07,Deposit Facility,3.5
2020-04-08,Deposit Facility,3.5
2020-04-09,Deposit Facility,3.5
2020-04-10,Deposit Facility,3.5
2020-04-13,Deposit Facility,3.5
2020-04-14,Deposit Facility,3.5
2020-04-15,Deposit Facility,3.5
2020-04-16,Deposit Facility,3.5
2020-04-17,Deposit Facility,3.5
2020-04-20,Deposit Facility,3.5
2020-04-21,Deposit Facility,3.5
2020-04-22,Deposit Facility,3.5
2020-04-23,Deposit Facility,3.5
2020-04-24,Deposit Facility,3.5
2020-04-27,Deposit Facility,3.5
2020-04-28,Deposit Facility,3.5
2020-04-29,Deposit Facility,3.5
2020-04-30,Deposit Facility,3.5
2020-05-01,Deposit Facility,3.5
2020-05-04,Deposit Facility,3.5
2020-05-05,Deposit Facility,3.5
2020-05-06,Deposit Facility,3.5
2020-05-07,Deposit Facility,3.5
2020-05-08,Deposit Facility,3.5
2020-05-11,Deposit Facility,3.5
2020-05-12,Deposit Facility,3.5
2020-05-13,Deposit Facility,3.5
2020-05-14,Deposit Facility,3.5
2020-05-15,Deposit Facility,3.5
2020-05-18,Deposit Facility,3.5
2020-05-19,Deposit Facility,3.5
2020-05-20,Deposit Facility,3.5
2020-05-21,Deposit Facility,3.5
2020-05-22,Deposit Facility,3.5
2020-05-25,Deposit Facility,3.5
2020-05-26,Deposit Facility,3.5
2020-05-27,Deposit Facility,3.5
2020-05-28,Deposit Facility,3.5
2020-05-29,Deposit Facility,3.5
2020-06-01,Deposit Facility,3.5
2020-06-02,Deposit Facility,3.5
2020-06-03,Deposit Facility,3.5
2020-06-04,Deposit Facility,3.5
2020-06-05,Deposit Facility,3.5
2020-06-08,Deposit Facility,3.5
2020-06-09,Deposit Facility,3.5
2020-06-10,Deposit Facility,3.5
2020-06-11,Deposit Facility,3.5
2020-06-12,Deposit Facility,3.5
2020-06-15,Deposit Facility,3.5
2020-06-16,Deposit Facility,3.5
2020-06-17,Deposit Facility,3.5
2020-06-18,Deposit Facility,3.25
2020-06-19,Deposit Facility,3.25
2020-06-22,Deposit Facility,3.25
2020-06-23,Deposit Facility,3.25
2020-06-24,Deposit Facility,3.25
2020-06-25,Deposit Facility,3.25
2020-06-26,Deposit Facility,3.25
2020-06-29,Deposit Facility,3.25
2020-06-30,Deposit Facility,3.25
2020-07-01,Deposit Facility,3.25
2020-07-02,Deposit Facility,3.25
2020-07-03,Deposit Facility,3.25
2020-07-06,Deposit Facility,3.25
2020-07-07,Deposit Facility,3.25
2020-07-08,Deposit Facility,3.25
2020-07-09,Deposit Facility,3.25
2020-07-10,Deposit Facility,3.25
2020-07-13,Deposit Facility,3.25
2020-07-14,Deposit Facility,3.25
2020-07-15,Deposit Facility,3.25
2020-07-16,Deposit Facility,3.0
2020-07-17,Deposit Facility,3.0
2020-07-20,Deposit Facility,3.0
2020-07-21,Deposit Facility,3.0
2020-07-22,Deposit Facility,3.0
2020-07-23,Deposit Facility,3.0
2020-07-24,Deposit Facility,3.0
2020-07-27,Deposit Facility,3.0
2020-07-28,Deposit Facility,3.0
2020-07-29,Deposit Facility,3.0
2020-07-30,Deposit Facility,3.0
2020-07-31,Deposit Facility,3.0
2020-08-03,Deposit Facility,3.0
2020-08-04,Deposit Facility,3.0
2020-08-05,Deposit Facility,3.0
2020-08-06,Deposit Facility,3.0
2020-08-07,Deposit Facility,3.0
2020-08-10,Deposit Facility,3.0
2020-08-11,Deposit Facility,3.0
2020-08-12,Deposit Facility,3.0
2020-08-13,Deposit Facility,3.0
2020-08-14,Deposit Facility,3.0
2020-08-17,Deposit Facility,3.0
2020-08-18,Deposit Facility,3.0
2020-08-19,Deposit Facility,3.0
2020-08-20,Deposit Facility,3.0
2020-08-21,Deposit Facility,3.0
2020-08-24,Deposit Facility,3.0
2020-08-25,Deposit Facility,3.0
2020-08-26,Deposit Facility,3.0
2020-08-27,Deposit Facility,3.0
2020-08-28,Deposit Facility,3.0
2020-08-31,Deposit Facility,3.0
2020-09-01,Deposit Facility,3.0
2020-09-02,Deposit Facility,3.0
2020-09-03,Deposit Facility,3.0
2020-09-04,Deposit Facility,3.0
2020-09-07,Deposit Facility,3.0
2020-09-08,Deposit Facility,3.0
2020-09-09,Deposit Facility,3.0
2020-09-10,Deposit Facility,3.0
2020-09-11,Deposit Facility,3.0
2020-09-14,Deposit Facility,3.0
2020-09-15,Deposit Facility,3.0
2020-09-16,Deposit Facility,3.0
2020-09-17,Deposit Facility,3.0
2020-09-18,Deposit Facility,3.0
2020-09-21,Deposit Facility,3.0
2020-09-22,Deposit Facility,3.0
2020-09-23,Deposit Facility,3.0
2020-09-24,Deposit Facility,3.0
2020-09-25,Deposit Facility,3.0
2020-09-28,Deposit Facility,3.0
2020-09-29,Deposit Facility,3.0
2020-09-30,Deposit Facility,3.0
2020-10-01,Deposit Facility,3.0
2020-10-02,Deposit Facility,3.0
2020-10-05,Deposit Facility,3.0
2020-10-06,Deposit Facility,3.0
2020-10-07,Deposit Facility,3.0
2020-10-08,Deposit Facility,3.0
2020-10-09,Deposit Facility,3.0
2020-10-12,Deposit Facility,3.0
2020-10-13,Deposit Facility,3.0
2020-10-14,Deposit Facility,3.0
2020-10-15,Deposit Facility,3.0
2020-10-16,Deposit Facility,3.0
2020-10-19,Deposit Facility,3.0
2020-10-20,Deposit Facility,3.0
2020-10-21,Deposit Facility,3.0
2020-10-22,Deposit Facility,3.0
2020-10-23,Deposit Facility,3.0
2020-10-26,Deposit Facility,3.0
2020-10-27,Deposit Facility,3.0
2020-10-28,Deposit Facility,3.0
2020-10-29,Deposit Facility,3.0
2020-10-30,Deposit Facility,3.0
2020-11-02,Deposit Facility,3.0
2020-11-03,Deposit Facility,3.0
2020-11-04,Deposit Facility,3.0
2020-11-05,Deposit Facility,3.0
2020-11-06,Deposit Facility,3.0
2020-11-09,Deposit Facility,3.0
2020-11-10,Deposit Facility,3.0
2020-11-11,Deposit Facility,3.0
2020-11-12,Deposit Facility,3.0
2020-11-13,Deposit Facility,3.0
2020-11-16,Deposit Facility,3.0
2020-11-17,Deposit Facility,3.0
2020-11-18,Deposit Facility,3.0
2020-11-19,Deposit Facility,2.75
2020-11-20,Deposit Facility,2.75
2020-11-23,Deposit Facility,2.75
2020-11-24,Deposit Facility,2.75
2020-11-25,Deposit Facility,2.75
2020-11-26,Deposit Facility,2.75
2020-11-27,Deposit Facility,2.75
2020-11-30,Deposit Facility,2.75
2020-12-01,Deposit Facility,2.75
2020-12-02,Deposit Facility,2.75
2020-12-03,Deposit Facility,2.75
2020-12-04,Deposit Facility,2.75
2020-12-07,Deposit Facility,2.75
2020-12-08,Deposit Facility,2.75
2020-12-09,Deposit Facility,2.75
2020-12-10,Deposit Facility,2.75
2020-12-11,Deposit Facility,2.75
2020-12-14,Deposit Facility,2.75
2020-12-15,Deposit Facility,2.75
2020-12-16,Deposit Facility,2.75
2020-12-17,Deposit Facility,2.75
2020-12-18,Deposit Facility,2.75
2020-12-21,Deposit Facility,2.75
2020-12-22,Deposit Facility,2.75
2020-12-23,Deposit Facility,2.75
2020-12-24,Deposit Facility,2.75
2020-12-25,Deposit Facility,2.75
2020-12-28,Deposit Facility,2.75
2020-12-29,Deposit Facility,2.75
2020-12-30,Deposit Facility,2.75
2020-12-31,Deposit Facility,2.75
2021-01-01,Deposit Facility,2.75
2021-01-04,Deposit Facility,2.75
2021-01-05,Deposit Facility,2.75
2021-01-06,Deposit Facility,2.75
2021-01-07,Deposit Facility,2.75
2021-01-08,Deposit Facility,2.75
2021-01-11,Deposit Facility,2.75
2021-01-12,Deposit Facility,2.75
2021-01-13,Deposit Facility,2.75
2021-01-14,Deposit Facility,2.75
2021-01-15,Deposit Facility,2.75
2021-01-18,Deposit Facility,2.75
2021-01-19,Deposit Facility,2.75
2021-01-20,Deposit Facility,2.75
2021-01-21,Deposit Facility,2.75
2021-01-22,Deposit Facility,2.75
2021-01-25,Deposit Facility,2.75
2021-01-26,Deposit Facility,2.75
2021-01-27,Deposit Facility,2.75
2021-01-28,Deposit Facility,2.75
2021-01-29,Deposit Facility,2.75
2021-02-01,Deposit Facility,2.75
2021-02-02,Deposit Facility,2.75
2021-02-03,Deposit Facility,2.75
2021-02-04,Deposit Facility,2.75
2021-02-05,Deposit Facility,2.75
2021-02-08,Deposit Facility,2.75
2021-02-09,Deposit Facility,2.75
2021-02-10,Deposit Facility,2.75
2021-02-11,Deposit Facility,2.75
2021-02-12,Deposit Facility,2.75
2021-02-15,Deposit Facility,2.75
2021-02-16,Deposit Facility,2.75
2021-02-17,Deposit Facility,2.75
2021-02-18,Deposit Facility,2.5
2021-02-19,Deposit Facility,2.5
2021-02-22,Deposit Facility,2.5
2021-02-23,Deposit Facility,2.5
2021-02-24,Deposit Facility,2.5
2021-02-25,Deposit Facility,2.5
2021-02-26,Deposit Facility,2.5
2021-03-01,Deposit Facility,2.5
2021-03-02,Deposit Facility,2.5
2021-03-03,Deposit Facility,2.5
2021-03-04,Deposit Facility,2.5
2021-03-05,Deposit Facility,2.5
2021-03-08,Deposit Facility,2.5
2021-03-09,Deposit Facility,2.5
2021-03-10,Deposit Facility,2.5
2021-03-11,Deposit Facility,2.5
2021-03-12,Deposit Facility,2.5
2021-03-15,Deposit Facility,2.5
2021-03-16,Deposit Facility,2.5
2021-03-17,Deposit Facility,2.5
2021-03-18,Deposit Facility,2.5
2021-03-19,Deposit Facility,2.5
2021-03-22,Deposit Facility,2.5
2021-03-23,Deposit Facility,2.5
2021-03-24,Deposit Facility,2.5
2021-03-25,Deposit Facility,2.5
2021-03-26,Deposit Facility,2.5
2021-03-29,Deposit Facility,2.5
2021-03-30,Deposit Facility,2.5
2021-03-31,Deposit Facility,2.5
2021-04-01,Deposit Facility,2.5
2021-04-02,Deposit Facility,2.5
2021-04-05,Deposit Facility,2.5
2021-04-06,Deposit Facility,2.5
2021-04-07,Deposit Facility,2.5
2021-04-08,Deposit Facility,2.5
2021-04-09,Deposit Facility,2.5
2021-04-12,Deposit Facility,2.5
2021-04-13,Deposit Facility,2.5
2021-04-14,Deposit Facility,2.5
2021-04-15,Deposit Facility,2.5
2021-04-16,Deposit Facility,2.5
2021-04-19,Deposit Facility,2.5
2021-04-20,Deposit Facility,2.5
2021-04-21,Deposit Facility,2.5
2021-04-22,Deposit Facility,2.5
2021-04-23,Deposit Facility,2.5
2021-04-26,Deposit Facility,2.5
2021-04-27,Deposit Facility,2.5
2021-04-28,Deposit Facility,2.5
2021-04-29,Deposit Facility,2.5
2021-04-30,Deposit Facility,2.5
2021-05-03,Deposit Facility,2.5
2021-05-04,Deposit Facility,2.5
2021-05-05,Deposit Facility,2.5
2021-05-06,Deposit Facility,2.5
2021-05-07,Deposit Facility,2.5
2021-05-10,Deposit Facility,2.5
2021-05-11,Deposit Facility,2.5
2021-05-12,Deposit Facility,2.5
2021-05-13,Deposit Facility,2.5
2021-05-14,Deposit Facility,2.5
2021-05-17,Deposit Facility,2.5
2021-05-18,Deposit Facility,2.5
2021-05-19,Deposit Facility,2.5
2021-05-20,Deposit Facility,2.5
2021-05-21,Deposit Facility,2.5
2021-05-24,Deposit Facility,2.5
2021-05-25,Deposit Facility,2.5
2021-05-26,Deposit Facility,2.5
2021-05-27,Deposit Facility,2.5
2021-05-28,Deposit Facility,2.5
2021-05-31,Deposit Facility,2.5
2021-06-01,Deposit Facility,2.5
2021-06-02,Deposit Facility,2.5
2021-06-03,Deposit Facility,2.5
2021-06-04,Deposit Facility,2.5
2021-06-07,Deposit Facility,2.5
2021-06-08,Deposit Facility,2.5
2021-06-09,Deposit Facility,2.5
2021-06-10,Deposit Facility,2.5
2021-06-11,Deposit Facility,2.5
2021-06-14,Deposit Facility,2.5
2021-06-15,Deposit Facility,2.5
2021-06-16,Deposit Facility,2.5
2021-06-17,Deposit Facility,2.5
2021-06-18,Deposit Facility,2.5
2021-06-21,Deposit Facility,2.5
2021-06-22,Deposit Facility,2.5
2021-06-23,Deposit Facility,2.5
2021-06-24,Deposit Facility,2.5
2021-06-25,Deposit Facility,2.5
2021-06-28,Deposit Facility,2.5
2021-06-29,Deposit Facility,2.5
2021-06-30,Deposit Facility,2.5
2021-07-01,Deposit Facility,2.5
2021-07-02,Deposit Facility,2.5
2021-07-05,Deposit Facility,2.5
2021-07-06,Deposit Facility,2.5
2021-07-07,Deposit Facility,2.5
2021-07-08,Deposit Facility,2.5
2021-07-09,Deposit Facility,2.5
2021-07-12,Deposit Facility,2.5
2021-07-13,Deposit Facility,2.5
2021-07-14,Deposit Facility,2.5
2021-07-15,Deposit Facility,2.5
2021-07-16,Deposit Facility,2.5
2021-07-19,Deposit Facility,2.5
2021-07-20,Deposit Facility,2.5
2021-07-21,Deposit Facility,2.5
2021-07-22,Deposit Facility,2.5
2021-07-23,Deposit Facility,2.5
2021-07-26,Deposit Facility,2.5
2021-07-27,Deposit Facility,2.5
2021-07-28,Deposit Facility,2.5
2021-07-29,Deposit Facility,2.5
2021-07-30,Deposit Facility,2.5
2021-08-02,Deposit Facility,2.5
2021-08-03,Deposit Facility,2.5
2021-08-04,Deposit Facility,2.5
2021-08-05,Deposit Facility,2.5
2021-08-06,Deposit Facility,2.5
2021-08-09,Deposit Facility,2.5
2021-08-10,Deposit Facility,2.5
2021-08-11,Deposit Facility,2.5
2021-08-12,Deposit Facility,2.5
2021-08-13,Deposit Facility,2.5
2021-08-16,Deposit Facility,2.5
2021-08-17,Deposit Facility,2.5
2021-08-18,Deposit Facility,2.5
2021-08-19,Deposit Facility,2.5
2021-08-20,Deposit Facility,2.5
2021-08-23,Deposit Facility,2.5
2021-08-24,Deposit Facility,2.5
2021-08-25,Deposit Facility,2.5
2021-08-26,Deposit Facility,2.5
2021-08-27,Deposit Facility,2.5
2021-08-30,Deposit Facility,2.5
2021-08-31,Deposit Facility,2.5
2021-09-01,Deposit Facility,2.5
2021-09-02,Deposit Facility,2.5
2021-09-03,Deposit Facility,2.5
2021-09-06,Deposit Facility,2.5
2021-09-07,Deposit Facility,2.5
2021-09-08,Deposit Facility,2.5
2021-09-09,Deposit Facility,2.5
2021-09-10,Deposit Facility,2.5
2021-09-13,Deposit Facility,2.5
2021-09-14,Deposit Facility,2.5
2021-09-15,Deposit Facility,2.5
2021-09-16,Deposit Facility,2.5
2021-09-17,Deposit Facility,2.5
2021-09-20,Deposit Facility,2.5
2021-09-21,Deposit Facility,2.5
2021-09-22,Deposit Facility,2.5
2021-09-23,Deposit Facility,2.5
2021-09-24,Deposit Facility,2.5
2021-09-27,Deposit Facility,2.5
2021-09-28,Deposit Facility,2.5
2021-09-29,Deposit Facility,2.5
2021-09-30,Deposit Facility,2.5
2021-10-01,Deposit Facility,2.5
2021-10-04,Deposit Facility,2.5
2021-10-05,Deposit Facility,2.5
2021-10-06,Deposit Facility,2.5
2021-10-07,Deposit Facility,2.5
2021-10-08,Deposit Facility,2.5
2021-10-11,Deposit Facility,2.5
2021-10-12,Deposit Facility,2.5
2021-10-13,Deposit Facility,2.5
2021-10-14,Deposit Facility,2.5
2021-10-15,Deposit Facility,2.5
2021-10-18,Deposit Facility,2.5
2021-10-19,Deposit Facility,2.5
2021-10-20,Deposit Facility,2.5
2021-10-21,Deposit Facility,2.5
2021-10-22,Deposit Facility,2.5
2021-10-25,Deposit Facility,2.5
2021-10-26,Deposit Facility,2.5
2021-10-27,Deposit Facility,2.5
2021-10-28,Deposit Facility,2.5
2021-10-29,Deposit Facility,2.5
2021-11-01,Deposit Facility,2.5
2021-11-02,Deposit Facility,2.5
2021-11-03,Deposit Facility,2.5
2021-11-04,Deposit Facility,2.5
2021-11-05,Deposit Facility,2.5
2021-11-08,Deposit Facility,2.5
2021-11-09,Deposit Facility,2.5
2021-11-10,Deposit Facility,2.5
2021-11-11,Deposit Facility,2.5
2021-11-12,Deposit Facility,2.5
2021-11-15,Deposit Facility,2.5
2021-11-16,Deposit Facility,2.5
2021-11-17,Deposit Facility,2.5
2021-11-18,Deposit Facility,2.5
2021-11-19,Deposit Facility,2.5
2021-11-22,Deposit Facility,2.5
2021-11-23,Deposit Facility,2.5
2021-11-24,Deposit Facility,2.5
2021-11-25,Deposit Facility,2.5
2021-11-26,Deposit Facility,2.5
2021-11-29,Deposit Facility,2.5
2021-11-30,Deposit Facility,2.5
2021-12-01,Deposit Facility,2.5
2021-12-02,Deposit Facility,2.5
2021-12-03,Deposit Facility,2.5
2021-12-06,Deposit Facility,2.5
2021-12-07,Deposit Facility,2.5
2021-12-08,Deposit Facility,2.5
2021-12-09,Deposit Facility,2.5
2021-12-10,Deposit Facility,2.5
2021-12-13,Deposit Facility,2.5
2021-12-14,Deposit Facility,2.5
2021-12-15,Deposit Facility,2.5
2021-12-16,Deposit Facility,2.5
2021-12-17,Deposit Facility,2.5
2021-12-20,Deposit Facility,2.5
2021-12-21,Deposit Facility,2.5
2021-12-22,Deposit Facility,2.5
2021-12-23,Deposit Facility,2.5
2021-12-24,Deposit Facility,2.5
2021-12-27,Deposit Facility,2.5
2021-12-28,Deposit Facility,2.5
2021-12-29,Deposit Facility,2.5
2021-12-30,Deposit Facility,2.5
2021-12-31,Deposit Facility,2.5
2022-01-03,Deposit Facility,2.5
2022-01-04,Deposit Facility,2.5
2022-01-05,Deposit Facility,2.5
2022-01-06,Deposit Facility,2.5
2022-01-07,Deposit Facility,2.5
2022-01-10,Deposit Facility,2.5
2022-01-11,Deposit Facility,2.5
2022-01-12,Deposit Facility,2.5
2022-01-13,Deposit Facility,2.5
2022-01-14,Deposit Facility,2.5
2022-01-17,Deposit Facility,2.5
2022-01-18,Deposit Facility,2.5
2022-01-19,Deposit Facility,2.5
2022-01-20,Deposit Facility,2.5
2022-01-21,Deposit Facility,2.5
2022-01-24,Deposit Facility,2.5
2022-01-25,Deposit Facility,2.5
2022-01-26,Deposit Facility,2.5
2022-01-27,Deposit Facility,2.5
2022-01-28,Deposit Facility,2.5
2022-01-31,Deposit Facility,2.5
2022-02-01,Deposit Facility,2.5
2022-02-02,Deposit Facility,2.5
2022-02-03,Deposit Facility,2.5
2022-02-04,Deposit Facility,2.5
2022-02-07,Deposit Facility,2.5
2022-02-08,Deposit Facility,2.5
2022-02-09,Deposit Facility,2.5
2022-02-10,Deposit Facility,2.5
2022-02-11,Deposit Facility,2.5
2022-02-14,Deposit Facility,2.5
2022-02-15,Deposit Facility,2.5
2022-02-16,Deposit Facility,2.5
2022-02-17,Deposit Facility,2.5
2022-02-18,Deposit Facility,2.5
2022-02-21,Deposit Facility,2.5
2022-02-22,Deposit Facility,2.5
2022-02-23,Deposit Facility,2.5
2022-02-24,Deposit Facility,2.5
2022-02-25,Deposit Facility,2.5
2022-02-28,Deposit Facility,2.5
2022-03-01,Deposit Facility,2.5
2022-03-02,Deposit Facility,2.5
2022-03-03,Deposit Facility,2.5
2022-03-04,Deposit Facility,2.5
2022-03-07,Deposit Facility,2.5
2022-03-08,Deposit Facility,2.5
2022-03-09,Deposit Facility,2.5
2022-03-10,Deposit Facility,2.5
2022-03-11,Deposit Facility,2.5
2022-03-14,Deposit Facility,2.5
2022-03-15,Deposit Facility,2.5
2022-03-16,Deposit Facility,2.5
2022-03-17,Deposit Facility,2.5
2022-03-18,Deposit Facility,2.5
2022-03-21,Deposit Facility,2.5
2022-03-22,Deposit Facility,2.5
2022-03-23,Deposit Facility,2.5
2022-03-24,Deposit Facility,2.5
2022-03-25,Deposit Facility,2.5
2022-03-28,Deposit Facility,2.5
2022-03-29,Deposit Facility,2.5
2022-03-30,Deposit Facility,2.5
2022-03-31,Deposit Facility,2.5
2022-04-01,Deposit Facility,2.5
2022-04-04,Deposit Facility,2.5
2022-04-05,Deposit Facility,2.5
2022-04-06,Deposit Facility,2.5
2022-04-07,Deposit Facility,2.5
2022-04-08,Deposit Facility,2.5
2022-04-11,Deposit Facility,2.5
2022-04-12,Deposit Facility,2.5
2022-04-13,Deposit Facility,2.5
2022-04-14,Deposit Facility,2.5
2022-04-15,Deposit Facility,2.5
2022-04-18,Deposit Facility,2.5
2022-04-19,Deposit Facility,2.5
2022-04-20,Deposit Facility,2.5
2022-04-21,Deposit Facility,2.5
2022-04-22,Deposit Facility,2.5
2022-04-25,Deposit Facility,2.5
2022-04-26,Deposit Facility,2.5
2022-04-27,Deposit Facility,2.5
2022-04-28,Deposit Facility,2.5
2022-04-29,Deposit Facility,2.5
2022-05-02,Deposit Facility,2.5
2022-05-03,Deposit Facility,2.5
2022-05-04,Deposit Facility,2.5
2022-05-05,Deposit Facility,2.5
2022-05-06,Deposit Facility,2.5
2022-05-09,Deposit Facility,2.5
2022-05-10,Deposit Facility,2.5
2022-05-11,Deposit Facility,2.5
2022-05-12,Deposit Facility,2.5
2022-05-13,Deposit Facility,2.5
2022-05-16,Deposit Facility,2.5
2022-05-17,Deposit Facility,2.5
2022-05-18,Deposit Facility,2.5
2022-05-19,Deposit Facility,2.5
2022-05-20,Deposit Facility,2.5
2022-05-23,Deposit Facility,2.5
2022-05-24,Deposit Facility,2.5
2022-05-25,Deposit Facility,2.5
2022-05-26,Deposit Facility,2.5
2022-05-27,Deposit Facility,2.5
2022-05-30,Deposit Facility,2.5
2022-05-31,Deposit Facility,2.5
2022-06-01,Deposit Facility,2.5
2022-06-02,Deposit Facility,2.5
2022-06-03,Deposit Facility,2.5
2022-06-06,Deposit Facility,2.5
2022-06-07,Deposit Facility,2.5
2022-06-08,Deposit Facility,2.5
2022-06-09,Deposit Facility,2.5
2022-06-10,Deposit Facility,2.5
2022-06-13,Deposit Facility,2.5
2022-06-14,Deposit Facility,2.5
2022-06-15,Deposit Facility,2.5
2022-06-16,Deposit Facility,2.5
2022-06-17,Deposit Facility,2.5
2022-06-20,Deposit Facility,2.5
2022-06-21,Deposit Facility,2.5
2022-06-22,Deposit Facility,2.5
2022-06-23,Deposit Facility,2.5
2022-06-24,Deposit Facility,2.5
2022-06-27,Deposit Facility,2.5
2022-06-28,Deposit Facility,2.5
2022-06-29,Deposit Facility,2.5
2022-06-30,Deposit Facility,2.5
2022-07-01,Deposit Facility,2.5
2022-07-04,Deposit Facility,2.5
2022-07-05,Deposit Facility,2.5
2022-07-06,Deposit Facility,2.5
2022-07-07,Deposit Facility,2.5
2022-07-08,Deposit Facility,2.5
2022-07-11,Deposit Facility,2.5
2022-07-12,Deposit Facility,2.5
2022-07-13,Deposit Facility,2.5
2022-07-14,Deposit Facility,2.5
2022-07-15,Deposit Facility,2.5
2022-07-18,Deposit Facility,2.5
2022-07-19,Deposit Facility,2.5
2022-07-20,Deposit Facility,2.5
2022-07-21,Deposit Facility,2.5
2022-07-22,Deposit Facility,2.5
2022-07-25,Deposit Facility,2.5
2022-07-26,Deposit Facility,2.5
2022-07-27,Deposit Facility,2.5
2022-07-28,Deposit Facility,2.5
2022-07-29,Deposit Facility,2.5
2022-08-01,Deposit Facility,2.5
2022-08-02,Deposit Facility,2.5
2022-08-03,Deposit Facility,2.5
2022-08-04,Deposit Facility,2.5
2022-08-05,Deposit Facility,2.5
2022-08-08,Deposit Facility,2.5
2022-08-09,Deposit Facility,2.5
2022-08-10,Deposit Facility,2.5
2022-08-11,Deposit Facility,2.5
2022-08-12,Deposit Facility,2.5
2022-08-15,Deposit Facility,2.5
2022-08-16,Deposit Facility,2.5
2022-08-17,Deposit Facility,2.5
2022-08-18,Deposit Facility,2.5
2022-08-19,Deposit Facility,2.5
2022-08-22,Deposit Facility,2.5
2022-08-23,Deposit Facility,2.75
2022-08-24,Deposit Facility,2.75
2022-08-25,Deposit Facility,2.75
2022-08-26,Deposit Facility,2.75
2022-08-29,Deposit Facility,2.75
2022-08-30,Deposit Facility,2.75
2022-08-31,Deposit Facility,2.75
2022-09-01,Deposit Facility,2.75
2022-09-02,Deposit Facility,2.75
2022-09-05,Deposit Facility,2.75
2022-09-06,Deposit Facility,2.75
2022-09-07,Deposit Facility,2.75
2022-09-08,Deposit Facility,2.75
2022-09-09,Deposit Facility,2.75
2022-09-12,Deposit Facility,2.75
2022-09-13,Deposit Facility,2.75
2022-09-14,Deposit Facility,2.75
2022-09-15,Deposit Facility,2.75
2022-09-16,Deposit Facility,2.75
2022-09-19,Deposit Facility,2.75
2022-09-20,Deposit Facility,2.75
2022-09-21,Deposit Facility,2.75
2022-09-22,Deposit Facility,3.25
2022-09-23,Deposit Facility,3.25
2022-09-26,Deposit Facility,3.25
2022-09-27,Deposit Facility,3.25
2022-09-28,Deposit Facility,3.25
2022-09-29,Deposit Facility,3.25
2022-09-30,Deposit Facility,3.25
2022-10-03,Deposit Facility,3.25
2022-10-04,Deposit Facility,3.25
2022-10-05,Deposit Facility,3.25
2022-10-06,Deposit Facility,3.25
2022-10-07,Deposit Facility,3.25
2022-10-10,Deposit Facility,3.25
2022-10-11,Deposit Facility,3.25
2022-10-12,Deposit Facility,3.25
2022-10-13,Deposit Facility,3.25
2022-10-14,Deposit Facility,3.25
2022-10-17,Deposit Facility,3.25
2022-10-18,Deposit Facility,3.25
2022-10-19,Deposit Facility,3.25
2022-10-20,Deposit Facility,3.75
2022-10-21,Deposit Facility,3.75
2022-10-24,Deposit Facility,3.75
2022-10-25,Deposit Facility,3.75
2022-10-26,Deposit Facility,3.75
2022-10-27,Deposit Facility,3.75
2022-10-28,Deposit Facility,3.75
2022-10-31,Deposit Facility,3.75
2022-11-01,Deposit Facility,3.75
2022-11-02,Deposit Facility,3.75
2022-11-03,Deposit Facility,3.75
2022-11-04,Deposit Facility,3.75
2022-11-07,Deposit Facility,3.75
2022-11-08,Deposit Facility,3.75
2022-11-09,Deposit Facility,3.75
2022-11-10,Deposit Facility,3.75
2022-11-11,Deposit Facility,3.75
2022-11-14,Deposit Facility,3.75
2022-11-15,Deposit Facility,3.75
2022-11-16,Deposit Facility,3.75
2022-11-17,Deposit Facility,4.25
2022-11-18,Deposit Facility,4.25
2022-11-21,Deposit Facility,4.25
2022-11-22,Deposit Facility,4.25
2022-11-23,Deposit Facility,4.25
2022-11-24,Deposit Facility,4.25
2022-11-25,Deposit Facility,4.25
2022-11-28,Deposit Facility,4.25
2022-11-29,Deposit Facility,4.25
2022-11-30,Deposit Facility,4.25
2022-12-01,Deposit Facility,4.25
2022-12-02,Deposit Facility,4.25
2022-12-05,Deposit Facility,4.25
2022-12-06,Deposit Facility,4.25
2022-12-07,Deposit Facility,4.25
2022-12-08,Deposit Facility,4.25
2022-12-09,Deposit Facility,4.25
2022-12-12,Deposit Facility,4.25
2022-12-13,Deposit Facility,4.25
2022-12-14,Deposit Facility,4.25
2022-12-15,Deposit Facility,4.25
2022-12-16,Deposit Facility,4.25
2022-12-19,Deposit Facility,4.25
2022-12-20,Deposit Facility,4.25
2022-12-21,Deposit Facility,4.25
2022-12-22,Deposit Facility,4.5
2022-12-23,Deposit Facility,4.5
2022-12-26,Deposit Facility,4.5
2022-12-27,Deposit Facility,4.5
2022-12-28,Deposit Facility,4.5
2022-12-29,Deposit Facility,4.5
2022-12-30,Deposit Facility,4.5
2023-01-02,Deposit Facility,4.5
2023-01-03,Deposit Facility,4.5
2023-01-04,Deposit Facility,4.5
2023-01-05,Deposit Facility,4.5
2023-01-06,Deposit Facility,4.5
2023-01-09,Deposit Facility,4.5
2023-01-10,Deposit Facility,4.5
2023-01-11,Deposit Facility,4.5
2023-01-12,Deposit Facility,4.5
2023-01-13,Deposit Facility,4.5
2023-01-16,Deposit Facility,4.5
2023-01-17,Deposit Facility,4.5
2023-01-18,Deposit Facility,4.5
2023-01-19,Deposit Facility,4.75
2023-01-20,Deposit Facility,4.75
2023-01-23,Deposit Facility,4.75
2023-01-24,Deposit Facility,4.75
2023-01-25,Deposit Facility,4.75
2023-01-26,Deposit Facility,4.75
2023-01-27,Deposit Facility,4.75
2023-01-30,Deposit Facility,4.75
2023-01-31,Deposit Facility,4.75
2023-02-01,Deposit Facility,4.75
2023-02-02,Deposit Facility,4.75
2023-02-03,Deposit Facility,4.75
2023-02-06,Deposit Facility,4.75
2023-02-07,Deposit Facility,4.75
2023-02-08,Deposit Facility,4.75
2023-02-09,Deposit Facility,4.75
2023-02-10,Deposit Facility,4.75
2023-02-13,Deposit Facility,4.75
2023-02-14,Deposit Facility,4.75
2023-02-15,Deposit Facility,4.75
2023-02-16,Deposit Facility,4.75
2023-02-17,Deposit Facility,4.75
2023-02-20,Deposit Facility,4.75
2023-02-21,Deposit Facility,4.75
2023-02-22,Deposit Facility,4.75
2023-02-23,Deposit Facility,4.75
2023-02-24,Deposit Facility,4.75
2023-02-27,Deposit Facility,4.75
2023-02-28,Deposit Facility,4.75
2023-03-01,Deposit Facility,4.75
2023-03-02,Deposit Facility,4.75
2023-03-03,Deposit Facility,4.75
2023-03-06,Deposit Facility,4.75
2023-03-07,Deposit Facility,4.75
2023-03-08,Deposit Facility,4.75
2023-03-09,Deposit Facility,4.75
2023-03-10,Deposit Facility,4.75
2023-03-13,Deposit Facility,4.75
2023-03-14,Deposit Facility,4.75
2023-03-15,Deposit Facility,4.75
2023-03-16,Deposit Facility,4.75
2023-03-17,Deposit Facility,4.75
2023-03-20,Deposit Facility,4.75
2023-03-21,Deposit Facility,4.75
2023-03-22,Deposit Facility,4.75
2023-03-23,Deposit Facility,4.75
2023-03-24,Deposit Facility,4.75
2023-03-27,Deposit Facility,4.75
2023-03-28,Deposit Facility,4.75
2023-03-29,Deposit Facility,4.75
2023-03-30,Deposit Facility,4.75
2023-03-31,Deposit Facility,4.75
2023-04-03,Deposit Facility,4.75
2023-04-04,Deposit Facility,4.75
2023-04-05,Deposit Facility,4.75
2023-04-06,Deposit Facility,4.75
2023-04-07,Deposit Facility,4.75
2023-04-10,Deposit Facility,4.75
2023-04-11,Deposit Facility,4.75
2023-04-12,Deposit Facility,4.75
2023-04-13,Deposit Facility,4.75
2023-04-14,Deposit Facility,4.75
2023-04-17,Deposit Facility,4.75
2023-04-18,Deposit Facility,4.75
2023-04-19,Deposit Facility,4.75
2023-04-20,Deposit Facility,4.75
2023-04-21,Deposit Facility,4.75
2023-04-24,Deposit Facility,4.75
2023-04-25,Deposit Facility,4.75
2023-04-26,Deposit Facility,4.75
2023-04-27,Deposit Facility,4.75
2023-04-28,Deposit Facility,4.75
2023-05-01,Deposit Facility,4.75
2023-05-02,Deposit Facility,4.75
2023-05-03,Deposit Facility,4.75
2023-05-04,Deposit Facility,4.75
2023-05-05,Deposit Facility,4.75
2023-05-08,Deposit Facility,4.75
2023-05-09,Deposit Facility,4.75
2023-05-10,Deposit Facility,4.75
2023-05-11,Deposit Facility,4.75
2023-05-12,Deposit Facility,4.75
2023-05-15,Deposit Facility,4.75
2023-05-16,Deposit Facility,4.75
2023-05-17,Deposit Facility,4.75
2023-05-18,Deposit Facility,4.75
2023-05-19,Deposit Facility,4.75
2023-05-22,Deposit Facility,4.75
2023-05-23,Deposit Facility,4.75
2023-05-24,Deposit Facility,4.75
2023-05-25,Deposit Facility,4.75
2023-05-26,Deposit Facility,4.75
2023-05-29,Deposit Facility,4.75
2023-05-30,Deposit Facility,4.75
2023-05-31,Deposit Facility,4.75
2023-06-01,Deposit Facility,4.75
2023-06-02,Deposit Facility,4.75
2023-06-05,Deposit Facility,4.75
2023-06-06,Deposit Facility,4.75
2023-06-07,Deposit Facility,4.75
2023-06-08,Deposit Facility,4.75
2023-06-09,Deposit Facility,4.75
2023-06-12,Deposit Facility,4.75
2023-06-13,Deposit Facility,4.75
2023-06-14,Deposit Facility,4.75
2023-06-15,Deposit Facility,4.75
2023-06-16,Deposit Facility,4.75
2023-06-19,Deposit Facility,4.75
2023-06-20,Deposit Facility,4.75
2023-06-21,Deposit Facility,4.75
2023-06-22,Deposit Facility,4.75
2023-06-23,Deposit Facility,4.75
2023-06-26,Deposit Facility,4.75
2023-06-27,Deposit Facility,4.75
2023-06-28,Deposit Facility,4.75
2023-06-29,Deposit Facility,4.75
2023-06-30,Deposit Facility,4.75
2023-07-03,Deposit Facility,4.75
2023-07-04,Deposit Facility,4.75
2023-07-05,Deposit Facility,4.75
2023-07-06,Deposit Facility,4.75
2023-07-07,Deposit Facility,4.75
2023-07-10,Deposit Facility,4.75
2023-07-11,Deposit Facility,4.75
2023-07-12,Deposit Facility,4.75
2023-07-13,Deposit Facility,4.75
2023-07-14,Deposit Facility,4.75
2023-07-17,Deposit Facility,4.75
2023-07-18,Deposit Facility,4.75
2023-07-19,Deposit Facility,4.75
2023-07-20,Deposit Facility,4.75
2023-07-21,Deposit Facility,4.75
2023-07-24,Deposit Facility,4.75
2023-07-25,Deposit Facility,4.75
2023-07-26,Deposit Facility,4.75
2023-07-27,Deposit Facility,4.75
2023-07-28,Deposit Facility,4.75
2023-07-31,Deposit Facility,4.75
2023-08-01,Deposit Facility,4.75
2023-08-02,Deposit Facility,4.75
2023-08-03,Deposit Facility,4.75
2023-08-04,Deposit Facility,4.75
2023-08-07,Deposit Facility,4.75
2023-08-08,Deposit Facility,4.75
2023-08-09,Deposit Facility,4.75
2023-08-10,Deposit Facility,4.75
2023-08-11,Deposit Facility,4.75
2023-08-14,Deposit Facility,4.75
2023-08-15,Deposit Facility,4.75
2023-08-16,Deposit Facility,4.75
2023-08-17,Deposit Facility,4.75
2023-08-18,Deposit Facility,4.75
2023-08-21,Deposit Facility,4.75
2023-08-22,Deposit Facility,4.75
2023-08-23,Deposit Facility,4.75
2023-08-24,Deposit Facility,4.75
2023-08-25,Deposit Facility,4.75
2023-08-28,Deposit Facility,4.75
2023-08-29,Deposit Facility,4.75
2023-08-30,Deposit Facility,4.75
2023-08-31,Deposit Facility,4.75
2023-09-01,Deposit Facility,4.75
2023-09-04,Deposit Facility,4.75
2023-09-05,Deposit Facility,4.75
2023-09-06,Deposit Facility,4.75
2023-09-07,Deposit Facility,4.75
2023-09-08,Deposit Facility,4.75
2023-09-11,Deposit Facility,4.75
2023-09-12,Deposit Facility,4.75
2023-09-13,Deposit Facility,4.75
2023-09-14,Deposit Facility,4.75
2023-09-15,Deposit Facility,4.75
2023-09-18,Deposit Facility,4.75
2023-09-19,Deposit Facility,4.75
2023-09-20,Deposit Facility,4.75
2023-09-21,Deposit Facility,4.75
2023-09-22,Deposit Facility,4.75
2023-09-25,Deposit Facility,4.75
2023-09-26,Deposit Facility,4.75
2023-09-27,Deposit Facility,4.75
2023-09-28,Deposit Facility,4.75
2023-09-29,Deposit Facility,4.75
2023-10-02,Deposit Facility,4.75
2023-10-03,Deposit Facility,4.75
2023-10-04,Deposit Facility,4.75
2023-10-05,Deposit Facility,4.75
2023-10-06,Deposit Facility,4.75
2023-10-09,Deposit Facility,4.75
2023-10-10,Deposit Facility,4.75
2023-10-11,Deposit Facility,4.75
2023-10-12,Deposit Facility,4.75
2023-10-13,Deposit Facility,4.75
2023-10-16,Deposit Facility,4.75
2023-10-17,Deposit Facility,4.75
2023-10-18,Deposit Facility,4.75
2023-10-19,Deposit Facility,5.0
2023-10-20,Deposit Facility,5.0
2023-10-23,Deposit Facility,5.0
2023-10-24,Deposit Facility,5.0
2023-10-25,Deposit Facility,5.0
2023-10-26,Deposit Facility,5.0
2023-10-27,Deposit Facility,5.0
2023-10-30,Deposit Facility,5.0
2023-10-31,Deposit Facility,5.0
2023-11-01,Deposit Facility,5.0
2023-11-02,Deposit Facility,5.0
2023-11-03,Deposit Facility,5.0
2023-11-06,Deposit Facility,5.0
2023-11-07,Deposit Facility,5.0
2023-11-08,Deposit Facility,5.0
2023-11-09,Deposit Facility,5.0
2023-11-10,Deposit Facility,5.0
2023-11-13,Deposit Facility,5.0
2023-11-14,Deposit Facility,5.0
2023-11-15,Deposit Facility,5.0
2023-11-16,Deposit Facility,5.0
2023-11-17,Deposit Facility,5.0
2023-11-20,Deposit Facility,5.0
2023-11-21,Deposit Facility,5.0
2023-11-22,Deposit Facility,5.0
2023-11-23,Deposit Facility,5.0
2023-11-24,Deposit Facility,5.0
2023-11-27,Deposit Facility,5.0
2023-11-28,Deposit Facility,5.0
2023-11-29,Deposit Facility,5.0
2023-11-30,Deposit Facility,5.0
2023-12-01,Deposit Facility,5.0
2023-12-04,Deposit Facility,5.0
2023-12-05,Deposit Facility,5.0
2023-12-06,Deposit Facility,5.0
2023-12-07,Deposit Facility,5.0
2023-12-08,Deposit Facility,5.0
2023-12-11,Deposit Facility,5.0
2023-12-12,Deposit Facility,5.0
2023-12-13,Deposit Facility,5.0
2023-12-14,Deposit Facility,5.0
2023-12-15,Deposit Facility,5.0
2023-12-18,Deposit Facility,5.0
2023-12-19,Deposit Facility,5.0
2023-12-20,Deposit Facility,5.0
2023-12-21,Deposit Facility,5.0
2023-12-22,Deposit Facility,5.0
2023-12-25,Deposit Facility,5.0
2023-12-26,Deposit Facility,5.0
2023-12-27,Deposit Facility,5.0
2023-12-28,Deposit Facility,5.0
2023-12-29,Deposit Facility,5.0
2024-01-01,Deposit Facility,5.0
2024-01-02,Deposit Facility,5.0
2024-01-03,Deposit Facility,5.0
2024-01-04,Deposit Facility,5.0
2024-01-05,Deposit Facility,5.0
2024-01-08,Deposit Facility,5.0
2024-01-09,Deposit Facility,5.0
2024-01-10,Deposit Facility,5.0
2024-01-11,Deposit Facility,5.0
2024-01-12,Deposit Facility,5.0
2024-01-15,Deposit Facility,5.0
2024-01-16,Deposit Facility,5.0
2024-01-17,Deposit Facility,5.0
2024-01-18,Deposit Facility,5.0
2024-01-19,Deposit Facility,5.0
2024-01-22,Deposit Facility,5.0
2024-01-23,Deposit Facility,5.0
2024-01-24,Deposit Facility,5.0
2024-01-25,Deposit Facility,5.0
2024-01-26,Deposit Facility,5.0
2024-01-29,Deposit Facility,5.0
2024-01-30,Deposit Facility,5.0
2024-01-31,Deposit Facility,5.0
2024-02-01,Deposit Facility,5.0
2024-02-02,Deposit Facility,5.0
2024-02-05,Deposit Facility,5.0
2024-02-06,Deposit Facility,5.0
2024-02-07,Deposit Facility,5.0
2024-02-08,Deposit Facility,5.0
2024-02-09,Deposit Facility,5.0
2024-02-12,Deposit Facility,5.0
2024-02-13,Deposit Facility,5.0
2024-02-14,Deposit Facility,5.0
2024-02-15,Deposit Facility,5.0
2024-02-16,Deposit Facility,5.0
2024-02-19,Deposit Facility,5.0
2024-02-20,Deposit Facility,5.0
2024-02-21,Deposit Facility,5.0
2024-02-22,Deposit Facility,5.0
2024-02-23,Deposit Facility,5.0
2024-02-26,Deposit Facility,5.0
2024-02-27,Deposit Facility,5.0
2024-02-28,Deposit Facility,5.0
2024-02-29,Deposit Facility,5.0
2024-03-01,Deposit Facility,5.0
2024-03-04,Deposit Facility,5.0
2024-03-05,Deposit Facility,5.0
2024-03-06,Deposit Facility,5.0
2024-03-07,Deposit Facility,5.0
2024-03-08,Deposit Facility,5.0
2024-03-11,Deposit Facility,5.0
2024-03-12,Deposit Facility,5.0
2024-03-13,Deposit Facility,5.0
2024-03-14,Deposit Facility,5.0
2024-03-15,Deposit Facility,5.0
2024-03-18,Deposit Facility,5.0
2024-03-19,Deposit Facility,5.0
2024-03-20,Deposit Facility,5.0
2024-03-21,Deposit Facility,5.0
2024-03-22,Deposit Facility,5.0
2024-03-25,Deposit Facility,5.0
2024-03-26,Deposit Facility,5.0
2024-03-27,Deposit Facility,5.0
2024-03-28,Deposit Facility,5.0
2024-03-29,Deposit Facility,5.0
2024-04-01,Deposit Facility,5.0
2024-04-02,Deposit Facility,5.0
2024-04-03,Deposit Facility,5.0
2024-04-04,Deposit Facility,5.0
2024-04-05,Deposit Facility,5.0
2024-04-08,Deposit Facility,5.0
2024-04-09,Deposit Facility,5.0
2024-04-10,Deposit Facility,5.0
2024-04-11,Deposit Facility,5.0
2024-04-12,Deposit Facility,5.0
2024-04-15,Deposit Facility,5.0
2024-04-16,Deposit Facility,5.0
2024-04-17,Deposit Facility,5.0
2024-04-18,Deposit Facility,5.0
2024-04-19,Deposit Facility,5.0
2024-04-22,Deposit Facility,5.0
2024-04-23,Deposit Facility,5.0
2024-04-24,Deposit Facility,5.25
2024-04-25,Deposit Facility,5.25
2024-04-26,Deposit Facility,5.25
2024-04-29,Deposit Facility,5.25
2024-04-30,Deposit Facility,5.25
2024-05-01,Deposit Facility,5.25
2024-05-02,Deposit Facility,5.25
2024-05-03,Deposit Facility,5.25
2024-05-06,Deposit Facility,5.25
2024-05-07,Deposit Facility,5.25
2024-05-08,Deposit Facility,5.25
2024-05-09,Deposit Facility,5.25
2024-05-10,Deposit Facility,5.25
2024-05-13,Deposit Facility,5.25
2024-05-14,Deposit Facility,5.25
2024-05-15,Deposit Facility,5.25
2024-05-16,Deposit Facility,5.25
2024-05-17,Deposit Facility,5.25
2024-05-20,Deposit Facility,5.25
2024-05-21,Deposit Facility,5.25
2024-05-22,Deposit Facility,5.25
2024-05-23,Deposit Facility,5.25
2024-05-24,Deposit Facility,5.25
2024-05-27,Deposit Facility,5.25
2024-05-28,Deposit Facility,5.25
2024-05-29,Deposit Facility,5.25
2024-05-30,Deposit Facility,5.25
2024-05-31,Deposit Facility,5.25
2024-06-03,Deposit Facility,5.25
2024-06-04,Deposit Facility,5.25
2024-06-05,Deposit Facility,5.25
2024-06-06,Deposit Facility,5.25
2024-06-07,Deposit Facility,5.25
2024-06-10,Deposit Facility,5.25
2024-06-11,Deposit Facility,5.25
2024-06-12,Deposit Facility,5.25
2024-06-13,Deposit Facility,5.25
2024-06-14,Deposit Facility,5.25
2024-06-17,Deposit Facility,5.25
2024-06-18,Deposit Facility,5.25
2024-06-19,Deposit Facility,5.25
2024-06-20,Deposit Facility,5.25
2024-06-21,Deposit Facility,5.25
2024-06-24,Deposit Facility,5.25
2024-06-25,Deposit Facility,5.25
2024-06-26,Deposit Facility,5.25
2024-06-27,Deposit Facility,5.25
2024-06-28,Deposit Facility,5.25
2024-07-01,Deposit Facility,5.25
2024-07-02,Deposit Facility,5.25
2024-07-03,Deposit Facility,5.25
2024-07-04,Deposit Facility,5.25
2024-07-05,Deposit Facility,5.25
2024-07-08,Deposit Facility,5.25
2024-07-09,Deposit Facility,5.25
2024-07-10,Deposit Facility,5.25
2024-07-11,Deposit Facility,5.25
2024-07-12,Deposit Facility,5.25
2024-07-15,Deposit Facility,5.25
2024-07-16,Deposit Facility,5.25
2024-07-17,Deposit Facility,5.25
2024-07-18,Deposit Facility,5.25
2024-07-19,Deposit Facility,5.25
2024-07-22,Deposit Facility,5.25
2024-07-23,Deposit Facility,5.25
2024-07-24,Deposit Facility,5.25
2024-07-25,Deposit Facility,5.25
2024-07-26,Deposit Facility,5.25
2024-07-29,Deposit Facility,5.25
2024-07-30,Deposit Facility,5.25
2024-07-31,Deposit Facility,5.25
2024-08-01,Deposit Facility,5.25
2024-08-02,Deposit Facility,5.25
2024-08-05,Deposit Facility,5.25
2024-08-06,Deposit Facility,5.25
2024-08-07,Deposit Facility,5.25
2024-08-08,Deposit Facility,5.25
2024-08-09,Deposit Facility,5.25
2024-08-12,Deposit Facility,5.25
2024-08-13,Deposit Facility,5.25
2024-08-14,Deposit Facility,5.25
2024-08-15,Deposit Facility,5.25
2024-08-16,Deposit Facility,5.25
2024-08-19,Deposit Facility,5.25
2024-08-20,Deposit Facility,5.25
2024-08-21,Deposit Facility,5.25
2024-08-22,Deposit Facility,5.25
2024-08-23,Deposit Facility,5.25
2024-08-26,Deposit Facility,5.25
2024-08-27,Deposit Facility,5.25
2024-08-28,Deposit Facility,5.25
2024-08-29,Deposit Facility,5.25
2024-08-30,Deposit Facility,5.25
2024-09-02,Deposit Facility,5.25
2024-09-03,Deposit Facility,5.25
2024-09-04,Deposit Facility,5.25
2024-09-05,Deposit Facility,5.25
2024-09-06,Deposit Facility,5.25
2024-09-09,Deposit Facility,5.25
2024-09-10,Deposit Facility,5.25
2024-09-11,Deposit Facility,5.25
2024-09-12,Deposit Facility,5.25
2024-09-13,Deposit Facility,5.25
2024-09-16,Deposit Facility,5.25
2024-09-17,Deposit Facility,5.25
2024-09-18,Deposit Facility,5.0
2024-09-19,Deposit Facility,5.0
2024-09-20,Deposit Facility,5.0
2024-09-23,Deposit Facility,5.0
2024-09-24,Deposit Facility,5.0
2024-09-25,Deposit Facility,5.0
2024-09-26,Deposit Facility,5.0
2024-09-27,Deposit Facility,5.0
2024-09-30,Deposit Facility,5.0
2024-10-01,Deposit Facility,5.0
2024-10-02,Deposit Facility,5.0
2024-10-03,Deposit Facility,5.0
2024-10-04,Deposit Facility,5.0
2024-10-07,Deposit Facility,5.0
2024-10-08,Deposit Facility,5.0
2024-10-09,Deposit Facility,5.0
2024-10-10,Deposit Facility,5.0
2024-10-11,Deposit Facility,5.0
2024-10-14,Deposit Facility,5.0
2024-10-15,Deposit Facility,5.0
2024-10-16,Deposit Facility,5.0
2024-10-17,Deposit Facility,5.0
2024-10-18,Deposit Facility,5.0
2024-10-21,Deposit Facility,5.0
2024-10-22,Deposit Facility,5.0
2024-10-23,Deposit Facility,5.0
2024-10-24,Deposit Facility,5.0
2024-10-25,Deposit Facility,5.0
2024-10-28,Deposit Facility,5.0
2024-10-29,Deposit Facility,5.0
2024-10-30,Deposit Facility,5.0
2024-10-31,Deposit Facility,5.0
2024-11-01,Deposit Facility,5.0
2024-11-04,Deposit Facility,5.0
2024-11-05,Deposit Facility,5.0
2024-11-06,Deposit Facility,5.0
2024-11-07,Deposit Facility,5.0
2024-11-08,Deposit Facility,5.0
2024-11-11,Deposit Facility,5.0
2024-11-12,Deposit Facility,5.0
2024-11-13,Deposit Facility,5.0
2024-11-14,Deposit Facility,5.0
2024-11-15,Deposit Facility,5.0
2024-11-18,Deposit Facility,5.0
2024-11-19,Deposit Facility,5.0
2024-11-20,Deposit Facility,5.0
2024-11-21,Deposit Facility,5.0
2024-11-22,Deposit Facility,5.0
2024-11-25,Deposit Facility,5.0
2024-11-26,Deposit Facility,5.0
2024-11-27,Deposit Facility,5.0
2024-11-28,Deposit Facility,5.0
2024-11-29,Deposit Facility,5.0
2024-12-02,Deposit Facility,5.0
2024-12-03,Deposit Facility,5.0
2024-12-04,Deposit Facility,5.0
2024-12-05,Deposit Facility,5.0
2024-12-06,Deposit Facility,5.0
2024-12-09,Deposit Facility,5.0
2024-12-10,Deposit Facility,5.0
2024-12-11,Deposit Facility,5.0
2024-12-12,Deposit Facility,5.0
2024-12-13,Deposit Facility,5.0
2024-12-16,Deposit Facility,5.0
2024-12-17,Deposit Facility,5.0
2024-12-18,Deposit Facility,5.0
2024-12-19,Deposit Facility,5.0
2024-12-20,Deposit Facility,5.0
2024-12-23,Deposit Facility,5.0
2024-12-24,Deposit Facility,5.0
2024-12-25,Deposit Facility,5.0
2024-12-26,Deposit Facility,5.0
2024-12-27,Deposit Facility,5.0
2024-12-30,Deposit Facility,5.0
2024-12-31,Deposit Facility,5.0
2025-01-01,Deposit Facility,5.0
2025-01-02,Deposit Facility,5.0
2025-01-03,Deposit Facility,5.0
2025-01-06,Deposit Facility,5.0
2025-01-07,Deposit Facility,5.0
2025-01-08,Deposit Facility,5.0
2025-01-09,Deposit Facility,5.0
2025-01-10,Deposit Facility,5.0
2025-01-13,Deposit Facility,5.0
2025-01-14,Deposit Facility,5.0
2025-01-15,Deposit Facility,4.75
2025-01-16,Deposit Facility,4.75
2025-01-17,Deposit Facility,4.75
2025-01-20,Deposit Facility,4.75
2025-01-21,Deposit Facility,4.75
2025-01-22,Deposit Facility,4.75
2025-01-23,Deposit Facility,4.75
2025-01-24,Deposit Facility,4.75
2025-01-27,Deposit Facility,4.75
2025-01-28,Deposit Facility,4.75
2025-01-29,Deposit Facility,4.75
2025-01-30,Deposit Facility,4.75
2025-01-31,Deposit Facility,4.75
2025-02-03,Deposit Facility,4.75
2025-02-04,Deposit Facility,4.75
2025-02-05,Deposit Facility,4.75
2025-02-06,Deposit Facility,4.75
2025-02-07,Deposit Facility,4.75
2025-02-10,Deposit Facility,4.75
2025-02-11,Deposit Facility,4.75
2025-02-12,Deposit Facility,4.75
2025-02-13,Deposit Facility,4.75
2025-02-14,Deposit Facility,4.75
2025-02-17,Deposit Facility,4.75
2025-02-18,Deposit Facility,4.75
2025-02-19,Deposit Facility,4.75
2025-02-20,Deposit Facility,4.75
2025-02-21,Deposit Facility,4.75
2025-02-24,Deposit Facility,4.75
2025-02-25,Deposit Facility,4.75
2025-02-26,Deposit Facility,4.75
2025-02-27,Deposit Facility,4.75
2025-02-28,Deposit Facility,4.75
2025-03-03,Deposit Facility,4.75
2025-03-04,Deposit Facility,4.75
2025-03-05,Deposit Facility,4.75
2025-03-06,Deposit Facility,4.75
2025-03-07,Deposit Facility,4.75
2025-03-10,Deposit Facility,4.75
2025-03-11,Deposit Facility,4.75
2025-03-12,Deposit Facility,4.75
2025-03-13,Deposit Facility,4.75
2025-03-14,Deposit Facility,4.75
2025-03-17,Deposit Facility,4.75
2025-03-18,Deposit Facility,4.75
2025-03-19,Deposit Facility,4.75
2025-03-20,Deposit Facility,4.75
2025-03-21,Deposit Facility,4.75
2025-03-24,Deposit Facility,4.75
2025-03-25,Deposit Facility,4.75
2025-03-26,Deposit Facility,4.75
2025-03-27,Deposit Facility,4.75
2025-03-28,Deposit Facility,4.75
2025-03-31,Deposit Facility,4.75
2025-04-01,Deposit Facility,4.75
2025-04-02,Deposit Facility,4.75
2025-04-03,Deposit Facility,4.75
2025-04-04,Deposit Facility,4.75
2025-04-07,Deposit Facility,4.75
2025-04-08,Deposit Facility,4.75
2025-04-09,Deposit Facility,4.75
2025-04-10,Deposit Facility,4.75
2025-04-11,Deposit Facility,4.75
2025-04-14,Deposit Facility,4.75
2025-04-15,Deposit Facility,4.75
2025-04-16,Deposit Facility,4.75
2025-04-17,Deposit Facility,4.75
2025-04-18,Deposit Facility,4.75
2025-04-21,Deposit Facility,4.75
2025-04-22,Deposit Facility,4.75
2025-04-23,Deposit Facility,4.75
2025-04-24,Deposit Facility,4.75
2025-04-25,Deposit Facility,4.75
2025-04-28,Deposit Facility,4.75
2025-04-29,Deposit Facility,4.75
2025-04-30,Deposit Facility,4.75
2025-05-01,Deposit Facility,4.75
2025-05-02,Deposit Facility,4.75
2025-05-05,Deposit Facility,4.75
2025-05-06,Deposit Facility,4.75
2025-05-07,Deposit Facility,4.75
2025-05-08,Deposit Facility,4.75
2025-05-09,Deposit Facility,4.75
2025-05-12,Deposit Facility,4.75
2025-05-13,Deposit Facility,4.75
2025-05-14,Deposit Facility,4.75
2025-05-15,Deposit Facility,4.75
2025-05-16,Deposit Facility,4.75
2025-05-19,Deposit Facility,4.75
2025-05-20,Deposit Facility,4.75
2025-05-21,Deposit Facility,4.5
2025-05-22,Deposit Facility,4.5
2025-05-23,Deposit Facility,4.5
2025-05-26,Deposit Facility,4.5
2025-05-27,Deposit Facility,4.5
2025-05-28,Deposit Facility,4.5
2025-05-29,Deposit Facility,4.5
2025-05-30,Deposit Facility,4.5
2025-06-02,Deposit Facility,4.5
2025-06-03,Deposit Facility,4.5
2025-06-04,Deposit Facility,4.5
2025-06-05,Deposit Facility,4.5
2025-06-06,Deposit Facility,4.5
2025-06-09,Deposit Facility,4.5
2025-06-10,Deposit Facility,4.5
2025-06-11,Deposit Facility,4.5
2025-06-12,Deposit Facility,4.5
2025-06-13,Deposit Facility,4.5
2025-06-16,Deposit Facility,4.5
2025-06-17,Deposit Facility,4.5
2025-06-18,Deposit Facility,4.5
2025-06-19,Deposit Facility,4.5
2025-06-20,Deposit Facility,4.5
2025-06-23,Deposit Facility,4.5
2025-06-24,Deposit Facility,4.5
2025-06-25,Deposit Facility,4.5
2025-06-26,Deposit Facility,4.5
2025-06-27,Deposit Facility,4.5
2025-06-30,Deposit Facility,4.5
2025-07-01,Deposit Facility,4.5
2025-07-02,Deposit Facility,4.5
2025-07-03,Deposit Facility,4.5
2025-07-04,Deposit Facility,4.5
2025-07-07,Deposit Facility,4.5
2025-07-08,Deposit Facility,4.5
2025-07-09,Deposit Facility,4.5
2025-07-10,Deposit Facility,4.5
2025-07-11,Deposit Facility,4.5
2025-07-14,Deposit Facility,4.5
2025-07-15,Deposit Facility,4.5
2025-07-16,Deposit Facility,4.25
2025-07-17,Deposit Facility,4.25
2025-07-18,Deposit Facility,4.25
2025-07-21,Deposit Facility,4.25
2025-07-22,Deposit Facility,4.25
2025-07-23,Deposit Facility,4.25
2025-07-24,Deposit Facility,4.25
2025-07-25,Deposit Facility,4.25
2025-07-28,Deposit Facility,4.25
2025-07-29,Deposit Facility,4.25
2025-07-30,Deposit Facility,4.25
2025-07-31,Deposit Facility,4.25
2025-08-01,Deposit Facility,4.25
2025-08-04,Deposit Facility,4.25
2025-08-05,Deposit Facility,4.25
2025-08-06,Deposit Facility,4.25
2025-08-07,Deposit Facility,4.25
2025-08-08,Deposit Facility,4.25
2025-08-11,Deposit Facility,4.25
2025-08-12,Deposit Facility,4.25
2025-08-13,Deposit Facility,4.25
2025-08-14,Deposit Facility,4.25
2025-08-15,Deposit Facility,4.25
2025-08-18,Deposit Facility,4.25
2025-08-19,Deposit Facility,4.25
2025-08-20,Deposit Facility,4.0
2025-08-21,Deposit Facility,4.0
2025-08-22,Deposit Facility,4.0
2025-08-25,Deposit Facility,4.0
2025-08-26,Deposit Facility,4.0
2025-08-27,Deposit Facility,4.0
2025-08-28,Deposit Facility,4.0
2025-08-29,Deposit Facility,4.0
2025-09-01,Deposit Facility,4.0
2025-09-02,Deposit Facility,4.0
2025-09-03,Deposit Facility,4.0
2025-09-04,Deposit Facility,4.0
2025-09-05,Deposit Facility,4.0
2025-09-08,Deposit Facility,4.0
2025-09-09,Deposit Facility,4.0
2025-09-10,Deposit Facility,4.0
2025-09-11,Deposit Facility,4.0
2025-09-12,Deposit Facility,4.0
2025-09-15,Deposit Facility,4.0
2025-09-16,Deposit Facility,4.0
2025-09-17,Deposit Facility,3.75
2025-09-18,Deposit Facility,3.75
2025-09-19,Deposit Facility,3.75
2025-09-22,Deposit Facility,3.75
2025-09-23,Deposit Facility,3.75
2025-09-24,Deposit Facility,3.75
2025-09-25,Deposit Facility,3.75
2025-09-26,Deposit Facility,3.75
2025-09-29,Deposit Facility,3.75
2025-09-30,Deposit Facility,3.75
2025-10-01,Deposit Facility,3.75
2025-10-02,Deposit Facility,3.75
2025-10-03,Deposit Facility,3.75
2025-10-06,Deposit Facility,3.75
2025-10-07,Deposit Facility,3.75
2025-10-08,Deposit Facility,3.75
2025-10-09,Deposit Facility,3.75
2025-10-10,Deposit Facility,3.75
2025-10-13,Deposit Facility,3.75
2025-10-14,Deposit Facility,3.75
2025-10-15,Deposit Facility,3.75
2025-10-16,Deposit Facility,3.75
2025-10-17,Deposit Facility,3.75
2025-10-20,Deposit Facility,3.75
2025-10-21,Deposit Facility,3.75
2025-10-22,Deposit Facility,3.75
2025-10-23,Deposit Facility,3.75
2025-10-24,Deposit Facility,3.75
2025-10-27,Deposit Facility,3.75
2025-10-28,Deposit Facility,3.75
2025-10-29,Deposit Facility,3.75
2025-10-30,Deposit Facility,3.75
2025-10-31,Deposit Facility,3.75
2025-11-03,Deposit Facility,3.75
2025-11-04,Deposit Facility,3.75
2025-11-05,Deposit Facility,3.75
2025-11-06,Deposit Facility,3.75
2025-11-07,Deposit Facility,3.75
2025-11-10,Deposit Facility,3.75
2025-11-11,Deposit Facility,3.75
2025-11-12,Deposit Facility,3.75
2025-11-13,Deposit Facility,3.75
2025-11-14,Deposit Facility,3.75
2025-11-17,Deposit Facility,3.75
2025-11-18,Deposit Facility,3.75
2025-11-19,Deposit Facility,3.75
2025-11-20,Deposit Facility,3.75
2025-11-21,Deposit Facility,3.75
2025-11-24,Deposit Facility,3.75
2025-11-25,Deposit Facility,3.75
2025-11-26,Deposit Facility,3.75
2025-11-27,Deposit Facility,3.75
2025-11-28,Deposit Facility,3.75
2025-12-01,Deposit Facility,3.75
2025-12-02,Deposit Facility,3.75
2025-12-03,Deposit Facility,3.75
2025-12-04,Deposit Facility,3.75
2025-12-05,Deposit Facility,3.75
2025-12-08,Deposit Facility,3.75
2025-12-09,Deposit Facility,3.75
2025-12-10,Deposit Facility,3.75
2025-12-11,Deposit Facility,3.75
2025-12-12,Deposit Facility,3.75
2025-12-15,Deposit Facility,3.75
2025-12-16,Deposit Facility,3.75
2025-12-17,Deposit Facility,3.75
2025-12-18,Deposit Facility,3.75
2025-12-19,Deposit Facility,3.75
2025-12-22,Deposit Facility,3.75
2025-12-23,Deposit Facility,3.75
2025-12-24,Deposit Facility,3.75
2025-12-25,Deposit Facility,3.75
2025-12-26,Deposit Facility,3.75
2025-12-29,Deposit Facility,3.75
2025-12-30,Deposit Facility,3.75
2025-12-31,Deposit Facility,3.75
2026-01-01,Deposit Facility,3.75
2026-01-02,Deposit Facility,3.75
2026-01-05,Deposit Facility,3.75
2026-01-06,Deposit Facility,3.75
2026-01-07,Deposit Facility,3.75
2026-01-08,Deposit Facility,3.75
2026-01-09,Deposit Facility,3.75
2026-01-12,Deposit Facility,3.75
2026-01-13,Deposit Facility,3.75
2026-01-14,Deposit Facility,3.75
2026-01-15,Deposit Facility,3.75
2026-01-16,Deposit Facility,3.75
2026-01-19,Deposit Facility,3.75
2026-01-20,Deposit Facility,3.75
2026-01-21,Deposit Facility,3.75
2026-01-22,Deposit Facility,3.75
2026-01-23,Deposit Facility,3.75
2026-01-26,Deposit Facility,3.75
2026-01-27,Deposit Facility,3.75
2026-01-28,Deposit Facility,3.75
2026-01-29,Deposit Facility,3.75
2026-01-30,Deposit Facility,3.75
2026-02-02,Deposit Facility,3.75
2026-02-03,Deposit Facility,3.75
2026-02-04,Deposit Facility,3.75
2026-02-05,Deposit Facility,3.75
2026-02-06,Deposit Facility,3.75
2026-02-09,Deposit Facility,3.75
2026-02-10,Deposit Facility,3.75
2026-02-11,Deposit Facility,3.75
2026-02-12,Deposit Facility,3.75
2026-02-13,Deposit Facility,3.75
2026-02-16,Deposit Facility,3.75
2026-02-17,Deposit Facility,3.75
2026-02-18,Deposit Facility,3.75
2026-02-19,Deposit Facility,3.75
2026-02-20,Deposit Facility,3.75
2026-02-23,Deposit Facility,3.75
2026-02-24,Deposit Facility,3.75
2026-02-25,Deposit Facility,3.75
2026-02-26,Deposit Facility,3.75
2026-02-27,Deposit Facility,3.75
2026-03-02,Deposit Facility,3.75
2026-03-03,Deposit Facility,3.75
2026-03-04,Deposit Facility,3.75
2026-03-05,Deposit Facility,3.75
2026-03-06,Deposit Facility,3.75
2026-03-09,Deposit Facility,3.75
2026-03-10,Deposit Facility,3.75
2026-03-11,Deposit Facility,3.75
2026-03-12,Deposit Facility,3.75
2026-03-13,Deposit Facility,3.75
2026-03-16,Deposit Facility,3.75
2026-03-17,Deposit Facility,3.75
2026-03-18,Deposit Facility,3.75
2026-03-19,Deposit Facility,3.75
2026-03-20,Deposit Facility,3.75
2026-03-23,Deposit Facility,3.75
2026-03-24,Deposit Facility,3.75
2026-03-25,Deposit Facility,3.75
2026-03-26,Deposit Facility,3.75
2026-03-27,Deposit Facility,3.75
2026-03-30,Deposit Facility,3.75
2026-03-31,Deposit Facility,3.75
2026-04-01,Deposit Facility,3.75
2026-04-02,Deposit Facility,3.75
2026-04-03,Deposit Facility,3.75
2026-04-06,Deposit Facility,3.75
2026-04-07,Deposit Facility,3.75
2026-04-08,Deposit Facility,3.75
2026-04-09,Deposit Facility,3.75
2026-04-10,Deposit Facility,3.75
2026-04-13,Deposit Facility,3.75
2026-04-14,Deposit Facility,3.75
2026-04-15,Deposit Facility,3.75
2026-04-16,Deposit Facility,3.75
2026-04-17,Deposit Facility,3.75
2026-04-20,Deposit Facility,3.75
2026-04-21,Deposit Facility,3.75
2026-04-22,Deposit Facility,3.75
2026-04-23,Deposit Facility,3.75
2026-04-24,Deposit Facility,3.75
2026-04-27,Deposit Facility,3.75
2026-04-28,Deposit Facility,3.75
2026-04-29,Deposit Facility,3.75
2026-04-30,Deposit Facility,3.75
2026-05-01,Deposit Facility,3.75
2026-05-04,Deposit Facility,3.75
2026-05-05,Deposit Facility,3.75
2026-05-06,Deposit Facility,3.75
2026-05-07,Deposit Facility,3.75
2026-05-08,Deposit Facility,3.75
2026-05-11,Deposit Facility,3.75
2026-05-12,Deposit Facility,3.75
2026-05-13,Deposit Facility,3.75
2026-05-14,Deposit Facility,3.75
2026-05-15,Deposit Facility,3.75
2026-05-18,Deposit Facility,3.75
2026-05-19,Deposit Facility,3.75
2026-05-20,Deposit Facility,4.25
2026-05-21,Deposit Facility,4.25
2026-05-22,Deposit Facility,4.25
2026-05-25,Deposit Facility,4.25
2026-05-26,Deposit Facility,4.25
2026-05-27,Deposit Facility,4.25
2026-05-28,Deposit Facility,4.25
2026-05-29,Deposit Facility,4.25
2026-06-01,Deposit Facility,4.25
2026-06-02,Deposit Facility,4.25
2026-06-03,Deposit Facility,4.25
2026-06-04,Deposit Facility,4.25
2026-06-05,Deposit Facility,4.25
2026-06-08,Deposit Facility,4.25
2026-06-09,Deposit Facility,4.25
2026-06-10,Deposit Facility,4.25
2026-06-11,Deposit Facility,4.25
2026-06-12,Deposit Facility,4.25
2026-06-15,Deposit Facility,4.25
2026-06-16,Deposit Facility,4.25
2026-06-17,Deposit Facility,4.25
2026-06-18,Deposit Facility,4.75
2026-06-19,Deposit Facility,4.75
2026-06-22,Deposit Facility,4.75
2026-06-23,Deposit Facility,4.75
2026-06-24,Deposit Facility,4.75
2026-06-25,Deposit Facility,4.75
2026-06-26,Deposit Facility,4.75
2026-06-29,Deposit Facility,4.75
2026-06-30,Deposit Facility,4.75
2026-07-01,Deposit Facility,4.75
2026-07-02,Deposit Facility,4.75
2026-07-03,Deposit Facility,4.75
2026-07-06,Deposit Facility,4.75
2026-07-07,Deposit Facility,4.75
2026-07-08,Deposit Facility,4.75
2026-07-09,Deposit Facility,4.75
2026-07-10,Deposit Facility,4.75
2026-07-13,Deposit Facility,4.75
2026-07-14,Deposit Facility,4.75
2026-07-15,Deposit Facility,4.75
2026-07-16,Deposit Facility,4.75
2026-07-17,Deposit Facility,4.75
2026-07-20,Deposit Facility,4.75
2026-07-21,Deposit Facility,4.75
2026-07-22,Deposit Facility,4.75
2026-07-23,Deposit Facility,4.75
2026-07-24,Deposit Facility,4.75
2026-07-27,Deposit Facility,4.75
2026-07-28,Deposit Facility,4.75
2026-07-29,Deposit Facility,4.75
2026-07-30,Deposit Facility,4.75
2026-07-31,Deposit Facility,4.75
2026-08-03,Deposit Facility,4.75
2026-08-04,Deposit Facility,4.75
2026-08-05,Deposit Facility,4.75
2026-08-06,Deposit Facility,4.75
2026-08-07,Deposit Facility,4.75
2026-08-10,Deposit Facility,4.75
2026-08-11,Deposit Facility,4.75
2026-08-12,Deposit Facility,4.75
2026-08-13,Deposit Facility,4.75
2026-08-14,Deposit Facility,4.75
2026-08-17,Deposit Facility,4.75
2026-08-18,Deposit Facility,4.75
2026-08-19,Deposit Facility,4.75
2026-08-20,Deposit Facility,4.75
2026-08-21,Deposit Facility,4.75
2026-08-24,Deposit Facility,4.75
2026-08-25,Deposit Facility,4.75
2026-08-26,Deposit Facility,4.75
2026-08-27,Deposit Facility,4.75
2026-08-28,Deposit Facility,4.75
2026-08-31,Deposit Facility,4.75
2026-09-01,Deposit Facility,4.75
2026-09-02,Deposit Facility,4.75
2026-09-03,Deposit Facility,4.75
2026-09-04,Deposit Facility,4.75
2026-09-07,Deposit Facility,4.75
2026-09-08,Deposit Facility,4.75
2026-09-09,Deposit Facility,4.75
2026-09-10,Deposit Facility,4.75
2026-09-11,Deposit Facility,4.75
2026-09-14,Deposit Facility,4.75
2026-09-15,Deposit Facility,4.75
2026-09-16,Deposit Facility,4.75
2026-09-17,Deposit Facility,4.75
2026-09-18,Deposit Facility,4.75
2026-09-21,Deposit Facility,4.75
2026-09-22,Deposit Facility,4.75
2026-09-23,Deposit Facility,4.75
2026-09-24,Deposit Facility,4.75
2026-09-25,Deposit Facility,4.75
2026-09-28,Deposit Facility,4.75
2026-09-29,Deposit Facility,4.75
2026-09-30,Deposit Facility,4.75
2017-01-03,LPS Rate,4.0
2017-01-04,LPS Rate,4.0
2017-01-05,LPS Rate,4.0
2017-01-06,LPS Rate,4.0
2017-01-09,LPS Rate,4.0
2017-01-10,LPS Rate,4.0
2017-01-11,LPS Rate,4.0
2017-01-12,LPS Rate,4.0
2017-01-13,LPS Rate,4.0
2017-01-16,LPS Rate,4.0
2017-01-17,LPS Rate,4.0
2017-01-18,LPS Rate,4.0
2017-01-19,LPS Rate,4.0
2017-01-20,LPS Rate,4.0
2017-01-23,LPS Rate,4.0
2017-01-24,LPS Rate,4.0
2017-01-25,LPS Rate,4.0
2017-01-26,LPS Rate,4.0
2017-01-27,LPS Rate,4.0
2017-01-30,LPS Rate,4.0
2017-01-31,LPS Rate,4.0
2017-02-01,LPS Rate,4.0
2017-02-02,LPS Rate,4.0
2017-02-03,LPS Rate,4.0
2017-02-06,LPS Rate,4.0
2017-02-07,LPS Rate,4.0
2017-02-08,LPS Rate,4.0
2017-02-09,LPS Rate,4.0
2017-02-10,LPS Rate,4.0
2017-02-13,LPS Rate,4.0
2017-02-14,LPS Rate,4.0
2017-02-15,LPS Rate,4.0
2017-02-16,LPS Rate,4.0
2017-02-17,LPS Rate,4.0
2017-02-20,LPS Rate,4.0
2017-02-21,LPS Rate,4.0
2017-02-22,LPS Rate,4.0
2017-02-23,LPS Rate,4.0
2017-02-24,LPS Rate,4.0
2017-02-27,LPS Rate,4.0
2017-02-28,LPS Rate,4.0
2017-03-01,LPS Rate,4.0
2017-03-02,LPS Rate,4.0
2017-03-03,LPS Rate,4.0
2017-03-06,LPS Rate,4.0
2017-03-07,LPS Rate,4.0
2017-03-08,LPS Rate,4.0
2017-03-09,LPS Rate,4.0
2017-03-10,LPS Rate,4.0
2017-03-13,LPS Rate,4.0
2017-03-14,LPS Rate,4.0
2017-03-15,LPS Rate,4.0
2017-03-16,LPS Rate,4.0
2017-03-17,LPS Rate,4.0
2017-03-20,LPS Rate,4.0
2017-03-21,LPS Rate,4.0
2017-03-22,LPS Rate,4.0
2017-03-23,LPS Rate,4.0
2017-03-24,LPS Rate,4.0
2017-03-27,LPS Rate,4.0
2017-03-28,LPS Rate,4.0
2017-03-29,LPS Rate,4.0
2017-03-30,LPS Rate,4.0
2017-03-31,LPS Rate,4.0
2017-04-03,LPS Rate,4.0
2017-04-04,LPS Rate,4.0
2017-04-05,LPS Rate,4.0
2017-04-06,LPS Rate,4.0
2017-04-07,LPS Rate,4.0
2017-04-10,LPS Rate,4.0
2017-04-11,LPS Rate,4.0
2017-04-12,LPS Rate,4.0
2017-04-13,LPS Rate,4.0
2017-04-14,LPS Rate,4.0
2017-04-17,LPS Rate,4.0
2017-04-18,LPS Rate,4.0
2017-04-19,LPS Rate,4.0
2017-04-20,LPS Rate,4.0
2017-04-21,LPS Rate,4.0
2017-04-24,LPS Rate,4.0
2017-04-25,LPS Rate,4.0
2017-04-26,LPS Rate,4.0
2017-04-27,LPS Rate,4.0
2017-04-28,LPS Rate,4.0
2017-05-01,LPS Rate,4.0
2017-05-02,LPS Rate,4.0
2017-05-03,LPS Rate,4.0
2017-05-04,LPS Rate,4.0
2017-05-05,LPS Rate,4.0
2017-05-08,LPS Rate,4.0
2017-05-09,LPS Rate,4.0
2017-05-10,LPS Rate,4.0
2017-05-11,LPS Rate,4.0
2017-05-12,LPS Rate,4.0
2017-05-15,LPS Rate,4.0
2017-05-16,LPS Rate,4.0
2017-05-17,LPS Rate,4.0
2017-05-18,LPS Rate,4.0
2017-05-19,LPS Rate,4.0
2017-05-22,LPS Rate,4.0
2017-05-23,LPS Rate,4.0
2017-05-24,LPS Rate,4.0
2017-05-25,LPS Rate,4.0
2017-05-26,LPS Rate,4.0
2017-05-29,LPS Rate,4.0
2017-05-30,LPS Rate,4.0
2017-05-31,LPS Rate,4.0
2017-06-01,LPS Rate,4.0
2017-06-02,LPS Rate,4.0
2017-06-05,LPS Rate,4.0
2017-06-06,LPS Rate,4.0
2017-06-07,LPS Rate,4.0
2017-06-08,LPS Rate,4.0
2017-06-09,LPS Rate,4.0
2017-06-12,LPS Rate,4.0
2017-06-13,LPS Rate,4.0
2017-06-14,LPS Rate,4.0
2017-06-15,LPS Rate,4.0
2017-06-16,LPS Rate,4.0
2017-06-19,LPS Rate,4.0
2017-06-20,LPS Rate,4.0
2017-06-21,LPS Rate,4.0
2017-06-22,LPS Rate,4.0
2017-06-23,LPS Rate,4.0
2017-06-26,LPS Rate,4.0
2017-06-27,LPS Rate,4.0
2017-06-28,LPS Rate,4.0
2017-06-29,LPS Rate,4.0
2017-06-30,LPS Rate,4.0
2017-07-03,LPS Rate,4.0
2017-07-04,LPS Rate,4.0
2017-07-05,LPS Rate,4.0
2017-07-06,LPS Rate,4.0
2017-07-07,LPS Rate,4.0
2017-07-10,LPS Rate,4.0
2017-07-11,LPS Rate,4.0
2017-07-12,LPS Rate,4.0
2017-07-13,LPS Rate,4.0
2017-07-14,LPS Rate,4.0
2017-07-17,LPS Rate,4.0
2017-07-18,LPS Rate,4.0
2017-07-19,LPS Rate,4.0
2017-07-20,LPS Rate,4.0
2017-07-21,LPS Rate,4.0
2017-07-24,LPS Rate,4.0
2017-07-25,LPS Rate,4.0
2017-07-26,LPS Rate,4.0
2017-07-27,LPS Rate,4.0
2017-07-28,LPS Rate,4.0
2017-07-31,LPS Rate,4.0
2017-08-01,LPS Rate,4.0
2017-08-02,LPS Rate,4.0
2017-08-03,LPS Rate,4.0
2017-08-04,LPS Rate,4.0
2017-08-07,LPS Rate,4.0
2017-08-08,LPS Rate,4.0
2017-08-09,LPS Rate,4.0
2017-08-10,LPS Rate,4.0
2017-08-11,LPS Rate,4.0
2017-08-14,LPS Rate,4.0
2017-08-15,LPS Rate,4.0
2017-08-16,LPS Rate,4.0
2017-08-17,LPS Rate,4.0
2017-08-18,LPS Rate,4.0
2017-08-21,LPS Rate,4.0
2017-08-22,LPS Rate,4.0
2017-08-23,LPS Rate,4.0
2017-08-24,LPS Rate,4.0
2017-08-25,LPS Rate,4.0
2017-08-28,LPS Rate,4.0
2017-08-29,LPS Rate,4.0
2017-08-30,LPS Rate,4.0
2017-08-31,LPS Rate,4.0
2017-09-01,LPS Rate,4.0
2017-09-04,LPS Rate,4.0
2017-09-05,LPS Rate,4.0
2017-09-06,LPS Rate,4.0
2017-09-07,LPS Rate,4.0
2017-09-08,LPS Rate,4.0
2017-09-11,LPS Rate,4.0
2017-09-12,LPS Rate,4.0
2017-09-13,LPS Rate,4.0
2017-09-14,LPS Rate,4.0
2017-09-15,LPS Rate,4.0
2017-09-18,LPS Rate,4.0
2017-09-19,LPS Rate,4.0
2017-09-20,LPS Rate,4.0
2017-09-21,LPS Rate,4.0
2017-09-22,LPS Rate,4.0
2017-09-25,LPS Rate,4.0
2017-09-26,LPS Rate,4.0
2017-09-27,LPS Rate,4.0
2017-09-28,LPS Rate,4.0
2017-09-29,LPS Rate,4.0
2017-10-02,LPS Rate,4.0
2017-10-03,LPS Rate,4.0
2017-10-04,LPS Rate,4.0
2017-10-05,LPS Rate,4.0
2017-10-06,LPS Rate,4.0
2017-10-09,LPS Rate,4.0
2017-10-10,LPS Rate,4.0
2017-10-11,LPS Rate,4.0
2017-10-12,LPS Rate,4.0
2017-10-13,LPS Rate,4.0
2017-10-16,LPS Rate,4.0
2017-10-17,LPS Rate,4.0
2017-10-18,LPS Rate,4.0
2017-10-19,LPS Rate,4.0
2017-10-20,LPS Rate,4.0
2017-10-23,LPS Rate,4.0
2017-10-24,LPS Rate,3.75
2017-10-25,LPS Rate,3.75
2017-10-26,LPS Rate,3.75
2017-10-27,LPS Rate,3.75
2017-10-30,LPS Rate,3.75
2017-10-31,LPS Rate,3.75
2017-11-01,LPS Rate,3.75
2017-11-02,LPS Rate,3.75
2017-11-03,LPS Rate,3.75
2017-11-06,LPS Rate,3.75
2017-11-07,LPS Rate,3.75
2017-11-08,LPS Rate,3.75
2017-11-09,LPS Rate,3.75
2017-11-10,LPS Rate,3.75
2017-11-13,LPS Rate,3.75
2017-11-14,LPS Rate,3.75
2017-11-15,LPS Rate,3.75
2017-11-16,LPS Rate,3.75
2017-11-17,LPS Rate,3.75
2017-11-20,LPS Rate,3.75
2017-11-21,LPS Rate,3.75
2017-11-22,LPS Rate,3.75
2017-11-23,LPS Rate,3.75
2017-11-24,LPS Rate,3.75
2017-11-27,LPS Rate,3.75
2017-11-28,LPS Rate,3.75
2017-11-29,LPS Rate,3.75
2017-11-30,LPS Rate,3.75
2017-12-01,LPS Rate,3.75
2017-12-04,LPS Rate,3.75
2017-12-05,LPS Rate,3.75
2017-12-06,LPS Rate,3.75
2017-12-07,LPS Rate,3.75
2017-12-08,LPS Rate,3.75
2017-12-11,LPS Rate,3.75
2017-12-12,LPS Rate,3.75
2017-12-13,LPS Rate,3.75
2017-12-14,LPS Rate,3.75
2017-12-15,LPS Rate,3.75
2017-12-18,LPS Rate,3.75
2017-12-19,LPS Rate,3.75
2017-12-20,LPS Rate,3.75
2017-12-21,LPS Rate,3.75
2017-12-22,LPS Rate,3.75
2017-12-25,LPS Rate,3.75
2017-12-26,LPS Rate,3.75
2017-12-27,LPS Rate,3.75
2017-12-28,LPS Rate,3.75
2017-12-29,LPS Rate,3.75
2018-01-01,LPS Rate,3.5
2018-01-02,LPS Rate,3.5
2018-01-03,LPS Rate,3.5
2018-01-04,LPS Rate,3.5
2018-01-05,LPS Rate,3.5
2018-01-08,LPS Rate,3.5
2018-01-09,LPS Rate,3.5
2018-01-10,LPS Rate,3.5
2018-01-11,LPS Rate,3.5
2018-01-12,LPS Rate,3.5
2018-01-15,LPS Rate,3.5
2018-01-16,LPS Rate,3.5
2018-01-17,LPS Rate,3.5
2018-01-18,LPS Rate,3.5
2018-01-19,LPS Rate,3.5
2018-01-22,LPS Rate,3.5
2018-01-23,LPS Rate,3.5
2018-01-24,LPS Rate,3.5
2018-01-25,LPS Rate,3.5
2018-01-26,LPS Rate,3.5
2018-01-29,LPS Rate,3.5
2018-01-30,LPS Rate,3.5
2018-01-31,LPS Rate,3.5
2018-02-01,LPS Rate,3.5
2018-02-02,LPS Rate,3.5
2018-02-05,LPS Rate,3.5
2018-02-06,LPS Rate,3.5
2018-02-07,LPS Rate,3.5
2018-02-08,LPS Rate,3.5
2018-02-09,LPS Rate,3.5
2018-02-12,LPS Rate,3.5
2018-02-13,LPS Rate,3.5
2018-02-14,LPS Rate,3.5
2018-02-15,LPS Rate,3.5
2018-02-16,LPS Rate,3.5
2018-02-19,LPS Rate,3.5
2018-02-20,LPS Rate,3.5
2018-02-21,LPS Rate,3.5
2018-02-22,LPS Rate,3.5
2018-02-23,LPS Rate,3.5
2018-02-26,LPS Rate,3.5
2018-02-27,LPS Rate,3.5
2018-02-28,LPS Rate,3.5
2018-03-01,LPS Rate,3.5
2018-03-02,LPS Rate,3.5
2018-03-05,LPS Rate,3.5
2018-03-06,LPS Rate,3.5
2018-03-07,LPS Rate,3.5
2018-03-08,LPS Rate,3.5
2018-03-09,LPS Rate,3.5
2018-03-12,LPS Rate,3.5
2018-03-13,LPS Rate,3.5
2018-03-14,LPS Rate,3.5
2018-03-15,LPS Rate,3.5
2018-03-16,LPS Rate,3.5
2018-03-19,LPS Rate,3.5
2018-03-20,LPS Rate,3.5
2018-03-21,LPS Rate,3.5
2018-03-22,LPS Rate,3.5
2018-03-23,LPS Rate,3.5
2018-03-26,LPS Rate,3.5
2018-03-27,LPS Rate,3.5
2018-03-28,LPS Rate,3.5
2018-03-29,LPS Rate,3.5
2018-03-30,LPS Rate,3.5
2018-04-02,LPS Rate,3.5
2018-04-03,LPS Rate,3.5
2018-04-04,LPS Rate,3.5
2018-04-05,LPS Rate,3.5
2018-04-06,LPS Rate,3.5
2018-04-09,LPS Rate,3.5
2018-04-10,LPS Rate,3.5
2018-04-11,LPS Rate,3.5
2018-04-12,LPS Rate,3.5
2018-04-13,LPS Rate,3.5
2018-04-16,LPS Rate,3.5
2018-04-17,LPS Rate,3.5
2018-04-18,LPS Rate,3.5
2018-04-19,LPS Rate,3.5
2018-04-20,LPS Rate,3.5
2018-04-23,LPS Rate,3.5
2018-04-24,LPS Rate,3.5
2018-04-25,LPS Rate,3.5
2018-04-26,LPS Rate,3.5
2018-04-27,LPS Rate,3.5
2018-04-30,LPS Rate,3.5
2018-05-01,LPS Rate,3.5
2018-05-02,LPS Rate,3.5
2018-05-03,LPS Rate,3.5
2018-05-04,LPS Rate,3.5
2018-05-07,LPS Rate,3.5
2018-05-08,LPS Rate,3.5
2018-05-09,LPS Rate,3.5
2018-05-10,LPS Rate,3.5
2018-05-11,LPS Rate,3.5
2018-05-14,LPS Rate,3.5
2018-05-15,LPS Rate,3.5
2018-05-16,LPS Rate,3.5
2018-05-17,LPS Rate,3.5
2018-05-18,LPS Rate,3.5
2018-05-21,LPS Rate,3.5
2018-05-22,LPS Rate,3.5
2018-05-23,LPS Rate,3.5
2018-05-24,LPS Rate,3.5
2018-05-25,LPS Rate,3.5
2018-05-28,LPS Rate,3.5
2018-05-29,LPS Rate,3.5
2018-05-30,LPS Rate,3.5
2018-05-31,LPS Rate,3.5
2018-06-01,LPS Rate,3.5
2018-06-04,LPS Rate,3.5
2018-06-05,LPS Rate,3.5
2018-06-06,LPS Rate,3.5
2018-06-07,LPS Rate,3.5
2018-06-08,LPS Rate,3.5
2018-06-11,LPS Rate,3.5
2018-06-12,LPS Rate,3.5
2018-06-13,LPS Rate,3.5
2018-06-14,LPS Rate,3.5
2018-06-15,LPS Rate,3.5
2018-06-18,LPS Rate,3.5
2018-06-19,LPS Rate,3.5
2018-06-20,LPS Rate,3.5
2018-06-21,LPS Rate,3.5
2018-06-22,LPS Rate,3.5
2018-06-25,LPS Rate,3.5
2018-06-26,LPS Rate,3.5
2018-06-27,LPS Rate,3.5
2018-06-28,LPS Rate,3.5
2018-06-29,LPS Rate,3.5
2018-07-02,LPS Rate,3.5
2018-07-03,LPS Rate,3.5
2018-07-04,LPS Rate,3.5
2018-07-05,LPS Rate,3.5
2018-07-06,LPS Rate,3.5
2018-07-09,LPS Rate,3.5
2018-07-10,LPS Rate,3.5
2018-07-11,LPS Rate,3.5
2018-07-12,LPS Rate,3.5
2018-07-13,LPS Rate,3.5
2018-07-16,LPS Rate,3.5
2018-07-17,LPS Rate,3.5
2018-07-18,LPS Rate,3.5
2018-07-19,LPS Rate,3.75
2018-07-20,LPS Rate,3.75
2018-07-23,LPS Rate,3.75
2018-07-24,LPS Rate,3.75
2018-07-25,LPS Rate,3.75
2018-07-26,LPS Rate,3.75
2018-07-27,LPS Rate,3.75
2018-07-30,LPS Rate,3.75
2018-07-31,LPS Rate,3.75
2018-08-01,LPS Rate,3.75
2018-08-02,LPS Rate,3.75
2018-08-03,LPS Rate,3.75
2018-08-06,LPS Rate,3.75
2018-08-07,LPS Rate,3.75
2018-08-08,LPS Rate,3.75
2018-08-09,LPS Rate,3.75
2018-08-10,LPS Rate,3.75
2018-08-13,LPS Rate,3.75
2018-08-14,LPS Rate,3.75
2018-08-15,LPS Rate,3.75
2018-08-16,LPS Rate,3.75
2018-08-17,LPS Rate,3.75
2018-08-20,LPS Rate,3.75
2018-08-21,LPS Rate,3.75
2018-08-22,LPS Rate,3.75
2018-08-23,LPS Rate,3.75
2018-08-24,LPS Rate,3.75
2018-08-27,LPS Rate,3.75
2018-08-28,LPS Rate,3.75
2018-08-29,LPS Rate,3.75
2018-08-30,LPS Rate,3.75
2018-08-31,LPS Rate,3.75
2018-09-03,LPS Rate,3.75
2018-09-04,LPS Rate,3.75
2018-09-05,LPS Rate,3.75
2018-09-06,LPS Rate,3.75
2018-09-07,LPS Rate,3.75
2018-09-10,LPS Rate,3.75
2018-09-11,LPS Rate,3.75
2018-09-12,LPS Rate,3.75
2018-09-13,LPS Rate,3.75
2018-09-14,LPS Rate,3.75
2018-09-17,LPS Rate,3.75
2018-09-18,LPS Rate,3.75
2018-09-19,LPS Rate,3.75
2018-09-20,LPS Rate,3.75
2018-09-21,LPS Rate,3.75
2018-09-24,LPS Rate,3.75
2018-09-25,LPS Rate,3.75
2018-09-26,LPS Rate,3.75
2018-09-27,LPS Rate,3.75
2018-09-28,LPS Rate,3.75
2018-10-01,LPS Rate,4.5
2018-10-02,LPS Rate,4.5
2018-10-03,LPS Rate,4.5
2018-10-04,LPS Rate,4.5
2018-10-05,LPS Rate,4.5
2018-10-08,LPS Rate,4.5
2018-10-09,LPS Rate,4.5
2018-10-10,LPS Rate,4.5
2018-10-11,LPS Rate,4.5
2018-10-12,LPS Rate,4.5
2018-10-15,LPS Rate,4.5
2018-10-16,LPS Rate,4.5
2018-10-17,LPS Rate,4.75
2018-10-18,LPS Rate,4.75
2018-10-19,LPS Rate,4.75
2018-10-22,LPS Rate,4.75
2018-10-23,LPS Rate,4.75
2018-10-24,LPS Rate,4.75
2018-10-25,LPS Rate,4.75
2018-10-26,LPS Rate,4.75
2018-10-29,LPS Rate,4.75
2018-10-30,LPS Rate,4.75
2018-10-31,LPS Rate,4.75
2018-11-01,LPS Rate,4.75
2018-11-02,LPS Rate,4.75
2018-11-05,LPS Rate,4.75
2018-11-06,LPS Rate,4.75
2018-11-07,LPS Rate,4.75
2018-11-08,LPS Rate,4.75
2018-11-09,LPS Rate,4.75
2018-11-12,LPS Rate,4.75
2018-11-13,LPS Rate,4.75
2018-11-14,LPS Rate,4.75
2018-11-15,LPS Rate,4.75
2018-11-16,LPS Rate,4.75
2018-11-19,LPS Rate,4.75
2018-11-20,LPS Rate,4.75
2018-11-21,LPS Rate,4.75
2018-11-22,LPS Rate,4.75
2018-11-23,LPS Rate,4.75
2018-11-26,LPS Rate,4.75
2018-11-27,LPS Rate,4.75
2018-11-28,LPS Rate,4.75
2018-11-29,LPS Rate,4.75
2018-11-30,LPS Rate,4.75
2018-12-03,LPS Rate,4.75
2018-12-04,LPS Rate,4.75
2018-12-05,LPS Rate,4.75
2018-12-06,LPS Rate,4.75
2018-12-07,LPS Rate,4.75
2018-12-10,LPS Rate,4.75
2018-12-11,LPS Rate,4.75
2018-12-12,LPS Rate,4.75
2018-12-13,LPS Rate,4.75
2018-12-14,LPS Rate,4.75
2018-12-17,LPS Rate,4.75
2018-12-18,LPS Rate,4.75
2018-12-19,LPS Rate,4.75
2018-12-20,LPS Rate,4.75
2018-12-21,LPS Rate,4.75
2018-12-24,LPS Rate,4.75
2018-12-25,LPS Rate,4.75
2018-12-26,LPS Rate,4.75
2018-12-27,LPS Rate,4.75
2018-12-28,LPS Rate,4.75
2018-12-31,LPS Rate,4.75
2019-01-01,LPS Rate,5.0
2019-01-02,LPS Rate,5.0
2019-01-03,LPS Rate,5.0
2019-01-04,LPS Rate,5.0
2019-01-07,LPS Rate,5.0
2019-01-08,LPS Rate,5.0
2019-01-09,LPS Rate,5.0
2019-01-10,LPS Rate,5.0
2019-01-11,LPS Rate,5.0
2019-01-14,LPS Rate,5.0
2019-01-15,LPS Rate,5.0
2019-01-16,LPS Rate,5.0
2019-01-17,LPS Rate,5.25
2019-01-18,LPS Rate,5.25
2019-01-21,LPS Rate,5.25
2019-01-22,LPS Rate,5.25
2019-01-23,LPS Rate,5.25
2019-01-24,LPS Rate,5.25
2019-01-25,LPS Rate,5.25
2019-01-28,LPS Rate,5.25
2019-01-29,LPS Rate,5.25
2019-01-30,LPS Rate,5.25
2019-01-31,LPS Rate,5.25
2019-02-01,LPS Rate,5.25
2019-02-04,LPS Rate,5.25
2019-02-05,LPS Rate,5.25
2019-02-06,LPS Rate,5.25
2019-02-07,LPS Rate,5.25
2019-02-08,LPS Rate,5.25
2019-02-11,LPS Rate,5.25
2019-02-12,LPS Rate,5.25
2019-02-13,LPS Rate,5.25
2019-02-14,LPS Rate,5.25
2019-02-15,LPS Rate,5.25
2019-02-18,LPS Rate,5.25
2019-02-19,LPS Rate,5.25
2019-02-20,LPS Rate,5.25
2019-02-21,LPS Rate,5.25
2019-02-22,LPS Rate,5.25
2019-02-25,LPS Rate,5.25
2019-02-26,LPS Rate,5.25
2019-02-27,LPS Rate,5.25
2019-02-28,LPS Rate,5.25
2019-03-01,LPS Rate,5.25
2019-03-04,LPS Rate,5.25
2019-03-05,LPS Rate,5.25
2019-03-06,LPS Rate,5.25
2019-03-07,LPS Rate,5.25
2019-03-08,LPS Rate,5.25
2019-03-11,LPS Rate,5.25
2019-03-12,LPS Rate,5.25
2019-03-13,LPS Rate,5.25
2019-03-14,LPS Rate,5.25
2019-03-15,LPS Rate,5.25
2019-03-18,LPS Rate,5.25
2019-03-19,LPS Rate,5.25
2019-03-20,LPS Rate,5.25
2019-03-21,LPS Rate,5.25
2019-03-22,LPS Rate,5.25
2019-03-25,LPS Rate,5.25
2019-03-26,LPS Rate,5.25
2019-03-27,LPS Rate,5.25
2019-03-28,LPS Rate,5.25
2019-03-29,LPS Rate,5.25
2019-04-01,LPS Rate,5.25
2019-04-02,LPS Rate,5.25
2019-04-03,LPS Rate,5.25
2019-04-04,LPS Rate,5.25
2019-04-05,LPS Rate,5.25
2019-04-08,LPS Rate,5.25
2019-04-09,LPS Rate,5.25
2019-04-10,LPS Rate,5.25
2019-04-11,LPS Rate,5.25
2019-04-12,LPS Rate,5.25
2019-04-15,LPS Rate,5.25
2019-04-16,LPS Rate,5.25
2019-04-17,LPS Rate,5.25
2019-04-18,LPS Rate,5.25
2019-04-19,LPS Rate,5.25
2019-04-22,LPS Rate,5.25
2019-04-23,LPS Rate,5.25
2019-04-24,LPS Rate,5.25
2019-04-25,LPS Rate,5.25
2019-04-26,LPS Rate,5.25
2019-04-29,LPS Rate,5.25
2019-04-30,LPS Rate,5.25
2019-05-01,LPS Rate,5.25
2019-05-02,LPS Rate,5.25
2019-05-03,LPS Rate,5.25
2019-05-06,LPS Rate,5.25
2019-05-07,LPS Rate,5.25
2019-05-08,LPS Rate,5.25
2019-05-09,LPS Rate,5.25
2019-05-10,LPS Rate,5.25
2019-05-13,LPS Rate,5.25
2019-05-14,LPS Rate,5.25
2019-05-15,LPS Rate,5.25
2019-05-16,LPS Rate,5.25
2019-05-17,LPS Rate,5.25
2019-05-20,LPS Rate,5.25
2019-05-21,LPS Rate,5.25
2019-05-22,LPS Rate,5.25
2019-05-23,LPS Rate,5.25
2019-05-24,LPS Rate,5.25
2019-05-27,LPS Rate,5.25
2019-05-28,LPS Rate,5.25
2019-05-29,LPS Rate,5.25
2019-05-30,LPS Rate,5.25
2019-05-31,LPS Rate,5.25
2019-06-03,LPS Rate,5.25
2019-06-04,LPS Rate,5.25
2019-06-05,LPS Rate,5.25
2019-06-06,LPS Rate,5.25
2019-06-07,LPS Rate,5.25
2019-06-10,LPS Rate,5.25
2019-06-11,LPS Rate,5.25
2019-06-12,LPS Rate,5.25
2019-06-13,LPS Rate,5.25
2019-06-14,LPS Rate,5.25
2019-06-17,LPS Rate,5.25
2019-06-18,LPS Rate,5.25
2019-06-19,LPS Rate,5.25
2019-06-20,LPS Rate,5.25
2019-06-21,LPS Rate,5.25
2019-06-24,LPS Rate,5.25
2019-06-25,LPS Rate,5.25
2019-06-26,LPS Rate,5.25
2019-06-27,LPS Rate,5.25
2019-06-28,LPS Rate,5.25
2019-07-01,LPS Rate,5.25
2019-07-02,LPS Rate,5.25
2019-07-03,LPS Rate,5.25
2019-07-04,LPS Rate,5.25
2019-07-05,LPS Rate,5.25
2019-07-08,LPS Rate,5.25
2019-07-09,LPS Rate,5.25
2019-07-10,LPS Rate,5.25
2019-07-11,LPS Rate,5.25
2019-07-12,LPS Rate,5.25
2019-07-15,LPS Rate,5.25
2019-07-16,LPS Rate,5.25
2019-07-17,LPS Rate,5.25
2019-07-18,LPS Rate,5.25
2019-07-19,LPS Rate,5.25
2019-07-22,LPS Rate,5.25
2019-07-23,LPS Rate,5.25
2019-07-24,LPS Rate,5.25
2019-07-25,LPS Rate,5.25
2019-07-26,LPS Rate,5.25
2019-07-29,LPS Rate,5.25
2019-07-30,LPS Rate,5.25
2019-07-31,LPS Rate,5.25
2019-08-01,LPS Rate,5.25
2019-08-02,LPS Rate,5.25
2019-08-05,LPS Rate,5.25
2019-08-06,LPS Rate,5.25
2019-08-07,LPS Rate,5.25
2019-08-08,LPS Rate,5.25
2019-08-09,LPS Rate,5.25
2019-08-12,LPS Rate,5.25
2019-08-13,LPS Rate,5.25
2019-08-14,LPS Rate,5.25
2019-08-15,LPS Rate,5.25
2019-08-16,LPS Rate,5.25
2019-08-19,LPS Rate,5.25
2019-08-20,LPS Rate,5.25
2019-08-21,LPS Rate,5.25
2019-08-22,LPS Rate,5.25
2019-08-23,LPS Rate,5.25
2019-08-26,LPS Rate,5.25
2019-08-27,LPS Rate,5.25
2019-08-28,LPS Rate,5.25
2019-08-29,LPS Rate,5.25
2019-08-30,LPS Rate,5.25
2019-09-02,LPS Rate,5.25
2019-09-03,LPS Rate,5.25
2019-09-04,LPS Rate,5.25
2019-09-05,LPS Rate,5.25
2019-09-06,LPS Rate,5.25
2019-09-09,LPS Rate,5.25
2019-09-10,LPS Rate,5.25
2019-09-11,LPS Rate,5.25
2019-09-12,LPS Rate,5.25
2019-09-13,LPS Rate,5.25
2019-09-16,LPS Rate,5.25
2019-09-17,LPS Rate,5.25
2019-09-18,LPS Rate,5.25
2019-09-19,LPS Rate,5.25
2019-09-20,LPS Rate,5.25
2019-09-23,LPS Rate,5.25
2019-09-24,LPS Rate,5.25
2019-09-25,LPS Rate,5.25
2019-09-26,LPS Rate,5.25
2019-09-27,LPS Rate,5.25
2019-09-30,LPS Rate,5.25
2019-10-01,LPS Rate,5.0
2019-10-02,LPS Rate,5.0
2019-10-03,LPS Rate,5.0
2019-10-04,LPS Rate,5.0
2019-10-07,LPS Rate,5.0
2019-10-08,LPS Rate,5.0
2019-10-09,LPS Rate,5.0
2019-10-10,LPS Rate,5.0
2019-10-11,LPS Rate,5.0
2019-10-14,LPS Rate,5.0
2019-10-15,LPS Rate,5.0
2019-10-16,LPS Rate,5.0
2019-10-17,LPS Rate,5.0
2019-10-18,LPS Rate,5.0
2019-10-21,LPS Rate,5.0
2019-10-22,LPS Rate,5.0
2019-10-23,LPS Rate,5.0
2019-10-24,LPS Rate,4.75
2019-10-25,LPS Rate,4.75
2019-10-28,LPS Rate,4.75
2019-10-29,LPS Rate,4.75
2019-10-30,LPS Rate,4.75
2019-10-31,LPS Rate,4.75
2019-11-01,LPS Rate,4.75
2019-11-04,LPS Rate,4.75
2019-11-05,LPS Rate,4.75
2019-11-06,LPS Rate,4.75
2019-11-07,LPS Rate,4.75
2019-11-08,LPS Rate,4.75
2019-11-11,LPS Rate,4.75
2019-11-12,LPS Rate,4.75
2019-11-13,LPS Rate,4.75
2019-11-14,LPS Rate,4.75
2019-11-15,LPS Rate,4.75
2019-11-18,LPS Rate,4.75
2019-11-19,LPS Rate,4.75
2019-11-20,LPS Rate,4.75
2019-11-21,LPS Rate,4.75
2019-11-22,LPS Rate,4.75
2019-11-25,LPS Rate,4.75
2019-11-26,LPS Rate,4.75
2019-11-27,LPS Rate,4.75
2019-11-28,LPS Rate,4.75
2019-11-29,LPS Rate,4.75
2019-12-02,LPS Rate,4.75
2019-12-03,LPS Rate,4.75
2019-12-04,LPS Rate,4.75
2019-12-05,LPS Rate,4.75
2019-12-06,LPS Rate,4.75
2019-12-09,LPS Rate,4.75
2019-12-10,LPS Rate,4.75
2019-12-11,LPS Rate,4.75
2019-12-12,LPS Rate,4.75
2019-12-13,LPS Rate,4.75
2019-12-16,LPS Rate,4.75
2019-12-17,LPS Rate,4.75
2019-12-18,LPS Rate,4.75
2019-12-19,LPS Rate,4.75
2019-12-20,LPS Rate,4.75
2019-12-23,LPS Rate,4.75
2019-12-24,LPS Rate,4.75
2019-12-25,LPS Rate,4.75
2019-12-26,LPS Rate,4.75
2019-12-27,LPS Rate,4.75
2019-12-30,LPS Rate,4.75
2019-12-31,LPS Rate,4.75
2020-01-01,LPS Rate,4.25
2020-01-02,LPS Rate,4.25
2020-01-03,LPS Rate,4.25
2020-01-06,LPS Rate,4.25
2020-01-07,LPS Rate,4.25
2020-01-08,LPS Rate,4.25
2020-01-09,LPS Rate,4.25
2020-01-10,LPS Rate,4.25
2020-01-13,LPS Rate,4.25
2020-01-14,LPS Rate,4.25
2020-01-15,LPS Rate,4.25
2020-01-16,LPS Rate,4.25
2020-01-17,LPS Rate,4.25
2020-01-20,LPS Rate,4.25
2020-01-21,LPS Rate,4.25
2020-01-22,LPS Rate,4.25
2020-01-23,LPS Rate,4.25
2020-01-24,LPS Rate,4.25
2020-01-27,LPS Rate,4.25
2020-01-28,LPS Rate,4.25
2020-01-29,LPS Rate,4.25
2020-01-30,LPS Rate,4.25
2020-01-31,LPS Rate,4.25
2020-02-03,LPS Rate,4.25
2020-02-04,LPS Rate,4.25
2020-02-05,LPS Rate,4.25
2020-02-06,LPS Rate,4.25
2020-02-07,LPS Rate,4.25
2020-02-10,LPS Rate,4.25
2020-02-11,LPS Rate,4.25
2020-02-12,LPS Rate,4.25
2020-02-13,LPS Rate,4.25
2020-02-14,LPS Rate,4.25
2020-02-17,LPS Rate,4.25
2020-02-18,LPS Rate,4.25
2020-02-19,LPS Rate,4.25
2020-02-20,LPS Rate,4.25
2020-02-21,LPS Rate,4.25
2020-02-24,LPS Rate,4.25
2020-02-25,LPS Rate,4.25
2020-02-26,LPS Rate,4.25
2020-02-27,LPS Rate,4.25
2020-02-28,LPS Rate,4.25
2020-03-02,LPS Rate,4.25
2020-03-03,LPS Rate,4.25
2020-03-04,LPS Rate,4.25
2020-03-05,LPS Rate,4.25
2020-03-06,LPS Rate,4.25
2020-03-09,LPS Rate,4.25
2020-03-10,LPS Rate,4.25
2020-03-11,LPS Rate,4.25
2020-03-12,LPS Rate,4.25
2020-03-13,LPS Rate,4.25
2020-03-16,LPS Rate,4.25
2020-03-17,LPS Rate,4.25
2020-03-18,LPS Rate,4.25
2020-03-19,LPS Rate,4.25
2020-03-20,LPS Rate,4.25
2020-03-23,LPS Rate,4.25
2020-03-24,LPS Rate,4.25
2020-03-25,LPS Rate,4.25
2020-03-26,LPS Rate,4.25
2020-03-27,LPS Rate,4.25
2020-03-30,LPS Rate,4.25
2020-03-31,LPS Rate,4.25
2020-04-01,LPS Rate,4.25
2020-04-02,LPS Rate,4.25
2020-04-03,LPS Rate,4.25
2020-04-06,LPS Rate,4.25
2020-04-07,LPS Rate,4.25
2020-04-08,LPS Rate,4.25
2020-04-09,LPS Rate,4.25
2020-04-10,LPS Rate,4.25
2020-04-13,LPS Rate,4.25
2020-04-14,LPS Rate,4.25
2020-04-15,LPS Rate,4.25
2020-04-16,LPS Rate,4.25
2020-04-17,LPS Rate,4.25
2020-04-20,LPS Rate,4.25
2020-04-21,LPS Rate,4.25
2020-04-22,LPS Rate,4.25
2020-04-23,LPS Rate,4.0
2020-04-24,LPS Rate,4.0
2020-04-27,LPS Rate,4.0
2020-04-28,LPS Rate,4.0
2020-04-29,LPS Rate,4.0
2020-04-30,LPS Rate,4.0
2020-05-01,LPS Rate,4.0
2020-05-04,LPS Rate,4.0
2020-05-05,LPS Rate,4.0
2020-05-06,LPS Rate,4.0
2020-05-07,LPS Rate,4.0
2020-05-08,LPS Rate,4.0
2020-05-11,LPS Rate,4.0
2020-05-12,LPS Rate,4.0
2020-05-13,LPS Rate,4.0
2020-05-14,LPS Rate,4.0
2020-05-15,LPS Rate,4.0
2020-05-18,LPS Rate,4.0
2020-05-19,LPS Rate,4.0
2020-05-20,LPS Rate,4.0
2020-05-21,LPS Rate,4.0
2020-05-22,LPS Rate,4.0
2020-05-25,LPS Rate,4.0
2020-05-26,LPS Rate,4.0
2020-05-27,LPS Rate,4.0
2020-05-28,LPS Rate,4.0
2020-05-29,LPS Rate,4.0
2020-06-01,LPS Rate,4.0
2020-06-02,LPS Rate,4.0
2020-06-03,LPS Rate,4.0
2020-06-04,LPS Rate,4.0
2020-06-05,LPS Rate,4.0
2020-06-08,LPS Rate,4.0
2020-06-09,LPS Rate,4.0
2020-06-10,LPS Rate,4.0
2020-06-11,LPS Rate,4.0
2020-06-12,LPS Rate,4.0
2020-06-15,LPS Rate,4.0
2020-06-16,LPS Rate,4.0
2020-06-17,LPS Rate,4.0
2020-06-18,LPS Rate,4.0
2020-06-19,LPS Rate,4.0
2020-06-22,LPS Rate,4.0
2020-06-23,LPS Rate,4.0
2020-06-24,LPS Rate,4.0
2020-06-25,LPS Rate,4.0
2020-06-26,LPS Rate,4.0
2020-06-29,LPS Rate,4.0
2020-06-30,LPS Rate,4.0
2020-07-01,LPS Rate,3.75
2020-07-02,LPS Rate,3.75
2020-07-03,LPS Rate,3.75
2020-07-06,LPS Rate,3.75
2020-07-07,LPS Rate,3.75
2020-07-08,LPS Rate,3.75
2020-07-09,LPS Rate,3.75
2020-07-10,LPS Rate,3.75
2020-07-13,LPS Rate,3.75
2020-07-14,LPS Rate,3.75
2020-07-15,LPS Rate,3.75
2020-07-16,LPS Rate,3.75
2020-07-17,LPS Rate,3.75
2020-07-20,LPS Rate,3.75
2020-07-21,LPS Rate,3.75
2020-07-22,LPS Rate,3.75
2020-07-23,LPS Rate,3.75
2020-07-24,LPS Rate,3.75
2020-07-27,LPS Rate,3.75
2020-07-28,LPS Rate,3.75
2020-07-29,LPS Rate,3.75
2020-07-30,LPS Rate,3.75
2020-07-31,LPS Rate,3.75
2020-08-03,LPS Rate,3.75
2020-08-04,LPS Rate,3.75
2020-08-05,LPS Rate,3.75
2020-08-06,LPS Rate,3.75
2020-08-07,LPS Rate,3.75
2020-08-10,LPS Rate,3.75
2020-08-11,LPS Rate,3.75
2020-08-12,LPS Rate,3.75
2020-08-13,LPS Rate,3.75
2020-08-14,LPS Rate,3.75
2020-08-17,LPS Rate,3.75
2020-08-18,LPS Rate,3.75
2020-08-19,LPS Rate,3.75
2020-08-20,LPS Rate,3.75
2020-08-21,LPS Rate,3.75
2020-08-24,LPS Rate,3.75
2020-08-25,LPS Rate,3.75
2020-08-26,LPS Rate,3.75
2020-08-27,LPS Rate,3.75
2020-08-28,LPS Rate,3.75
2020-08-31,LPS Rate,3.75
2020-09-01,LPS Rate,3.75
2020-09-02,LPS Rate,3.75
2020-09-03,LPS Rate,3.75
2020-09-04,LPS Rate,3.75
2020-09-07,LPS Rate,3.75
2020-09-08,LPS Rate,3.75
2020-09-09,LPS Rate,3.75
2020-09-10,LPS Rate,3.75
2020-09-11,LPS Rate,3.75
2020-09-14,LPS Rate,3.75
2020-09-15,LPS Rate,3.75
2020-09-16,LPS Rate,3.75
2020-09-17,LPS Rate,3.75
2020-09-18,LPS Rate,3.75
2020-09-21,LPS Rate,3.75
2020-09-22,LPS Rate,3.75
2020-09-23,LPS Rate,3.75
2020-09-24,LPS Rate,3.75
2020-09-25,LPS Rate,3.75
2020-09-28,LPS Rate,3.75
2020-09-29,LPS Rate,3.75
2020-09-30,LPS Rate,3.75
2020-10-01,LPS Rate,3.5
2020-10-02,LPS Rate,3.5
2020-10-05,LPS Rate,3.5
2020-10-06,LPS Rate,3.5
2020-10-07,LPS Rate,3.5
2020-10-08,LPS Rate,3.5
2020-10-09,LPS Rate,3.5
2020-10-12,LPS Rate,3.5
2020-10-13,LPS Rate,3.5
2020-10-14,LPS Rate,3.5
2020-10-15,LPS Rate,3.5
2020-10-16,LPS Rate,3.5
2020-10-19,LPS Rate,3.5
2020-10-20,LPS Rate,3.5
2020-10-21,LPS Rate,3.5
2020-10-22,LPS Rate,3.5
2020-10-23,LPS Rate,3.5
2020-10-26,LPS Rate,3.5
2020-10-27,LPS Rate,3.5
2020-10-28,LPS Rate,3.5
2020-10-29,LPS Rate,3.5
2020-10-30,LPS Rate,3.5
2020-11-02,LPS Rate,3.5
2020-11-03,LPS Rate,3.5
2020-11-04,LPS Rate,3.5
2020-11-05,LPS Rate,3.5
2020-11-06,LPS Rate,3.5
2020-11-09,LPS Rate,3.5
2020-11-10,LPS Rate,3.5
2020-11-11,LPS Rate,3.5
2020-11-12,LPS Rate,3.5
2020-11-13,LPS Rate,3.5
2020-11-16,LPS Rate,3.5
2020-11-17,LPS Rate,3.5
2020-11-18,LPS Rate,3.5
2020-11-19,LPS Rate,3.5
2020-11-20,LPS Rate,3.5
2020-11-23,LPS Rate,3.5
2020-11-24,LPS Rate,3.5
2020-11-25,LPS Rate,3.5
2020-11-26,LPS Rate,3.5
2020-11-27,LPS Rate,3.5
2020-11-30,LPS Rate,3.5
2020-12-01,LPS Rate,3.5
2020-12-02,LPS Rate,3.5
2020-12-03,LPS Rate,3.5
2020-12-04,LPS Rate,3.5
2020-12-07,LPS Rate,3.5
2020-12-08,LPS Rate,3.5
2020-12-09,LPS Rate,3.5
2020-12-10,LPS Rate,3.5
2020-12-11,LPS Rate,3.5
2020-12-14,LPS Rate,3.5
2020-12-15,LPS Rate,3.5
2020-12-16,LPS Rate,3.5
2020-12-17,LPS Rate,3.5
2020-12-18,LPS Rate,3.5
2020-12-21,LPS Rate,3.5
2020-12-22,LPS Rate,3.5
2020-12-23,LPS Rate,3.5
2020-12-24,LPS Rate,3.5
2020-12-25,LPS Rate,3.5
2020-12-28,LPS Rate,3.5
2020-12-29,LPS Rate,3.5
2020-12-30,LPS Rate,3.5
2020-12-31,LPS Rate,3.5
2021-01-01,LPS Rate,3.5
2021-01-04,LPS Rate,3.5
2021-01-05,LPS Rate,3.5
2021-01-06,LPS Rate,3.5
2021-01-07,LPS Rate,3.5
2021-01-08,LPS Rate,3.5
2021-01-11,LPS Rate,3.5
2021-01-12,LPS Rate,3.5
2021-01-13,LPS Rate,3.5
2021-01-14,LPS Rate,3.5
2021-01-15,LPS Rate,3.5
2021-01-18,LPS Rate,3.5
2021-01-19,LPS Rate,3.5
2021-01-20,LPS Rate,3.5
2021-01-21,LPS Rate,3.5
2021-01-22,LPS Rate,3.5
2021-01-25,LPS Rate,3.5
2021-01-26,LPS Rate,3.5
2021-01-27,LPS Rate,3.5
2021-01-28,LPS Rate,3.5
2021-01-29,LPS Rate,3.5
2021-02-01,LPS Rate,3.5
2021-02-02,LPS Rate,3.5
2021-02-03,LPS Rate,3.5
2021-02-04,LPS Rate,3.5
2021-02-05,LPS Rate,3.5
2021-02-08,LPS Rate,3.5
2021-02-09,LPS Rate,3.5
2021-02-10,LPS Rate,3.5
2021-02-11,LPS Rate,3.5
2021-02-12,LPS Rate,3.5
2021-02-15,LPS Rate,3.5
2021-02-16,LPS Rate,3.5
2021-02-17,LPS Rate,3.5
2021-02-18,LPS Rate,3.5
2021-02-19,LPS Rate,3.5
2021-02-22,LPS Rate,3.5
2021-02-23,LPS Rate,3.5
2021-02-24,LPS Rate,3.5
2021-02-25,LPS Rate,3.5
2021-02-26,LPS Rate,3.5
2021-03-01,LPS Rate,3.5
2021-03-02,LPS Rate,3.5
2021-03-03,LPS Rate,3.5
2021-03-04,LPS Rate,3.5
2021-03-05,LPS Rate,3.5
2021-03-08,LPS Rate,3.5
2021-03-09,LPS Rate,3.5
2021-03-10,LPS Rate,3.5
2021-03-11,LPS Rate,3.5
2021-03-12,LPS Rate,3.5
2021-03-15,LPS Rate,3.5
2021-03-16,LPS Rate,3.5
2021-03-17,LPS Rate,3.5
2021-03-18,LPS Rate,3.5
2021-03-19,LPS Rate,3.5
2021-03-22,LPS Rate,3.5
2021-03-23,LPS Rate,3.5
2021-03-24,LPS Rate,3.5
2021-03-25,LPS Rate,3.5
2021-03-26,LPS Rate,3.5
2021-03-29,LPS Rate,3.5
2021-03-30,LPS Rate,3.5
2021-03-31,LPS Rate,3.5
2021-04-01,LPS Rate,3.5
2021-04-02,LPS Rate,3.5
2021-04-05,LPS Rate,3.5
2021-04-06,LPS Rate,3.5
2021-04-07,LPS Rate,3.5
2021-04-08,LPS Rate,3.5
2021-04-09,LPS Rate,3.5
2021-04-12,LPS Rate,3.5
2021-04-13,LPS Rate,3.5
2021-04-14,LPS Rate,3.5
2021-04-15,LPS Rate,3.5
2021-04-16,LPS Rate,3.5
2021-04-19,LPS Rate,3.5
2021-04-20,LPS Rate,3.5
2021-04-21,LPS Rate,3.5
2021-04-22,LPS Rate,3.5
2021-04-23,LPS Rate,3.5
2021-04-26,LPS Rate,3.5
2021-04-27,LPS Rate,3.5
2021-04-28,LPS Rate,3.5
2021-04-29,LPS Rate,3.5
2021-04-30,LPS Rate,3.5
2021-05-03,LPS Rate,3.5
2021-05-04,LPS Rate,3.5
2021-05-05,LPS Rate,3.5
2021-05-06,LPS Rate,3.5
2021-05-07,LPS Rate,3.5
2021-05-10,LPS Rate,3.5
2021-05-11,LPS Rate,3.5
2021-05-12,LPS Rate,3.5
2021-05-13,LPS Rate,3.5
2021-05-14,LPS Rate,3.5
2021-05-17,LPS Rate,3.5
2021-05-18,LPS Rate,3.5
2021-05-19,LPS Rate,3.5
2021-05-20,LPS Rate,3.5
2021-05-21,LPS Rate,3.5
2021-05-24,LPS Rate,3.5
2021-05-25,LPS Rate,3.5
2021-05-26,LPS Rate,3.5
2021-05-27,LPS Rate,3.5
2021-05-28,LPS Rate,3.5
2021-05-31,LPS Rate,3.5
2021-06-01,LPS Rate,3.5
2021-06-02,LPS Rate,3.5
2021-06-03,LPS Rate,3.5
2021-06-04,LPS Rate,3.5
2021-06-07,LPS Rate,3.5
2021-06-08,LPS Rate,3.5
2021-06-09,LPS Rate,3.5
2021-06-10,LPS Rate,3.5
2021-06-11,LPS Rate,3.5
2021-06-14,LPS Rate,3.5
2021-06-15,LPS Rate,3.5
2021-06-16,LPS Rate,3.5
2021-06-17,LPS Rate,3.5
2021-06-18,LPS Rate,3.5
2021-06-21,LPS Rate,3.5
2021-06-22,LPS Rate,3.5
2021-06-23,LPS Rate,3.5
2021-06-24,LPS Rate,3.5
2021-06-25,LPS Rate,3.5
2021-06-28,LPS Rate,3.5
2021-06-29,LPS Rate,3.5
2021-06-30,LPS Rate,3.5
2021-07-01,LPS Rate,3.5
2021-07-02,LPS Rate,3.5
2021-07-05,LPS Rate,3.5
2021-07-06,LPS Rate,3.5
2021-07-07,LPS Rate,3.5
2021-07-08,LPS Rate,3.5
2021-07-09,LPS Rate,3.5
2021-07-12,LPS Rate,3.5
2021-07-13,LPS Rate,3.5
2021-07-14,LPS Rate,3.5
2021-07-15,LPS Rate,3.5
2021-07-16,LPS Rate,3.5
2021-07-19,LPS Rate,3.5
2021-07-20,LPS Rate,3.5
2021-07-21,LPS Rate,3.5
2021-07-22,LPS Rate,3.5
2021-07-23,LPS Rate,3.5
2021-07-26,LPS Rate,3.5
2021-07-27,LPS Rate,3.5
2021-07-28,LPS Rate,3.5
2021-07-29,LPS Rate,3.5
2021-07-30,LPS Rate,3.5
2021-08-02,LPS Rate,3.5
2021-08-03,LPS Rate,3.5
2021-08-04,LPS Rate,3.5
2021-08-05,LPS Rate,3.5
2021-08-06,LPS Rate,3.5
2021-08-09,LPS Rate,3.5
2021-08-10,LPS Rate,3.5
2021-08-11,LPS Rate,3.5
2021-08-12,LPS Rate,3.5
2021-08-13,LPS Rate,3.5
2021-08-16,LPS Rate,3.5
2021-08-17,LPS Rate,3.5
2021-08-18,LPS Rate,3.5
2021-08-19,LPS Rate,3.5
2021-08-20,LPS Rate,3.5
2021-08-23,LPS Rate,3.5
2021-08-24,LPS Rate,3.5
2021-08-25,LPS Rate,3.5
2021-08-26,LPS Rate,3.5
2021-08-27,LPS Rate,3.5
2021-08-30,LPS Rate,3.5
2021-08-31,LPS Rate,3.5
2021-09-01,LPS Rate,3.5
2021-09-02,LPS Rate,3.5
2021-09-03,LPS Rate,3.5
2021-09-06,LPS Rate,3.5
2021-09-07,LPS Rate,3.5
2021-09-08,LPS Rate,3.5
2021-09-09,LPS Rate,3.5
2021-09-10,LPS Rate,3.5
2021-09-13,LPS Rate,3.5
2021-09-14,LPS Rate,3.5
2021-09-15,LPS Rate,3.5
2021-09-16,LPS Rate,3.5
2021-09-17,LPS Rate,3.5
2021-09-20,LPS Rate,3.5
2021-09-21,LPS Rate,3.5
2021-09-22,LPS Rate,3.5
2021-09-23,LPS Rate,3.5
2021-09-24,LPS Rate,3.5
2021-09-27,LPS Rate,3.5
2021-09-28,LPS Rate,3.5
2021-09-29,LPS Rate,3.5
2021-09-30,LPS Rate,3.5
2021-10-01,LPS Rate,3.5
2021-10-04,LPS Rate,3.5
2021-10-05,LPS Rate,3.5
2021-10-06,LPS Rate,3.5
2021-10-07,LPS Rate,3.5
2021-10-08,LPS Rate,3.5
2021-10-11,LPS Rate,3.5
2021-10-12,LPS Rate,3.5
2021-10-13,LPS Rate,3.5
2021-10-14,LPS Rate,3.5
2021-10-15,LPS Rate,3.5
2021-10-18,LPS Rate,3.5
2021-10-19,LPS Rate,3.5
2021-10-20,LPS Rate,3.5
2021-10-21,LPS Rate,3.5
2021-10-22,LPS Rate,3.5
2021-10-25,LPS Rate,3.5
2021-10-26,LPS Rate,3.5
2021-10-27,LPS Rate,3.5
2021-10-28,LPS Rate,3.5
2021-10-29,LPS Rate,3.5
2021-11-01,LPS Rate,3.5
2021-11-02,LPS Rate,3.5
2021-11-03,LPS Rate,3.5
2021-11-04,LPS Rate,3.5
2021-11-05,LPS Rate,3.5
2021-11-08,LPS Rate,3.5
2021-11-09,LPS Rate,3.5
2021-11-10,LPS Rate,3.5
2021-11-11,LPS Rate,3.5
2021-11-12,LPS Rate,3.5
2021-11-15,LPS Rate,3.5
2021-11-16,LPS Rate,3.5
2021-11-17,LPS Rate,3.5
2021-11-18,LPS Rate,3.5
2021-11-19,LPS Rate,3.5
2021-11-22,LPS Rate,3.5
2021-11-23,LPS Rate,3.5
2021-11-24,LPS Rate,3.5
2021-11-25,LPS Rate,3.5
2021-11-26,LPS Rate,3.5
2021-11-29,LPS Rate,3.5
2021-11-30,LPS Rate,3.5
2021-12-01,LPS Rate,3.5
2021-12-02,LPS Rate,3.5
2021-12-03,LPS Rate,3.5
2021-12-06,LPS Rate,3.5
2021-12-07,LPS Rate,3.5
2021-12-08,LPS Rate,3.5
2021-12-09,LPS Rate,3.5
2021-12-10,LPS Rate,3.5
2021-12-13,LPS Rate,3.5
2021-12-14,LPS Rate,3.5
2021-12-15,LPS Rate,3.5
2021-12-16,LPS Rate,3.5
2021-12-17,LPS Rate,3.5
2021-12-20,LPS Rate,3.5
2021-12-21,LPS Rate,3.5
2021-12-22,LPS Rate,3.5
2021-12-23,LPS Rate,3.5
2021-12-24,LPS Rate,3.5
2021-12-27,LPS Rate,3.5
2021-12-28,LPS Rate,3.5
2021-12-29,LPS Rate,3.5
2021-12-30,LPS Rate,3.5
2021-12-31,LPS Rate,3.5
2022-01-03,LPS Rate,3.5
2022-01-04,LPS Rate,3.5
2022-01-05,LPS Rate,3.5
2022-01-06,LPS Rate,3.5
2022-01-07,LPS Rate,3.5
2022-01-10,LPS Rate,3.5
2022-01-11,LPS Rate,3.5
2022-01-12,LPS Rate,3.5
2022-01-13,LPS Rate,3.5
2022-01-14,LPS Rate,3.5
2022-01-17,LPS Rate,3.5
2022-01-18,LPS Rate,3.5
2022-01-19,LPS Rate,3.5
2022-01-20,LPS Rate,3.5
2022-01-21,LPS Rate,3.5
2022-01-24,LPS Rate,3.5
2022-01-25,LPS Rate,3.5
2022-01-26,LPS Rate,3.5
2022-01-27,LPS Rate,3.5
2022-01-28,LPS Rate,3.5
2022-01-31,LPS Rate,3.5
2022-02-01,LPS Rate,3.5
2022-02-02,LPS Rate,3.5
2022-02-03,LPS Rate,3.5
2022-02-04,LPS Rate,3.5
2022-02-07,LPS Rate,3.5
2022-02-08,LPS Rate,3.5
2022-02-09,LPS Rate,3.5
2022-02-10,LPS Rate,3.5
2022-02-11,LPS Rate,3.5
2022-02-14,LPS Rate,3.5
2022-02-15,LPS Rate,3.5
2022-02-16,LPS Rate,3.5
2022-02-17,LPS Rate,3.5
2022-02-18,LPS Rate,3.5
2022-02-21,LPS Rate,3.5
2022-02-22,LPS Rate,3.5
2022-02-23,LPS Rate,3.5
2022-02-24,LPS Rate,3.5
2022-02-25,LPS Rate,3.5
2022-02-28,LPS Rate,3.5
2022-03-01,LPS Rate,3.5
2022-03-02,LPS Rate,3.5
2022-03-03,LPS Rate,3.5
2022-03-04,LPS Rate,3.5
2022-03-07,LPS Rate,3.5
2022-03-08,LPS Rate,3.5
2022-03-09,LPS Rate,3.5
2022-03-10,LPS Rate,3.5
2022-03-11,LPS Rate,3.5
2022-03-14,LPS Rate,3.5
2022-03-15,LPS Rate,3.5
2022-03-16,LPS Rate,3.5
2022-03-17,LPS Rate,3.5
2022-03-18,LPS Rate,3.5
2022-03-21,LPS Rate,3.5
2022-03-22,LPS Rate,3.5
2022-03-23,LPS Rate,3.5
2022-03-24,LPS Rate,3.5
2022-03-25,LPS Rate,3.5
2022-03-28,LPS Rate,3.5
2022-03-29,LPS Rate,3.5
2022-03-30,LPS Rate,3.5
2022-03-31,LPS Rate,3.5
2022-04-01,LPS Rate,3.5
2022-04-04,LPS Rate,3.5
2022-04-05,LPS Rate,3.5
2022-04-06,LPS Rate,3.5
2022-04-07,LPS Rate,3.5
2022-04-08,LPS Rate,3.5
2022-04-11,LPS Rate,3.5
2022-04-12,LPS Rate,3.5
2022-04-13,LPS Rate,3.5
2022-04-14,LPS Rate,3.5
2022-04-15,LPS Rate,3.5
2022-04-18,LPS Rate,3.5
2022-04-19,LPS Rate,3.5
2022-04-20,LPS Rate,3.5
2022-04-21,LPS Rate,3.5
2022-04-22,LPS Rate,3.5
2022-04-25,LPS Rate,3.5
2022-04-26,LPS Rate,3.5
2022-04-27,LPS Rate,3.5
2022-04-28,LPS Rate,3.5
2022-04-29,LPS Rate,3.5
2022-05-02,LPS Rate,3.5
2022-05-03,LPS Rate,3.5
2022-05-04,LPS Rate,3.5
2022-05-05,LPS Rate,3.5
2022-05-06,LPS Rate,3.5
2022-05-09,LPS Rate,3.5
2022-05-10,LPS Rate,3.5
2022-05-11,LPS Rate,3.5
2022-05-12,LPS Rate,3.5
2022-05-13,LPS Rate,3.5
2022-05-16,LPS Rate,3.5
2022-05-17,LPS Rate,3.5
2022-05-18,LPS Rate,3.5
2022-05-19,LPS Rate,3.5
2022-05-20,LPS Rate,3.5
2022-05-23,LPS Rate,3.5
2022-05-24,LPS Rate,3.5
2022-05-25,LPS Rate,3.5
2022-05-26,LPS Rate,3.5
2022-05-27,LPS Rate,3.5
2022-05-30,LPS Rate,3.5
2022-05-31,LPS Rate,3.5
2022-06-01,LPS Rate,3.5
2022-06-02,LPS Rate,3.5
2022-06-03,LPS Rate,3.5
2022-06-06,LPS Rate,3.5
2022-06-07,LPS Rate,3.5
2022-06-08,LPS Rate,3.5
2022-06-09,LPS Rate,3.5
2022-06-10,LPS Rate,3.5
2022-06-13,LPS Rate,3.5
2022-06-14,LPS Rate,3.5
2022-06-15,LPS Rate,3.5
2022-06-16,LPS Rate,3.5
2022-06-17,LPS Rate,3.5
2022-06-20,LPS Rate,3.5
2022-06-21,LPS Rate,3.5
2022-06-22,LPS Rate,3.5
2022-06-23,LPS Rate,3.5
2022-06-24,LPS Rate,3.5
2022-06-27,LPS Rate,3.5
2022-06-28,LPS Rate,3.5
2022-06-29,LPS Rate,3.5
2022-06-30,LPS Rate,3.5
2022-07-01,LPS Rate,3.5
2022-07-04,LPS Rate,3.5
2022-07-05,LPS Rate,3.5
2022-07-06,LPS Rate,3.5
2022-07-07,LPS Rate,3.5
2022-07-08,LPS Rate,3.5
2022-07-11,LPS Rate,3.5
2022-07-12,LPS Rate,3.5
2022-07-13,LPS Rate,3.5
2022-07-14,LPS Rate,3.5
2022-07-15,LPS Rate,3.5
2022-07-18,LPS Rate,3.5
2022-07-19,LPS Rate,3.5
2022-07-20,LPS Rate,3.5
2022-07-21,LPS Rate,3.5
2022-07-22,LPS Rate,3.5
2022-07-25,LPS Rate,3.5
2022-07-26,LPS Rate,3.5
2022-07-27,LPS Rate,3.5
2022-07-28,LPS Rate,3.5
2022-07-29,LPS Rate,3.5
2022-08-01,LPS Rate,3.5
2022-08-02,LPS Rate,3.5
2022-08-03,LPS Rate,3.5
2022-08-04,LPS Rate,3.5
2022-08-05,LPS Rate,3.5
2022-08-08,LPS Rate,3.5
2022-08-09,LPS Rate,3.5
2022-08-10,LPS Rate,3.5
2022-08-11,LPS Rate,3.5
2022-08-12,LPS Rate,3.5
2022-08-15,LPS Rate,3.5
2022-08-16,LPS Rate,3.5
2022-08-17,LPS Rate,3.5
2022-08-18,LPS Rate,3.5
2022-08-19,LPS Rate,3.5
2022-08-22,LPS Rate,3.5
2022-08-23,LPS Rate,3.5
2022-08-24,LPS Rate,3.5
2022-08-25,LPS Rate,3.5
2022-08-26,LPS Rate,3.5
2022-08-29,LPS Rate,3.5
2022-08-30,LPS Rate,3.5
2022-08-31,LPS Rate,3.5
2022-09-01,LPS Rate,3.5
2022-09-02,LPS Rate,3.5
2022-09-05,LPS Rate,3.5
2022-09-06,LPS Rate,3.5
2022-09-07,LPS Rate,3.5
2022-09-08,LPS Rate,3.5
2022-09-09,LPS Rate,3.5
2022-09-12,LPS Rate,3.5
2022-09-13,LPS Rate,3.5
2022-09-14,LPS Rate,3.5
2022-09-15,LPS Rate,3.5
2022-09-16,LPS Rate,3.5
2022-09-19,LPS Rate,3.5
2022-09-20,LPS Rate,3.5
2022-09-21,LPS Rate,3.5
2022-09-22,LPS Rate,3.5
2022-09-23,LPS Rate,3.5
2022-09-26,LPS Rate,3.5
2022-09-27,LPS Rate,3.5
2022-09-28,LPS Rate,3.5
2022-09-29,LPS Rate,3.5
2022-09-30,LPS Rate,3.5
2022-10-03,LPS Rate,3.5
2022-10-04,LPS Rate,3.5
2022-10-05,LPS Rate,3.5
2022-10-06,LPS Rate,3.5
2022-10-07,LPS Rate,3.5
2022-10-10,LPS Rate,3.5
2022-10-11,LPS Rate,3.5
2022-10-12,LPS Rate,3.5
2022-10-13,LPS Rate,3.5
2022-10-14,LPS Rate,3.5
2022-10-17,LPS Rate,3.5
2022-10-18,LPS Rate,3.5
2022-10-19,LPS Rate,3.5
2022-10-20,LPS Rate,3.5
2022-10-21,LPS Rate,3.5
2022-10-24,LPS Rate,3.5
2022-10-25,LPS Rate,3.5
2022-10-26,LPS Rate,3.5
2022-10-27,LPS Rate,3.5
2022-10-28,LPS Rate,3.5
2022-10-31,LPS Rate,3.5
2022-11-01,LPS Rate,3.5
2022-11-02,LPS Rate,3.5
2022-11-03,LPS Rate,3.5
2022-11-04,LPS Rate,3.5
2022-11-07,LPS Rate,3.5
2022-11-08,LPS Rate,3.5
2022-11-09,LPS Rate,3.5
2022-11-10,LPS Rate,3.5
2022-11-11,LPS Rate,3.5
2022-11-14,LPS Rate,3.5
2022-11-15,LPS Rate,3.5
2022-11-16,LPS Rate,3.5
2022-11-17,LPS Rate,3.5
2022-11-18,LPS Rate,3.5
2022-11-21,LPS Rate,3.5
2022-11-22,LPS Rate,3.5
2022-11-23,LPS Rate,3.5
2022-11-24,LPS Rate,3.5
2022-11-25,LPS Rate,3.5
2022-11-28,LPS Rate,3.5
2022-11-29,LPS Rate,3.5
2022-11-30,LPS Rate,3.5
2022-12-01,LPS Rate,3.5
2022-12-02,LPS Rate,3.5
2022-12-05,LPS Rate,3.5
2022-12-06,LPS Rate,3.5
2022-12-07,LPS Rate,3.5
2022-12-08,LPS Rate,3.5
2022-12-09,LPS Rate,3.5
2022-12-12,LPS Rate,3.5
2022-12-13,LPS Rate,3.5
2022-12-14,LPS Rate,3.5
2022-12-15,LPS Rate,3.5
2022-12-16,LPS Rate,3.5
2022-12-19,LPS Rate,3.5
2022-12-20,LPS Rate,3.5
2022-12-21,LPS Rate,3.5
2022-12-22,LPS Rate,3.5
2022-12-23,LPS Rate,3.5
2022-12-26,LPS Rate,3.5
2022-12-27,LPS Rate,3.5
2022-12-28,LPS Rate,3.5
2022-12-29,LPS Rate,3.5
2022-12-30,LPS Rate,3.5
2023-01-02,LPS Rate,4.0
2023-01-03,LPS Rate,4.0
2023-01-04,LPS Rate,4.0
2023-01-05,LPS Rate,4.0
2023-01-06,LPS Rate,4.0
2023-01-09,LPS Rate,4.0
2023-01-10,LPS Rate,4.0
2023-01-11,LPS Rate,4.0
2023-01-12,LPS Rate,4.0
2023-01-13,LPS Rate,4.0
2023-01-16,LPS Rate,4.0
2023-01-17,LPS Rate,4.0
2023-01-18,LPS Rate,4.0
2023-01-19,LPS Rate,4.5
2023-01-20,LPS Rate,4.5
2023-01-23,LPS Rate,4.5
2023-01-24,LPS Rate,4.5
2023-01-25,LPS Rate,4.5
2023-01-26,LPS Rate,4.5
2023-01-27,LPS Rate,4.5
2023-01-30,LPS Rate,4.5
2023-01-31,LPS Rate,4.5
2023-02-01,LPS Rate,4.5
2023-02-02,LPS Rate,4.5
2023-02-03,LPS Rate,4.5
2023-02-06,LPS Rate,4.5
2023-02-07,LPS Rate,4.5
2023-02-08,LPS Rate,4.5
2023-02-09,LPS Rate,4.5
2023-02-10,LPS Rate,4.5
2023-02-13,LPS Rate,4.5
2023-02-14,LPS Rate,4.5
2023-02-15,LPS Rate,4.5
2023-02-16,LPS Rate,4.5
2023-02-17,LPS Rate,4.5
2023-02-20,LPS Rate,4.5
2023-02-21,LPS Rate,4.5
2023-02-22,LPS Rate,4.5
2023-02-23,LPS Rate,4.5
2023-02-24,LPS Rate,4.5
2023-02-27,LPS Rate,4.5
2023-02-28,LPS Rate,4.5
2023-03-01,LPS Rate,4.5
2023-03-02,LPS Rate,4.5
2023-03-03,LPS Rate,4.5
2023-03-06,LPS Rate,4.5
2023-03-07,LPS Rate,4.5
2023-03-08,LPS Rate,4.5
2023-03-09,LPS Rate,4.5
2023-03-10,LPS Rate,4.5
2023-03-13,LPS Rate,4.5
2023-03-14,LPS Rate,4.5
2023-03-15,LPS Rate,4.5
2023-03-16,LPS Rate,4.5
2023-03-17,LPS Rate,4.5
2023-03-20,LPS Rate,4.5
2023-03-21,LPS Rate,4.5
2023-03-22,LPS Rate,4.5
2023-03-23,LPS Rate,4.5
2023-03-24,LPS Rate,4.5
2023-03-27,LPS Rate,4.5
2023-03-28,LPS Rate,4.5
2023-03-29,LPS Rate,4.5
2023-03-30,LPS Rate,4.5
2023-03-31,LPS Rate,4.5
2023-04-03,LPS Rate,5.0
2023-04-04,LPS Rate,5.0
2023-04-05,LPS Rate,5.0
2023-04-06,LPS Rate,5.0
2023-04-07,LPS Rate,5.0
2023-04-10,LPS Rate,5.0
2023-04-11,LPS Rate,5.0
2023-04-12,LPS Rate,5.0
2023-04-13,LPS Rate,5.0
2023-04-14,LPS Rate,5.0
2023-04-17,LPS Rate,5.0
2023-04-18,LPS Rate,5.0
2023-04-19,LPS Rate,5.0
2023-04-20,LPS Rate,5.0
2023-04-21,LPS Rate,5.0
2023-04-24,LPS Rate,5.0
2023-04-25,LPS Rate,5.0
2023-04-26,LPS Rate,5.0
2023-04-27,LPS Rate,5.0
2023-04-28,LPS Rate,5.0
2023-05-01,LPS Rate,5.0
2023-05-02,LPS Rate,5.0
2023-05-03,LPS Rate,5.0
2023-05-04,LPS Rate,5.0
2023-05-05,LPS Rate,5.0
2023-05-08,LPS Rate,5.0
2023-05-09,LPS Rate,5.0
2023-05-10,LPS Rate,5.0
2023-05-11,LPS Rate,5.0
2023-05-12,LPS Rate,5.0
2023-05-15,LPS Rate,5.0
2023-05-16,LPS Rate,5.0
2023-05-17,LPS Rate,5.0
2023-05-18,LPS Rate,5.0
2023-05-19,LPS Rate,5.0
2023-05-22,LPS Rate,5.0
2023-05-23,LPS Rate,5.0
2023-05-24,LPS Rate,5.0
2023-05-25,LPS Rate,5.0
2023-05-26,LPS Rate,5.0
2023-05-29,LPS Rate,5.0
2023-05-30,LPS Rate,5.0
2023-05-31,LPS Rate,5.0
2023-06-01,LPS Rate,5.0
2023-06-02,LPS Rate,5.0
2023-06-05,LPS Rate,5.0
2023-06-06,LPS Rate,5.0
2023-06-07,LPS Rate,5.0
2023-06-08,LPS Rate,5.0
2023-06-09,LPS Rate,5.0
2023-06-12,LPS Rate,5.0
2023-06-13,LPS Rate,5.0
2023-06-14,LPS Rate,5.0
2023-06-15,LPS Rate,5.0
2023-06-16,LPS Rate,5.0
2023-06-19,LPS Rate,5.0
2023-06-20,LPS Rate,5.0
2023-06-21,LPS Rate,5.0
2023-06-22,LPS Rate,5.0
2023-06-23,LPS Rate,5.0
2023-06-26,LPS Rate,5.0
2023-06-27,LPS Rate,5.0
2023-06-28,LPS Rate,5.0
2023-06-29,LPS Rate,5.0
2023-06-30,LPS Rate,5.0
2023-07-03,LPS Rate,5.0
2023-07-04,LPS Rate,5.0
2023-07-05,LPS Rate,5.0
2023-07-06,LPS Rate,5.0
2023-07-07,LPS Rate,5.0
2023-07-10,LPS Rate,5.0
2023-07-11,LPS Rate,5.0
2023-07-12,LPS Rate,5.0
2023-07-13,LPS Rate,5.0
2023-07-14,LPS Rate,5.0
2023-07-17,LPS Rate,5.0
2023-07-18,LPS Rate,5.0
2023-07-19,LPS Rate,5.0
2023-07-20,LPS Rate,5.0
2023-07-21,LPS Rate,5.0
2023-07-24,LPS Rate,5.0
2023-07-25,LPS Rate,5.0
2023-07-26,LPS Rate,5.0
2023-07-27,LPS Rate,5.0
2023-07-28,LPS Rate,5.0
2023-07-31,LPS Rate,5.0
2023-08-01,LPS Rate,5.0
2023-08-02,LPS Rate,5.0
2023-08-03,LPS Rate,5.0
2023-08-04,LPS Rate,5.0
2023-08-07,LPS Rate,5.0
2023-08-08,LPS Rate,5.0
2023-08-09,LPS Rate,5.0
2023-08-10,LPS Rate,5.0
2023-08-11,LPS Rate,5.0
2023-08-14,LPS Rate,5.0
2023-08-15,LPS Rate,5.0
2023-08-16,LPS Rate,5.0
2023-08-17,LPS Rate,5.0
2023-08-18,LPS Rate,5.0
2023-08-21,LPS Rate,5.0
2023-08-22,LPS Rate,5.0
2023-08-23,LPS Rate,5.0
2023-08-24,LPS Rate,5.0
2023-08-25,LPS Rate,5.0
2023-08-28,LPS Rate,5.0
2023-08-29,LPS Rate,5.0
2023-08-30,LPS Rate,5.0
2023-08-31,LPS Rate,5.0
2023-09-01,LPS Rate,5.0
2023-09-04,LPS Rate,5.0
2023-09-05,LPS Rate,5.0
2023-09-06,LPS Rate,5.0
2023-09-07,LPS Rate,5.0
2023-09-08,LPS Rate,5.0
2023-09-11,LPS Rate,5.0
2023-09-12,LPS Rate,5.0
2023-09-13,LPS Rate,5.0
2023-09-14,LPS Rate,5.0
2023-09-15,LPS Rate,5.0
2023-09-18,LPS Rate,5.0
2023-09-19,LPS Rate,5.0
2023-09-20,LPS Rate,5.0
2023-09-21,LPS Rate,5.0
2023-09-22,LPS Rate,5.0
2023-09-25,LPS Rate,5.0
2023-09-26,LPS Rate,5.0
2023-09-27,LPS Rate,5.0
2023-09-28,LPS Rate,5.0
2023-09-29,LPS Rate,5.0
2023-10-02,LPS Rate,5.0
2023-10-03,LPS Rate,5.0
2023-10-04,LPS Rate,5.0
2023-10-05,LPS Rate,5.0
2023-10-06,LPS Rate,5.0
2023-10-09,LPS Rate,5.0
2023-10-10,LPS Rate,5.0
2023-10-11,LPS Rate,5.0
2023-10-12,LPS Rate,5.0
2023-10-13,LPS Rate,5.0
2023-10-16,LPS Rate,5.0
2023-10-17,LPS Rate,5.0
2023-10-18,LPS Rate,5.0
2023-10-19,LPS Rate,5.0
2023-10-20,LPS Rate,5.0
2023-10-23,LPS Rate,5.0
2023-10-24,LPS Rate,5.0
2023-10-25,LPS Rate,5.0
2023-10-26,LPS Rate,5.0
2023-10-27,LPS Rate,5.0
2023-10-30,LPS Rate,5.0
2023-10-31,LPS Rate,5.0
2023-11-01,LPS Rate,5.0
2023-11-02,LPS Rate,5.0
2023-11-03,LPS Rate,5.0
2023-11-06,LPS Rate,5.0
2023-11-07,LPS Rate,5.0
2023-11-08,LPS Rate,5.0
2023-11-09,LPS Rate,5.0
2023-11-10,LPS Rate,5.0
2023-11-13,LPS Rate,5.0
2023-11-14,LPS Rate,5.0
2023-11-15,LPS Rate,5.0
2023-11-16,LPS Rate,5.0
2023-11-17,LPS Rate,5.0
2023-11-20,LPS Rate,5.0
2023-11-21,LPS Rate,5.0
2023-11-22,LPS Rate,5.0
2023-11-23,LPS Rate,5.0
2023-11-24,LPS Rate,5.0
2023-11-27,LPS Rate,5.0
2023-11-28,LPS Rate,5.0
2023-11-29,LPS Rate,5.0
2023-11-30,LPS Rate,5.0
2023-12-01,LPS Rate,5.0
2023-12-04,LPS Rate,5.0
2023-12-05,LPS Rate,5.0
2023-12-06,LPS Rate,5.0
2023-12-07,LPS Rate,5.0
2023-12-08,LPS Rate,5.0
2023-12-11,LPS Rate,5.0
2023-12-12,LPS Rate,5.0
2023-12-13,LPS Rate,5.0
2023-12-14,LPS Rate,5.0
2023-12-15,LPS Rate,5.0
2023-12-18,LPS Rate,5.0
2023-12-19,LPS Rate,5.0
2023-12-20,LPS Rate,5.0
2023-12-21,LPS Rate,5.0
2023-12-22,LPS Rate,5.0
2023-12-25,LPS Rate,5.0
2023-12-26,LPS Rate,5.0
2023-12-27,LPS Rate,5.0
2023-12-28,LPS Rate,5.0
2023-12-29,LPS Rate,5.0
2024-01-01,LPS Rate,5.25
2024-01-02,LPS Rate,5.25
2024-01-03,LPS Rate,5.25
2024-01-04,LPS Rate,5.25
2024-01-05,LPS Rate,5.25
2024-01-08,LPS Rate,5.25
2024-01-09,LPS Rate,5.25
2024-01-10,LPS Rate,5.25
2024-01-11,LPS Rate,5.25
2024-01-12,LPS Rate,5.25
2024-01-15,LPS Rate,5.25
2024-01-16,LPS Rate,5.25
2024-01-17,LPS Rate,5.25
2024-01-18,LPS Rate,5.25
2024-01-19,LPS Rate,5.25
2024-01-22,LPS Rate,5.25
2024-01-23,LPS Rate,5.25
2024-01-24,LPS Rate,5.25
2024-01-25,LPS Rate,5.25
2024-01-26,LPS Rate,5.25
2024-01-29,LPS Rate,5.25
2024-01-30,LPS Rate,5.25
2024-01-31,LPS Rate,5.25
2024-02-01,LPS Rate,5.25
2024-02-02,LPS Rate,5.25
2024-02-05,LPS Rate,5.25
2024-02-06,LPS Rate,5.25
2024-02-07,LPS Rate,5.25
2024-02-08,LPS Rate,5.25
2024-02-09,LPS Rate,5.25
2024-02-12,LPS Rate,5.25
2024-02-13,LPS Rate,5.25
2024-02-14,LPS Rate,5.25
2024-02-15,LPS Rate,5.25
2024-02-16,LPS Rate,5.25
2024-02-19,LPS Rate,5.25
2024-02-20,LPS Rate,5.25
2024-02-21,LPS Rate,5.25
2024-02-22,LPS Rate,5.25
2024-02-23,LPS Rate,5.25
2024-02-26,LPS Rate,5.25
2024-02-27,LPS Rate,5.25
2024-02-28,LPS Rate,5.25
2024-02-29,LPS Rate,5.25
2024-03-01,LPS Rate,5.25
2024-03-04,LPS Rate,5.25
2024-03-05,LPS Rate,5.25
2024-03-06,LPS Rate,5.25
2024-03-07,LPS Rate,5.25
2024-03-08,LPS Rate,5.25
2024-03-11,LPS Rate,5.25
2024-03-12,LPS Rate,5.25
2024-03-13,LPS Rate,5.25
2024-03-14,LPS Rate,5.25
2024-03-15,LPS Rate,5.25
2024-03-18,LPS Rate,5.25
2024-03-19,LPS Rate,5.25
2024-03-20,LPS Rate,5.25
2024-03-21,LPS Rate,5.25
2024-03-22,LPS Rate,5.25
2024-03-25,LPS Rate,5.25
2024-03-26,LPS Rate,5.25
2024-03-27,LPS Rate,5.25
2024-03-28,LPS Rate,5.25
2024-03-29,LPS Rate,5.25
2024-04-01,LPS Rate,5.25
2024-04-02,LPS Rate,5.25
2024-04-03,LPS Rate,5.25
2024-04-04,LPS Rate,5.25
2024-04-05,LPS Rate,5.25
2024-04-08,LPS Rate,5.25
2024-04-09,LPS Rate,5.25
2024-04-10,LPS Rate,5.25
2024-04-11,LPS Rate,5.25
2024-04-12,LPS Rate,5.25
2024-04-15,LPS Rate,5.25
2024-04-16,LPS Rate,5.25
2024-04-17,LPS Rate,5.25
2024-04-18,LPS Rate,5.25
2024-04-19,LPS Rate,5.25
2024-04-22,LPS Rate,5.25
2024-04-23,LPS Rate,5.25
2024-04-24,LPS Rate,5.25
2024-04-25,LPS Rate,5.25
2024-04-26,LPS Rate,5.25
2024-04-29,LPS Rate,5.25
2024-04-30,LPS Rate,5.25
2024-05-01,LPS Rate,5.25
2024-05-02,LPS Rate,5.25
2024-05-03,LPS Rate,5.25
2024-05-06,LPS Rate,5.25
2024-05-07,LPS Rate,5.25
2024-05-08,LPS Rate,5.25
2024-05-09,LPS Rate,5.25
2024-05-10,LPS Rate,5.25
2024-05-13,LPS Rate,5.25
2024-05-14,LPS Rate,5.25
2024-05-15,LPS Rate,5.25
2024-05-16,LPS Rate,5.25
2024-05-17,LPS Rate,5.25
2024-05-20,LPS Rate,5.25
2024-05-21,LPS Rate,5.25
2024-05-22,LPS Rate,5.25
2024-05-23,LPS Rate,5.25
2024-05-24,LPS Rate,5.25
2024-05-27,LPS Rate,5.25
2024-05-28,LPS Rate,5.25
2024-05-29,LPS Rate,5.25
2024-05-30,LPS Rate,5.25
2024-05-31,LPS Rate,5.25
2024-06-03,LPS Rate,5.25
2024-06-04,LPS Rate,5.25
2024-06-05,LPS Rate,5.25
2024-06-06,LPS Rate,5.25
2024-06-07,LPS Rate,5.25
2024-06-10,LPS Rate,5.25
2024-06-11,LPS Rate,5.25
2024-06-12,LPS Rate,5.25
2024-06-13,LPS Rate,5.25
2024-06-14,LPS Rate,5.25
2024-06-17,LPS Rate,5.25
2024-06-18,LPS Rate,5.25
2024-06-19,LPS Rate,5.25
2024-06-20,LPS Rate,5.25
2024-06-21,LPS Rate,5.25
2024-06-24,LPS Rate,5.25
2024-06-25,LPS Rate,5.25
2024-06-26,LPS Rate,5.25
2024-06-27,LPS Rate,5.25
2024-06-28,LPS Rate,5.25
2024-07-01,LPS Rate,5.5
2024-07-02,LPS Rate,5.5
2024-07-03,LPS Rate,5.5
2024-07-04,LPS Rate,5.5
2024-07-05,LPS Rate,5.5
2024-07-08,LPS Rate,5.5
2024-07-09,LPS Rate,5.5
2024-07-10,LPS Rate,5.5
2024-07-11,LPS Rate,5.5
2024-07-12,LPS Rate,5.5
2024-07-15,LPS Rate,5.5
2024-07-16,LPS Rate,5.5
2024-07-17,LPS Rate,5.5
2024-07-18,LPS Rate,5.5
2024-07-19,LPS Rate,5.5
2024-07-22,LPS Rate,5.5
2024-07-23,LPS Rate,5.5
2024-07-24,LPS Rate,5.5
2024-07-25,LPS Rate,5.5
2024-07-26,LPS Rate,5.5
2024-07-29,LPS Rate,5.5
2024-07-30,LPS Rate,5.5
2024-07-31,LPS Rate,5.5
2024-08-01,LPS Rate,5.5
2024-08-02,LPS Rate,5.5
2024-08-05,LPS Rate,5.5
2024-08-06,LPS Rate,5.5
2024-08-07,LPS Rate,5.5
2024-08-08,LPS Rate,5.5
2024-08-09,LPS Rate,5.5
2024-08-12,LPS Rate,5.5
2024-08-13,LPS Rate,5.5
2024-08-14,LPS Rate,5.5
2024-08-15,LPS Rate,5.5
2024-08-16,LPS Rate,5.5
2024-08-19,LPS Rate,5.5
2024-08-20,LPS Rate,5.5
2024-08-21,LPS Rate,5.5
2024-08-22,LPS Rate,5.5
2024-08-23,LPS Rate,5.5
2024-08-26,LPS Rate,5.5
2024-08-27,LPS Rate,5.5
2024-08-28,LPS Rate,5.5
2024-08-29,LPS Rate,5.5
2024-08-30,LPS Rate,5.5
2024-09-02,LPS Rate,5.5
2024-09-03,LPS Rate,5.5
2024-09-04,LPS Rate,5.5
2024-09-05,LPS Rate,5.5
2024-09-06,LPS Rate,5.5
2024-09-09,LPS Rate,5.5
2024-09-10,LPS Rate,5.5
2024-09-11,LPS Rate,5.5
2024-09-12,LPS Rate,5.5
2024-09-13,LPS Rate,5.5
2024-09-16,LPS Rate,5.5
2024-09-17,LPS Rate,5.5
2024-09-18,LPS Rate,5.5
2024-09-19,LPS Rate,5.5
2024-09-20,LPS Rate,5.5
2024-09-23,LPS Rate,5.5
2024-09-24,LPS Rate,5.5
2024-09-25,LPS Rate,5.5
2024-09-26,LPS Rate,5.5
2024-09-27,LPS Rate,5.5
2024-09-30,LPS Rate,5.5
2024-10-01,LPS Rate,5.5
2024-10-02,LPS Rate,5.5
2024-10-03,LPS Rate,5.5
2024-10-04,LPS Rate,5.5
2024-10-07,LPS Rate,5.5
2024-10-08,LPS Rate,5.5
2024-10-09,LPS Rate,5.5
2024-10-10,LPS Rate,5.5
2024-10-11,LPS Rate,5.5
2024-10-14,LPS Rate,5.5
2024-10-15,LPS Rate,5.5
2024-10-16,LPS Rate,5.5
2024-10-17,LPS Rate,5.5
2024-10-18,LPS Rate,5.5
2024-10-21,LPS Rate,5.5
2024-10-22,LPS Rate,5.5
2024-10-23,LPS Rate,5.5
2024-10-24,LPS Rate,5.5
2024-10-25,LPS Rate,5.5
2024-10-28,LPS Rate,5.5
2024-10-29,LPS Rate,5.5
2024-10-30,LPS Rate,5.5
2024-10-31,LPS Rate,5.5
2024-11-01,LPS Rate,5.5
2024-11-04,LPS Rate,5.5
2024-11-05,LPS Rate,5.5
2024-11-06,LPS Rate,5.5
2024-11-07,LPS Rate,5.5
2024-11-08,LPS Rate,5.5
2024-11-11,LPS Rate,5.5
2024-11-12,LPS Rate,5.5
2024-11-13,LPS Rate,5.5
2024-11-14,LPS Rate,5.5
2024-11-15,LPS Rate,5.5
2024-11-18,LPS Rate,5.5
2024-11-19,LPS Rate,5.5
2024-11-20,LPS Rate,5.5
2024-11-21,LPS Rate,5.5
2024-11-22,LPS Rate,5.5
2024-11-25,LPS Rate,5.5
2024-11-26,LPS Rate,5.5
2024-11-27,LPS Rate,5.5
2024-11-28,LPS Rate,5.5
2024-11-29,LPS Rate,5.5
2024-12-02,LPS Rate,5.5
2024-12-03,LPS Rate,5.5
2024-12-04,LPS Rate,5.5
2024-12-05,LPS Rate,5.5
2024-12-06,LPS Rate,5.5
2024-12-09,LPS Rate,5.5
2024-12-10,LPS Rate,5.5
2024-12-11,LPS Rate,5.5
2024-12-12,LPS Rate,5.5
2024-12-13,LPS Rate,5.5
2024-12-16,LPS Rate,5.5
2024-12-17,LPS Rate,5.5
2024-12-18,LPS Rate,5.5
2024-12-19,LPS Rate,5.5
2024-12-20,LPS Rate,5.5
2024-12-23,LPS Rate,5.5
2024-12-24,LPS Rate,5.5
2024-12-25,LPS Rate,5.5
2024-12-26,LPS Rate,5.5
2024-12-27,LPS Rate,5.5
2024-12-30,LPS Rate,5.5
2024-12-31,LPS Rate,5.5
2025-01-01,LPS Rate,5.25
2025-01-02,LPS Rate,5.25
2025-01-03,LPS Rate,5.25
2025-01-06,LPS Rate,5.25
2025-01-07,LPS Rate,5.25
2025-01-08,LPS Rate,5.25
2025-01-09,LPS Rate,5.25
2025-01-10,LPS Rate,5.25
2025-01-13,LPS Rate,5.25
2025-01-14,LPS Rate,5.25
2025-01-15,LPS Rate,5.25
2025-01-16,LPS Rate,5.25
2025-01-17,LPS Rate,5.25
2025-01-20,LPS Rate,5.25
2025-01-21,LPS Rate,5.25
2025-01-22,LPS Rate,5.25
2025-01-23,LPS Rate,5.25
2025-01-24,LPS Rate,5.25
2025-01-27,LPS Rate,5.25
2025-01-28,LPS Rate,5.25
2025-01-29,LPS Rate,5.25
2025-01-30,LPS Rate,5.25
2025-01-31,LPS Rate,5.25
2025-02-03,LPS Rate,5.25
2025-02-04,LPS Rate,5.25
2025-02-05,LPS Rate,5.25
2025-02-06,LPS Rate,5.25
2025-02-07,LPS Rate,5.25
2025-02-10,LPS Rate,5.25
2025-02-11,LPS Rate,5.25
2025-02-12,LPS Rate,5.25
2025-02-13,LPS Rate,5.25
2025-02-14,LPS Rate,5.25
2025-02-17,LPS Rate,5.25
2025-02-18,LPS Rate,5.25
2025-02-19,LPS Rate,5.25
2025-02-20,LPS Rate,5.25
2025-02-21,LPS Rate,5.25
2025-02-24,LPS Rate,5.25
2025-02-25,LPS Rate,5.25
2025-02-26,LPS Rate,5.25
2025-02-27,LPS Rate,5.25
2025-02-28,LPS Rate,5.25
2025-03-03,LPS Rate,5.25
2025-03-04,LPS Rate,5.25
2025-03-05,LPS Rate,5.25
2025-03-06,LPS Rate,5.25
2025-03-07,LPS Rate,5.25
2025-03-10,LPS Rate,5.25
2025-03-11,LPS Rate,5.25
2025-03-12,LPS Rate,5.25
2025-03-13,LPS Rate,5.25
2025-03-14,LPS Rate,5.25
2025-03-17,LPS Rate,5.25
2025-03-18,LPS Rate,5.25
2025-03-19,LPS Rate,5.25
2025-03-20,LPS Rate,5.25
2025-03-21,LPS Rate,5.25
2025-03-24,LPS Rate,5.25
2025-03-25,LPS Rate,5.25
2025-03-26,LPS Rate,5.25
2025-03-27,LPS Rate,5.25
2025-03-28,LPS Rate,5.25
2025-03-31,LPS Rate,5.25
2025-04-01,LPS Rate,5.0
2025-04-02,LPS Rate,5.0
2025-04-03,LPS Rate,5.0
2025-04-04,LPS Rate,5.0
2025-04-07,LPS Rate,5.0
2025-04-08,LPS Rate,5.0
2025-04-09,LPS Rate,5.0
2025-04-10,LPS Rate,5.0
2025-04-11,LPS Rate,5.0
2025-04-14,LPS Rate,5.0
2025-04-15,LPS Rate,5.0
2025-04-16,LPS Rate,5.0
2025-04-17,LPS Rate,5.0
2025-04-18,LPS Rate,5.0
2025-04-21,LPS Rate,5.0
2025-04-22,LPS Rate,5.0
2025-04-23,LPS Rate,5.0
2025-04-24,LPS Rate,5.0
2025-04-25,LPS Rate,5.0
2025-04-28,LPS Rate,5.0
2025-04-29,LPS Rate,5.0
2025-04-30,LPS Rate,5.0
2025-05-01,LPS Rate,5.0
2025-05-02,LPS Rate,5.0
2025-05-05,LPS Rate,5.0
2025-05-06,LPS Rate,5.0
2025-05-07,LPS Rate,5.0
2025-05-08,LPS Rate,5.0
2025-05-09,LPS Rate,5.0
2025-05-12,LPS Rate,5.0
2025-05-13,LPS Rate,5.0
2025-05-14,LPS Rate,5.0
2025-05-15,LPS Rate,5.0
2025-05-16,LPS Rate,5.0
2025-05-19,LPS Rate,5.0
2025-05-20,LPS Rate,5.0
2025-05-21,LPS Rate,5.0
2025-05-22,LPS Rate,5.0
2025-05-23,LPS Rate,5.0
2025-05-26,LPS Rate,5.0
2025-05-27,LPS Rate,5.0
2025-05-28,LPS Rate,5.0
2025-05-29,LPS Rate,5.0
2025-05-30,LPS Rate,5.0
2025-06-02,LPS Rate,5.0
2025-06-03,LPS Rate,5.0
2025-06-04,LPS Rate,5.0
2025-06-05,LPS Rate,5.0
2025-06-06,LPS Rate,5.0
2025-06-09,LPS Rate,5.0
2025-06-10,LPS Rate,5.0
2025-06-11,LPS Rate,5.0
2025-06-12,LPS Rate,5.0
2025-06-13,LPS Rate,5.0
2025-06-16,LPS Rate,5.0
2025-06-17,LPS Rate,5.0
2025-06-18,LPS Rate,5.0
2025-06-19,LPS Rate,5.0
2025-06-20,LPS Rate,5.0
2025-06-23,LPS Rate,5.0
2025-06-24,LPS Rate,5.0
2025-06-25,LPS Rate,5.0
2025-06-26,LPS Rate,5.0
2025-06-27,LPS Rate,5.0
2025-06-30,LPS Rate,5.0
2025-07-01,LPS Rate,5.0
2025-07-02,LPS Rate,5.0
2025-07-03,LPS Rate,5.0
2025-07-04,LPS Rate,5.0
2025-07-07,LPS Rate,5.0
2025-07-08,LPS Rate,5.0
2025-07-09,LPS Rate,5.0
2025-07-10,LPS Rate,5.0
2025-07-11,LPS Rate,5.0
2025-07-14,LPS Rate,5.0
2025-07-15,LPS Rate,5.0
2025-07-16,LPS Rate,5.0
2025-07-17,LPS Rate,5.0
2025-07-18,LPS Rate,5.0
2025-07-21,LPS Rate,5.0
2025-07-22,LPS Rate,5.0
2025-07-23,LPS Rate,4.75
2025-07-24,LPS Rate,4.75
2025-07-25,LPS Rate,4.75
2025-07-28,LPS Rate,4.75
2025-07-29,LPS Rate,4.75
2025-07-30,LPS Rate,4.75
2025-07-31,LPS Rate,4.75
2025-08-01,LPS Rate,4.75
2025-08-04,LPS Rate,4.75
2025-08-05,LPS Rate,4.75
2025-08-06,LPS Rate,4.75
2025-08-07,LPS Rate,4.75
2025-08-08,LPS Rate,4.75
2025-08-11,LPS Rate,4.75
2025-08-12,LPS Rate,4.75
2025-08-13,LPS Rate,4.75
2025-08-14,LPS Rate,4.75
2025-08-15,LPS Rate,4.75
2025-08-18,LPS Rate,4.75
2025-08-19,LPS Rate,4.75
2025-08-20,LPS Rate,4.75
2025-08-21,LPS Rate,4.75
2025-08-22,LPS Rate,4.75
2025-08-25,LPS Rate,4.75
2025-08-26,LPS Rate,4.75
2025-08-27,LPS Rate,4.75
2025-08-28,LPS Rate,4.75
2025-08-29,LPS Rate,4.75
2025-09-01,LPS Rate,4.75
2025-09-02,LPS Rate,4.75
2025-09-03,LPS Rate,4.75
2025-09-04,LPS Rate,4.75
2025-09-05,LPS Rate,4.75
2025-09-08,LPS Rate,4.75
2025-09-09,LPS Rate,4.75
2025-09-10,LPS Rate,4.75
2025-09-11,LPS Rate,4.75
2025-09-12,LPS Rate,4.75
2025-09-15,LPS Rate,4.75
2025-09-16,LPS Rate,4.75
2025-09-17,LPS Rate,4.75
2025-09-18,LPS Rate,4.75
2025-09-19,LPS Rate,4.75
2025-09-22,LPS Rate,4.75
2025-09-23,LPS Rate,4.75
2025-09-24,LPS Rate,4.75
2025-09-25,LPS Rate,4.75
2025-09-26,LPS Rate,4.75
2025-09-29,LPS Rate,4.75
2025-09-30,LPS Rate,4.75
2025-10-01,LPS Rate,4.5
2025-10-02,LPS Rate,4.5
2025-10-03,LPS Rate,4.5
2025-10-06,LPS Rate,4.5
2025-10-07,LPS Rate,4.5
2025-10-08,LPS Rate,4.5
2025-10-09,LPS Rate,4.5
2025-10-10,LPS Rate,4.5
2025-10-13,LPS Rate,4.5
2025-10-14,LPS Rate,4.5
2025-10-15,LPS Rate,4.5
2025-10-16,LPS Rate,4.5
2025-10-17,LPS Rate,4.5
2025-10-20,LPS Rate,4.5
2025-10-21,LPS Rate,4.5
2025-10-22,LPS Rate,4.25
2025-10-23,LPS Rate,4.25
2025-10-24,LPS Rate,4.25
2025-10-27,LPS Rate,4.25
2025-10-28,LPS Rate,4.25
2025-10-29,LPS Rate,4.25
2025-10-30,LPS Rate,4.25
2025-10-31,LPS Rate,4.25
2025-11-03,LPS Rate,4.25
2025-11-04,LPS Rate,4.25
2025-11-05,LPS Rate,4.25
2025-11-06,LPS Rate,4.25
2025-11-07,LPS Rate,4.25
2025-11-10,LPS Rate,4.25
2025-11-11,LPS Rate,4.25
2025-11-12,LPS Rate,4.25
2025-11-13,LPS Rate,4.25
2025-11-14,LPS Rate,4.25
2025-11-17,LPS Rate,4.25
2025-11-18,LPS Rate,4.25
2025-11-19,LPS Rate,4.25
2025-11-20,LPS Rate,4.25
2025-11-21,LPS Rate,4.25
2025-11-24,LPS Rate,4.25
2025-11-25,LPS Rate,4.25
2025-11-26,LPS Rate,4.25
2025-11-27,LPS Rate,4.25
2025-11-28,LPS Rate,4.25
2025-12-01,LPS Rate,4.25
2025-12-02,LPS Rate,4.25
2025-12-03,LPS Rate,4.25
2025-12-04,LPS Rate,4.25
2025-12-05,LPS Rate,4.25
2025-12-08,LPS Rate,4.25
2025-12-09,LPS Rate,4.25
2025-12-10,LPS Rate,4.25
2025-12-11,LPS Rate,4.25
2025-12-12,LPS Rate,4.25
2025-12-15,LPS Rate,4.25
2025-12-16,LPS Rate,4.25
2025-12-17,LPS Rate,4.25
2025-12-18,LPS Rate,4.25
2025-12-19,LPS Rate,4.25
2025-12-22,LPS Rate,4.25
2025-12-23,LPS Rate,4.25
2025-12-24,LPS Rate,4.25
2025-12-25,LPS Rate,4.25
2025-12-26,LPS Rate,4.25
2025-12-29,LPS Rate,4.25
2025-12-30,LPS Rate,4.25
2025-12-31,LPS Rate,4.25
2026-01-01,LPS Rate,4.0
2026-01-02,LPS Rate,4.0
2026-01-05,LPS Rate,4.0
2026-01-06,LPS Rate,4.0
2026-01-07,LPS Rate,4.0
2026-01-08,LPS Rate,4.0
2026-01-09,LPS Rate,4.0
2026-01-12,LPS Rate,4.0
2026-01-13,LPS Rate,4.0
2026-01-14,LPS Rate,4.0
2026-01-15,LPS Rate,4.0
2026-01-16,LPS Rate,4.0
2026-01-19,LPS Rate,4.0
2026-01-20,LPS Rate,4.0
2026-01-21,LPS Rate,4.0
2026-01-22,LPS Rate,4.0
2026-01-23,LPS Rate,4.0
2026-01-26,LPS Rate,4.0
2026-01-27,LPS Rate,4.0
2026-01-28,LPS Rate,4.0
2026-01-29,LPS Rate,4.0
2026-01-30,LPS Rate,4.0
2026-02-02,LPS Rate,4.0
2026-02-03,LPS Rate,4.0
2026-02-04,LPS Rate,4.0
2026-02-05,LPS Rate,4.0
2026-02-06,LPS Rate,4.0
2026-02-09,LPS Rate,4.0
2026-02-10,LPS Rate,4.0
2026-02-11,LPS Rate,4.0
2026-02-12,LPS Rate,4.0
2026-02-13,LPS Rate,4.0
2026-02-16,LPS Rate,4.0
2026-02-17,LPS Rate,4.0
2026-02-18,LPS Rate,4.0
2026-02-19,LPS Rate,4.0
2026-02-20,LPS Rate,4.0
2026-02-23,LPS Rate,4.0
2026-02-24,LPS Rate,4.0
2026-02-25,LPS Rate,4.0
2026-02-26,LPS Rate,4.0
2026-02-27,LPS Rate,4.0
2026-03-02,LPS Rate,4.0
2026-03-03,LPS Rate,4.0
2026-03-04,LPS Rate,4.0
2026-03-05,LPS Rate,4.0
2026-03-06,LPS Rate,4.0
2026-03-09,LPS Rate,4.0
2026-03-10,LPS Rate,4.0
2026-03-11,LPS Rate,4.0
2026-03-12,LPS Rate,4.0
2026-03-13,LPS Rate,4.0
2026-03-16,LPS Rate,4.0
2026-03-17,LPS Rate,4.0
2026-03-18,LPS Rate,4.0
2026-03-19,LPS Rate,4.0
2026-03-20,LPS Rate,4.0
2026-03-23,LPS Rate,4.0
2026-03-24,LPS Rate,4.0
2026-03-25,LPS Rate,4.0
2026-03-26,LPS Rate,4.0
2026-03-27,LPS Rate,4.0
2026-03-30,LPS Rate,4.0
2026-03-31,LPS Rate,4.0
2026-04-01,LPS Rate,4.0
2026-04-02,LPS Rate,4.0
2026-04-03,LPS Rate,4.0
2026-04-06,LPS Rate,4.0
2026-04-07,LPS Rate,4.0
2026-04-08,LPS Rate,4.0
2026-04-09,LPS Rate,4.0
2026-04-10,LPS Rate,4.0
2026-04-13,LPS Rate,4.0
2026-04-14,LPS Rate,4.0
2026-04-15,LPS Rate,4.0
2026-04-16,LPS Rate,4.0
2026-04-17,LPS Rate,4.0
2026-04-20,LPS Rate,4.0
2026-04-21,LPS Rate,4.0
2026-04-22,LPS Rate,4.0
2026-04-23,LPS Rate,4.0
2026-04-24,LPS Rate,4.0
2026-04-27,LPS Rate,4.0
2026-04-28,LPS Rate,4.0
2026-04-29,LPS Rate,4.0
2026-04-30,LPS Rate,4.0
2026-05-01,LPS Rate,4.0
2026-05-04,LPS Rate,4.0
2026-05-05,LPS Rate,4.0
2026-05-06,LPS Rate,4.0
2026-05-07,LPS Rate,4.0
2026-05-08,LPS Rate,4.0
2026-05-11,LPS Rate,4.0
2026-05-12,LPS Rate,4.0
2026-05-13,LPS Rate,4.0
2026-05-14,LPS Rate,4.0
2026-05-15,LPS Rate,4.0
2026-05-18,LPS Rate,4.0
2026-05-19,LPS Rate,4.0
2026-05-20,LPS Rate,4.0
2026-05-21,LPS Rate,4.0
2026-05-22,LPS Rate,4.0
2026-05-25,LPS Rate,4.0
2026-05-26,LPS Rate,4.0
2026-05-27,LPS Rate,4.0
2026-05-28,LPS Rate,4.0
2026-05-29,LPS Rate,4.0
2026-06-01,LPS Rate,4.0
2026-06-02,LPS Rate,4.0
2026-06-03,LPS Rate,4.0
2026-06-04,LPS Rate,4.0
2026-06-05,LPS Rate,4.0
2026-06-08,LPS Rate,4.0
2026-06-09,LPS Rate,4.0
2026-06-10,LPS Rate,4.0
2026-06-11,LPS Rate,4.0
2026-06-12,LPS Rate,4.0
2026-06-15,LPS Rate,4.0
2026-06-16,LPS Rate,4.0
2026-06-17,LPS Rate,4.0
2026-06-18,LPS Rate,4.0
2026-06-19,LPS Rate,4.0
2026-06-22,LPS Rate,4.0
2026-06-23,LPS Rate,4.0
2026-06-24,LPS Rate,4.0
2026-06-25,LPS Rate,4.0
2026-06-26,LPS Rate,4.0
2026-06-29,LPS Rate,4.0
2026-06-30,LPS Rate,4.0
2026-07-01,LPS Rate,4.0
2026-07-02,LPS Rate,4.0
2026-07-03,LPS Rate,4.0
2026-07-06,LPS Rate,4.0
2026-07-07,LPS Rate,4.0
2026-07-08,LPS Rate,4.0
2026-07-09,LPS Rate,4.0
2026-07-10,LPS Rate,4.0
2026-07-13,LPS Rate,4.0
2026-07-14,LPS Rate,4.0
2026-07-15,LPS Rate,4.0
2026-07-16,LPS Rate,4.0
2026-07-17,LPS Rate,4.0
2026-07-20,LPS Rate,4.0
2026-07-21,LPS Rate,4.0
2026-07-22,LPS Rate,4.5
2026-07-23,LPS Rate,4.5
2026-07-24,LPS Rate,4.5
2026-07-27,LPS Rate,4.5
2026-07-28,LPS Rate,4.5
2026-07-29,LPS Rate,4.5
2026-07-30,LPS Rate,4.5
2026-07-31,LPS Rate,4.5
2026-08-03,LPS Rate,4.5
2026-08-04,LPS Rate,4.5
2026-08-05,LPS Rate,4.5
2026-08-06,LPS Rate,4.5
2026-08-07,LPS Rate,4.5
2026-08-10,LPS Rate,4.5
2026-08-11,LPS Rate,4.5
2026-08-12,LPS Rate,4.5
2026-08-13,LPS Rate,4.5
2026-08-14,LPS Rate,4.5
2026-08-17,LPS Rate,4.5
2026-08-18,LPS Rate,4.5
2026-08-19,LPS Rate,4.5
2026-08-20,LPS Rate,4.5
2026-08-21,LPS Rate,4.5
2026-08-24,LPS Rate,4.5
2026-08-25,LPS Rate,4.5
2026-08-26,LPS Rate,4.5
2026-08-27,LPS Rate,4.5
2026-08-28,LPS Rate,4.5
2026-08-31,LPS Rate,4.5
2026-09-01,LPS Rate,4.5
2026-09-02,LPS Rate,4.5
2026-09-03,LPS Rate,4.5
2026-09-04,LPS Rate,4.5
2026-09-07,LPS Rate,4.5
2026-09-08,LPS Rate,4.5
2026-09-09,LPS Rate,4.5
2026-09-10,LPS Rate,4.5
2026-09-11,LPS Rate,4.5
2026-09-14,LPS Rate,4.5
2026-09-15,LPS Rate,4.5
2026-09-16,LPS Rate,4.5
2026-09-17,LPS Rate,4.5
2026-09-18,LPS Rate,4.5
2026-09-21,LPS Rate,4.5
2026-09-22,LPS Rate,4.5
2026-09-23,LPS Rate,4.5
2026-09-24,LPS Rate,4.5
2026-09-25,LPS Rate,4.5
2026-09-28,LPS Rate,4.5
2026-09-29,LPS Rate,4.5
2026-09-30,LPS Rate,4.5
2020-01-02,Deposito (1 Bln - Avg),4.3018
2020-01-03,Deposito (1 Bln - Avg),4.2955
2020-01-06,Deposito (1 Bln - Avg),4.285
2020-01-07,Deposito (1 Bln - Avg),4.2668
2020-01-08,Deposito (1 Bln - Avg),4.2536
2020-01-09,Deposito (1 Bln - Avg),4.2437
2020-01-10,Deposito (1 Bln - Avg),4.254
2020-01-13,Deposito (1 Bln - Avg),4.2575
2020-01-14,Deposito (1 Bln - Avg),4.2717
2020-01-15,Deposito (1 Bln - Avg),4.2902
2020-01-16,Deposito (1 Bln - Avg),4.2807
2020-01-17,Deposito (1 Bln - Avg),4.2584
2020-01-20,Deposito (1 Bln - Avg),4.2313
2020-01-21,Deposito (1 Bln - Avg),4.2204
2020-01-22,Deposito (1 Bln - Avg),4.2199
2020-01-23,Deposito (1 Bln - Avg),4.2283
2020-01-24,Deposito (1 Bln - Avg),4.2275
2020-01-27,Deposito (1 Bln - Avg),4.2164
2020-01-28,Deposito (1 Bln - Avg),4.2155
2020-01-29,Deposito (1 Bln - Avg),4.2175
2020-01-30,Deposito (1 Bln - Avg),4.2374
2020-01-31,Deposito (1 Bln - Avg),4.2282
2020-02-03,Deposito (1 Bln - Avg),4.2323
2020-02-04,Deposito (1 Bln - Avg),4.2259
2020-02-05,Deposito (1 Bln - Avg),4.2339
2020-02-06,Deposito (1 Bln - Avg),4.2287
2020-02-07,Deposito (1 Bln - Avg),4.2291
2020-02-10,Deposito (1 Bln - Avg),4.2177
2020-02-11,Deposito (1 Bln - Avg),4.1959
2020-02-12,Deposito (1 Bln - Avg),4.1873
2020-02-13,Deposito (1 Bln - Avg),4.1776
2020-02-14,Deposito (1 Bln - Avg),4.1913
2020-02-17,Deposito (1 Bln - Avg),4.1764
2020-02-18,Deposito (1 Bln - Avg),4.1924
2020-02-19,Deposito (1 Bln - Avg),4.1886
2020-02-20,Deposito (1 Bln - Avg),4.1862
2020-02-21,Deposito (1 Bln - Avg),4.148
2020-02-24,Deposito (1 Bln - Avg),4.1384
2020-02-25,Deposito (1 Bln - Avg),4.144
2020-02-26,Deposito (1 Bln - Avg),4.1483
2020-02-27,Deposito (1 Bln - Avg),4.1466
2020-02-28,Deposito (1 Bln - Avg),4.1356
2020-03-02,Deposito (1 Bln - Avg),4.1429
2020-03-03,Deposito (1 Bln - Avg),4.1294
2020-03-04,Deposito (1 Bln - Avg),4.1302
2020-03-05,Deposito (1 Bln - Avg),4.1293
2020-03-06,Deposito (1 Bln - Avg),4.1571
2020-03-09,Deposito (1 Bln - Avg),4.1424
2020-03-10,Deposito (1 Bln - Avg),4.123
2020-03-11,Deposito (1 Bln - Avg),4.0839
2020-03-12,Deposito (1 Bln - Avg),4.0969
2020-03-13,Deposito (1 Bln - Avg),4.0853
2020-03-16,Deposito (1 Bln - Avg),4.0841
2020-03-17,Deposito (1 Bln - Avg),4.0712
2020-03-18,Deposito (1 Bln - Avg),4.0682
2020-03-19,Deposito (1 Bln - Avg),4.0579
2020-03-20,Deposito (1 Bln - Avg),4.0469
2020-03-23,Deposito (1 Bln - Avg),4.0283
2020-03-24,Deposito (1 Bln - Avg),4.016
2020-03-25,Deposito (1 Bln - Avg),4.0094
2020-03-26,Deposito (1 Bln - Avg),4.0247
2020-03-27,Deposito (1 Bln - Avg),4.0302
2020-03-30,Deposito (1 Bln - Avg),4.0095
2020-03-31,Deposito (1 Bln - Avg),3.9965
2020-04-01,Deposito (1 Bln - Avg),3.9995
2020-04-02,Deposito (1 Bln - Avg),4.016
2020-04-03,Deposito (1 Bln - Avg),4.0132
2020-04-06,Deposito (1 Bln - Avg),3.9897
2020-04-07,Deposito (1 Bln - Avg),3.9839
2020-04-08,Deposito (1 Bln - Avg),3.9725
2020-04-09,Deposito (1 Bln - Avg),3.9633
2020-04-10,Deposito (1 Bln - Avg),3.9427
2020-04-13,Deposito (1 Bln - Avg),3.9567
2020-04-14,Deposito (1 Bln - Avg),3.9645
2020-04-15,Deposito (1 Bln - Avg),3.978
2020-04-16,Deposito (1 Bln - Avg),3.9527
2020-04-17,Deposito (1 Bln - Avg),3.954
2020-04-20,Deposito (1 Bln - Avg),3.9305
2020-04-21,Deposito (1 Bln - Avg),3.928
2020-04-22,Deposito (1 Bln - Avg),3.9377
2020-04-23,Deposito (1 Bln - Avg),3.9458
2020-04-24,Deposito (1 Bln - Avg),3.9368
2020-04-27,Deposito (1 Bln - Avg),3.9055
2020-04-28,Deposito (1 Bln - Avg),3.8957
2020-04-29,Deposito (1 Bln - Avg),3.9074
2020-04-30,Deposito (1 Bln - Avg),3.8981
2020-05-01,Deposito (1 Bln - Avg),3.8721
2020-05-04,Deposito (1 Bln - Avg),3.8521
2020-05-05,Deposito (1 Bln - Avg),3.852
2020-05-06,Deposito (1 Bln - Avg),3.8654
2020-05-07,Deposito (1 Bln - Avg),3.8764
2020-05-08,Deposito (1 Bln - Avg),3.8744
2020-05-11,Deposito (1 Bln - Avg),3.8766
2020-05-12,Deposito (1 Bln - Avg),3.8476
2020-05-13,Deposito (1 Bln - Avg),3.8483
2020-05-14,Deposito (1 Bln - Avg),3.8565
2020-05-15,Deposito (1 Bln - Avg),3.8705
2020-05-18,Deposito (1 Bln - Avg),3.8598
2020-05-19,Deposito (1 Bln - Avg),3.8358
2020-05-20,Deposito (1 Bln - Avg),3.8415
2020-05-21,Deposito (1 Bln - Avg),3.8253
2020-05-22,Deposito (1 Bln - Avg),3.8182
2020-05-25,Deposito (1 Bln - Avg),3.8006
2020-05-26,Deposito (1 Bln - Avg),3.8131
2020-05-27,Deposito (1 Bln - Avg),3.8056
2020-05-28,Deposito (1 Bln - Avg),3.7999
2020-05-29,Deposito (1 Bln - Avg),3.7855
2020-06-01,Deposito (1 Bln - Avg),3.787
2020-06-02,Deposito (1 Bln - Avg),3.7786
2020-06-03,Deposito (1 Bln - Avg),3.766
2020-06-04,Deposito (1 Bln - Avg),3.7606
2020-06-05,Deposito (1 Bln - Avg),3.7669
2020-06-08,Deposito (1 Bln - Avg),3.7648
2020-06-09,Deposito (1 Bln - Avg),3.7588
2020-06-10,Deposito (1 Bln - Avg),3.7529
2020-06-11,Deposito (1 Bln - Avg),3.7482
2020-06-12,Deposito (1 Bln - Avg),3.7488
2020-06-15,Deposito (1 Bln - Avg),3.7279
2020-06-16,Deposito (1 Bln - Avg),3.7464
2020-06-17,Deposito (1 Bln - Avg),3.7641
2020-06-18,Deposito (1 Bln - Avg),3.7905
2020-06-19,Deposito (1 Bln - Avg),3.7715
2020-06-22,Deposito (1 Bln - Avg),3.7494
2020-06-23,Deposito (1 Bln - Avg),3.7241
2020-06-24,Deposito (1 Bln - Avg),3.7211
2020-06-25,Deposito (1 Bln - Avg),3.7231
2020-06-26,Deposito (1 Bln - Avg),3.7026
2020-06-29,Deposito (1 Bln - Avg),3.7061
2020-06-30,Deposito (1 Bln - Avg),3.6843
2020-07-01,Deposito (1 Bln - Avg),3.7057
2020-07-02,Deposito (1 Bln - Avg),3.6912
2020-07-03,Deposito (1 Bln - Avg),3.6793
2020-07-06,Deposito (1 Bln - Avg),3.6623
2020-07-07,Deposito (1 Bln - Avg),3.6622
2020-07-08,Deposito (1 Bln - Avg),3.6638
2020-07-09,Deposito (1 Bln - Avg),3.6605
2020-07-10,Deposito (1 Bln - Avg),3.6425
2020-07-13,Deposito (1 Bln - Avg),3.6155
2020-07-14,Deposito (1 Bln - Avg),3.6144
2020-07-15,Deposito (1 Bln - Avg),3.6214
2020-07-16,Deposito (1 Bln - Avg),3.6381
2020-07-17,Deposito (1 Bln - Avg),3.6228
2020-07-20,Deposito (1 Bln - Avg),3.6182
2020-07-21,Deposito (1 Bln - Avg),3.6042
2020-07-22,Deposito (1 Bln - Avg),3.5887
2020-07-23,Deposito (1 Bln - Avg),3.5688
2020-07-24,Deposito (1 Bln - Avg),3.5777
2020-07-27,Deposito (1 Bln - Avg),3.5634
2020-07-28,Deposito (1 Bln - Avg),3.5698
2020-07-29,Deposito (1 Bln - Avg),3.5442
2020-07-30,Deposito (1 Bln - Avg),3.5398
2020-07-31,Deposito (1 Bln - Avg),3.5333
2020-08-03,Deposito (1 Bln - Avg),3.5317
2020-08-04,Deposito (1 Bln - Avg),3.5227
2020-08-05,Deposito (1 Bln - Avg),3.4997
2020-08-06,Deposito (1 Bln - Avg),3.5031
2020-08-07,Deposito (1 Bln - Avg),3.5213
2020-08-10,Deposito (1 Bln - Avg),3.514
2020-08-11,Deposito (1 Bln - Avg),3.5022
2020-08-12,Deposito (1 Bln - Avg),3.4909
2020-08-13,Deposito (1 Bln - Avg),3.4823
2020-08-14,Deposito (1 Bln - Avg),3.4755
2020-08-17,Deposito (1 Bln - Avg),3.4618
2020-08-18,Deposito (1 Bln - Avg),3.4567
2020-08-19,Deposito (1 Bln - Avg),3.4421
2020-08-20,Deposito (1 Bln - Avg),3.4371
2020-08-21,Deposito (1 Bln - Avg),3.4368
2020-08-24,Deposito (1 Bln - Avg),3.4301
2020-08-25,Deposito (1 Bln - Avg),3.4194
2020-08-26,Deposito (1 Bln - Avg),3.4245
2020-08-27,Deposito (1 Bln - Avg),3.4266
2020-08-28,Deposito (1 Bln - Avg),3.4341
2020-08-31,Deposito (1 Bln - Avg),3.4294
2020-09-01,Deposito (1 Bln - Avg),3.4277
2020-09-02,Deposito (1 Bln - Avg),3.4362
2020-09-03,Deposito (1 Bln - Avg),3.4105
2020-09-04,Deposito (1 Bln - Avg),3.4075
2020-09-07,Deposito (1 Bln - Avg),3.3763
2020-09-08,Deposito (1 Bln - Avg),3.398
2020-09-09,Deposito (1 Bln - Avg),3.4018
2020-09-10,Deposito (1 Bln - Avg),3.3804
2020-09-11,Deposito (1 Bln - Avg),3.3472
2020-09-14,Deposito (1 Bln - Avg),3.3319
2020-09-15,Deposito (1 Bln - Avg),3.3545
2020-09-16,Deposito (1 Bln - Avg),3.3668
2020-09-17,Deposito (1 Bln - Avg),3.3547
2020-09-18,Deposito (1 Bln - Avg),3.3467
2020-09-21,Deposito (1 Bln - Avg),3.3412
2020-09-22,Deposito (1 Bln - Avg),3.3366
2020-09-23,Deposito (1 Bln - Avg),3.3378
2020-09-24,Deposito (1 Bln - Avg),3.3042
2020-09-25,Deposito (1 Bln - Avg),3.3069
2020-09-28,Deposito (1 Bln - Avg),3.2819
2020-09-29,Deposito (1 Bln - Avg),3.3098
2020-09-30,Deposito (1 Bln - Avg),3.2969
2020-10-01,Deposito (1 Bln - Avg),3.2942
2020-10-02,Deposito (1 Bln - Avg),3.2842
2020-10-05,Deposito (1 Bln - Avg),3.2733
2020-10-06,Deposito (1 Bln - Avg),3.269
2020-10-07,Deposito (1 Bln - Avg),3.2456
2020-10-08,Deposito (1 Bln - Avg),3.2504
2020-10-09,Deposito (1 Bln - Avg),3.2606
2020-10-12,Deposito (1 Bln - Avg),3.2827
2020-10-13,Deposito (1 Bln - Avg),3.2777
2020-10-14,Deposito (1 Bln - Avg),3.2795
2020-10-15,Deposito (1 Bln - Avg),3.2657
2020-10-16,Deposito (1 Bln - Avg),3.2625
2020-10-19,Deposito (1 Bln - Avg),3.2541
2020-10-20,Deposito (1 Bln - Avg),3.2609
2020-10-21,Deposito (1 Bln - Avg),3.2549
2020-10-22,Deposito (1 Bln - Avg),3.2432
2020-10-23,Deposito (1 Bln - Avg),3.2276
2020-10-26,Deposito (1 Bln - Avg),3.2284
2020-10-27,Deposito (1 Bln - Avg),3.2184
2020-10-28,Deposito (1 Bln - Avg),3.227
2020-10-29,Deposito (1 Bln - Avg),3.2189
2020-10-30,Deposito (1 Bln - Avg),3.2292
2020-11-02,Deposito (1 Bln - Avg),3.2075
2020-11-03,Deposito (1 Bln - Avg),3.2119
2020-11-04,Deposito (1 Bln - Avg),3.208
2020-11-05,Deposito (1 Bln - Avg),3.209
2020-11-06,Deposito (1 Bln - Avg),3.2225
2020-11-09,Deposito (1 Bln - Avg),3.2193
2020-11-10,Deposito (1 Bln - Avg),3.2383
2020-11-11,Deposito (1 Bln - Avg),3.2247
2020-11-12,Deposito (1 Bln - Avg),3.2114
2020-11-13,Deposito (1 Bln - Avg),3.187
2020-11-16,Deposito (1 Bln - Avg),3.1789
2020-11-17,Deposito (1 Bln - Avg),3.1833
2020-11-18,Deposito (1 Bln - Avg),3.1848
2020-11-19,Deposito (1 Bln - Avg),3.1739
2020-11-20,Deposito (1 Bln - Avg),3.1504
2020-11-23,Deposito (1 Bln - Avg),3.142
2020-11-24,Deposito (1 Bln - Avg),3.1171
2020-11-25,Deposito (1 Bln - Avg),3.1334
2020-11-26,Deposito (1 Bln - Avg),3.123
2020-11-27,Deposito (1 Bln - Avg),3.1326
2020-11-30,Deposito (1 Bln - Avg),3.1214
2020-12-01,Deposito (1 Bln - Avg),3.1261
2020-12-02,Deposito (1 Bln - Avg),3.1138
2020-12-03,Deposito (1 Bln - Avg),3.0933
2020-12-04,Deposito (1 Bln - Avg),3.0749
2020-12-07,Deposito (1 Bln - Avg),3.0638
2020-12-08,Deposito (1 Bln - Avg),3.0666
2020-12-09,Deposito (1 Bln - Avg),3.0883
2020-12-10,Deposito (1 Bln - Avg),3.0933
2020-12-11,Deposito (1 Bln - Avg),3.1048
2020-12-14,Deposito (1 Bln - Avg),3.0704
2020-12-15,Deposito (1 Bln - Avg),3.0793
2020-12-16,Deposito (1 Bln - Avg),3.065
2020-12-17,Deposito (1 Bln - Avg),3.0736
2020-12-18,Deposito (1 Bln - Avg),3.0718
2020-12-21,Deposito (1 Bln - Avg),3.0881
2020-12-22,Deposito (1 Bln - Avg),3.0863
2020-12-23,Deposito (1 Bln - Avg),3.0775
2020-12-24,Deposito (1 Bln - Avg),3.0459
2020-12-25,Deposito (1 Bln - Avg),3.0456
2020-12-28,Deposito (1 Bln - Avg),3.0377
2020-12-29,Deposito (1 Bln - Avg),3.0516
2020-12-30,Deposito (1 Bln - Avg),3.0413
2020-12-31,Deposito (1 Bln - Avg),3.0571
2021-01-01,Deposito (1 Bln - Avg),3.025
2021-01-04,Deposito (1 Bln - Avg),3.0185
2021-01-05,Deposito (1 Bln - Avg),3.006
2021-01-06,Deposito (1 Bln - Avg),3.0185
2021-01-07,Deposito (1 Bln - Avg),3.0098
2021-01-08,Deposito (1 Bln - Avg),2.9945
2021-01-11,Deposito (1 Bln - Avg),2.9805
2021-01-12,Deposito (1 Bln - Avg),2.986
2021-01-13,Deposito (1 Bln - Avg),3.0094
2021-01-14,Deposito (1 Bln - Avg),3.0311
2021-01-15,Deposito (1 Bln - Avg),3.0153
2021-01-18,Deposito (1 Bln - Avg),2.9787
2021-01-19,Deposito (1 Bln - Avg),2.9597
2021-01-20,Deposito (1 Bln - Avg),2.9775
2021-01-21,Deposito (1 Bln - Avg),2.9746
2021-01-22,Deposito (1 Bln - Avg),2.9684
2021-01-25,Deposito (1 Bln - Avg),2.964
2021-01-26,Deposito (1 Bln - Avg),2.9776
2021-01-27,Deposito (1 Bln - Avg),2.9775
2021-01-28,Deposito (1 Bln - Avg),2.9544
2021-01-29,Deposito (1 Bln - Avg),2.9271
2021-02-01,Deposito (1 Bln - Avg),2.9207
2021-02-02,Deposito (1 Bln - Avg),2.9066
2021-02-03,Deposito (1 Bln - Avg),2.9265
2021-02-04,Deposito (1 Bln - Avg),2.9243
2021-02-05,Deposito (1 Bln - Avg),2.9484
2021-02-08,Deposito (1 Bln - Avg),2.9567
2021-02-09,Deposito (1 Bln - Avg),2.9719
2021-02-10,Deposito (1 Bln - Avg),2.9527
2021-02-11,Deposito (1 Bln - Avg),2.9399
2021-02-12,Deposito (1 Bln - Avg),2.937
2021-02-15,Deposito (1 Bln - Avg),2.9383
2021-02-16,Deposito (1 Bln - Avg),2.9174
2021-02-17,Deposito (1 Bln - Avg),2.902
2021-02-18,Deposito (1 Bln - Avg),2.8898
2021-02-19,Deposito (1 Bln - Avg),2.9095
2021-02-22,Deposito (1 Bln - Avg),2.881
2021-02-23,Deposito (1 Bln - Avg),2.8804
2021-02-24,Deposito (1 Bln - Avg),2.8576
2021-02-25,Deposito (1 Bln - Avg),2.8741
2021-02-26,Deposito (1 Bln - Avg),2.8815
2021-03-01,Deposito (1 Bln - Avg),2.8817
2021-03-02,Deposito (1 Bln - Avg),2.8767
2021-03-03,Deposito (1 Bln - Avg),2.8813
2021-03-04,Deposito (1 Bln - Avg),2.8521
2021-03-05,Deposito (1 Bln - Avg),2.8493
2021-03-08,Deposito (1 Bln - Avg),2.8259
2021-03-09,Deposito (1 Bln - Avg),2.8437
2021-03-10,Deposito (1 Bln - Avg),2.8412
2021-03-11,Deposito (1 Bln - Avg),2.8345
2021-03-12,Deposito (1 Bln - Avg),2.822
2021-03-15,Deposito (1 Bln - Avg),2.8231
2021-03-16,Deposito (1 Bln - Avg),2.8312
2021-03-17,Deposito (1 Bln - Avg),2.8263
2021-03-18,Deposito (1 Bln - Avg),2.8343
2021-03-19,Deposito (1 Bln - Avg),2.8495
2021-03-22,Deposito (1 Bln - Avg),2.8373
2021-03-23,Deposito (1 Bln - Avg),2.8156
2021-03-24,Deposito (1 Bln - Avg),2.8134
2021-03-25,Deposito (1 Bln - Avg),2.8316
2021-03-26,Deposito (1 Bln - Avg),2.8267
2021-03-29,Deposito (1 Bln - Avg),2.7954
2021-03-30,Deposito (1 Bln - Avg),2.7781
2021-03-31,Deposito (1 Bln - Avg),2.7698
2021-04-01,Deposito (1 Bln - Avg),2.7624
2021-04-02,Deposito (1 Bln - Avg),2.7713
2021-04-05,Deposito (1 Bln - Avg),2.7656
2021-04-06,Deposito (1 Bln - Avg),2.7629
2021-04-07,Deposito (1 Bln - Avg),2.7397
2021-04-08,Deposito (1 Bln - Avg),2.7394
2021-04-09,Deposito (1 Bln - Avg),2.7312
2021-04-12,Deposito (1 Bln - Avg),2.7378
2021-04-13,Deposito (1 Bln - Avg),2.7451
2021-04-14,Deposito (1 Bln - Avg),2.7542
2021-04-15,Deposito (1 Bln - Avg),2.7575
2021-04-16,Deposito (1 Bln - Avg),2.7472
2021-04-19,Deposito (1 Bln - Avg),2.7407
2021-04-20,Deposito (1 Bln - Avg),2.731
2021-04-21,Deposito (1 Bln - Avg),2.7211
2021-04-22,Deposito (1 Bln - Avg),2.7248
2021-04-23,Deposito (1 Bln - Avg),2.7119
2021-04-26,Deposito (1 Bln - Avg),2.7252
2021-04-27,Deposito (1 Bln - Avg),2.7148
2021-04-28,Deposito (1 Bln - Avg),2.715
2021-04-29,Deposito (1 Bln - Avg),2.6936
2021-04-30,Deposito (1 Bln - Avg),2.6834
2021-05-03,Deposito (1 Bln - Avg),2.6895
2021-05-04,Deposito (1 Bln - Avg),2.6842
2021-05-05,Deposito (1 Bln - Avg),2.6994
2021-05-06,Deposito (1 Bln - Avg),2.6871
2021-05-07,Deposito (1 Bln - Avg),2.6686
2021-05-10,Deposito (1 Bln - Avg),2.6471
2021-05-11,Deposito (1 Bln - Avg),2.632
2021-05-12,Deposito (1 Bln - Avg),2.6515
2021-05-13,Deposito (1 Bln - Avg),2.6667
2021-05-14,Deposito (1 Bln - Avg),2.6905
2021-05-17,Deposito (1 Bln - Avg),2.6748
2021-05-18,Deposito (1 Bln - Avg),2.654
2021-05-19,Deposito (1 Bln - Avg),2.6627
2021-05-20,Deposito (1 Bln - Avg),2.6766
2021-05-21,Deposito (1 Bln - Avg),2.6817
2021-05-24,Deposito (1 Bln - Avg),2.672
2021-05-25,Deposito (1 Bln - Avg),2.6908
2021-05-26,Deposito (1 Bln - Avg),2.7013
2021-05-27,Deposito (1 Bln - Avg),2.6897
2021-05-28,Deposito (1 Bln - Avg),2.6663
2021-05-31,Deposito (1 Bln - Avg),2.6571
2021-06-01,Deposito (1 Bln - Avg),2.6472
2021-06-02,Deposito (1 Bln - Avg),2.6308
2021-06-03,Deposito (1 Bln - Avg),2.6228
2021-06-04,Deposito (1 Bln - Avg),2.6172
2021-06-07,Deposito (1 Bln - Avg),2.625
2021-06-08,Deposito (1 Bln - Avg),2.6232
2021-06-09,Deposito (1 Bln - Avg),2.6539
2021-06-10,Deposito (1 Bln - Avg),2.6438
2021-06-11,Deposito (1 Bln - Avg),2.6395
2021-06-14,Deposito (1 Bln - Avg),2.6123
2021-06-15,Deposito (1 Bln - Avg),2.6231
2021-06-16,Deposito (1 Bln - Avg),2.6328
2021-06-17,Deposito (1 Bln - Avg),2.6275
2021-06-18,Deposito (1 Bln - Avg),2.6129
2021-06-21,Deposito (1 Bln - Avg),2.584
2021-06-22,Deposito (1 Bln - Avg),2.5777
2021-06-23,Deposito (1 Bln - Avg),2.5893
2021-06-24,Deposito (1 Bln - Avg),2.6043
2021-06-25,Deposito (1 Bln - Avg),2.6015
2021-06-28,Deposito (1 Bln - Avg),2.5905
2021-06-29,Deposito (1 Bln - Avg),2.5885
2021-06-30,Deposito (1 Bln - Avg),2.6019
2021-07-01,Deposito (1 Bln - Avg),2.5979
2021-07-02,Deposito (1 Bln - Avg),2.5933
2021-07-05,Deposito (1 Bln - Avg),2.5683
2021-07-06,Deposito (1 Bln - Avg),2.561
2021-07-07,Deposito (1 Bln - Avg),2.578
2021-07-08,Deposito (1 Bln - Avg),2.5726
2021-07-09,Deposito (1 Bln - Avg),2.579
2021-07-12,Deposito (1 Bln - Avg),2.5634
2021-07-13,Deposito (1 Bln - Avg),2.5799
2021-07-14,Deposito (1 Bln - Avg),2.5736
2021-07-15,Deposito (1 Bln - Avg),2.5692
2021-07-16,Deposito (1 Bln - Avg),2.5713
2021-07-19,Deposito (1 Bln - Avg),2.577
2021-07-20,Deposito (1 Bln - Avg),2.5573
2021-07-21,Deposito (1 Bln - Avg),2.5543
2021-07-22,Deposito (1 Bln - Avg),2.5451
2021-07-23,Deposito (1 Bln - Avg),2.5569
2021-07-26,Deposito (1 Bln - Avg),2.5592
2021-07-27,Deposito (1 Bln - Avg),2.5727
2021-07-28,Deposito (1 Bln - Avg),2.5857
2021-07-29,Deposito (1 Bln - Avg),2.577
2021-07-30,Deposito (1 Bln - Avg),2.5785
2021-08-02,Deposito (1 Bln - Avg),2.5799
2021-08-03,Deposito (1 Bln - Avg),2.5948
2021-08-04,Deposito (1 Bln - Avg),2.5981
2021-08-05,Deposito (1 Bln - Avg),2.5836
2021-08-06,Deposito (1 Bln - Avg),2.5692
2021-08-09,Deposito (1 Bln - Avg),2.5622
2021-08-10,Deposito (1 Bln - Avg),2.5487
2021-08-11,Deposito (1 Bln - Avg),2.5513
2021-08-12,Deposito (1 Bln - Avg),2.5365
2021-08-13,Deposito (1 Bln - Avg),2.5452
2021-08-16,Deposito (1 Bln - Avg),2.5245
2021-08-17,Deposito (1 Bln - Avg),2.5197
2021-08-18,Deposito (1 Bln - Avg),2.522
2021-08-19,Deposito (1 Bln - Avg),2.5471
2021-08-20,Deposito (1 Bln - Avg),2.5647
2021-08-23,Deposito (1 Bln - Avg),2.563
2021-08-24,Deposito (1 Bln - Avg),2.5511
2021-08-25,Deposito (1 Bln - Avg),2.5317
2021-08-26,Deposito (1 Bln - Avg),2.5354
2021-08-27,Deposito (1 Bln - Avg),2.5338
2021-08-30,Deposito (1 Bln - Avg),2.547
2021-08-31,Deposito (1 Bln - Avg),2.5595
2021-09-01,Deposito (1 Bln - Avg),2.5605
2021-09-02,Deposito (1 Bln - Avg),2.5385
2021-09-03,Deposito (1 Bln - Avg),2.5113
2021-09-06,Deposito (1 Bln - Avg),2.496
2021-09-07,Deposito (1 Bln - Avg),2.498
2021-09-08,Deposito (1 Bln - Avg),2.5187
2021-09-09,Deposito (1 Bln - Avg),2.5345
2021-09-10,Deposito (1 Bln - Avg),2.5303
2021-09-13,Deposito (1 Bln - Avg),2.5229
2021-09-14,Deposito (1 Bln - Avg),2.5322
2021-09-15,Deposito (1 Bln - Avg),2.5429
2021-09-16,Deposito (1 Bln - Avg),2.5287
2021-09-17,Deposito (1 Bln - Avg),2.5118
2021-09-20,Deposito (1 Bln - Avg),2.5173
2021-09-21,Deposito (1 Bln - Avg),2.5296
2021-09-22,Deposito (1 Bln - Avg),2.5439
2021-09-23,Deposito (1 Bln - Avg),2.5523
2021-09-24,Deposito (1 Bln - Avg),2.5569
2021-09-27,Deposito (1 Bln - Avg),2.5578
2021-09-28,Deposito (1 Bln - Avg),2.5515
2021-09-29,Deposito (1 Bln - Avg),2.5235
2021-09-30,Deposito (1 Bln - Avg),2.5077
2021-10-01,Deposito (1 Bln - Avg),2.5035
2021-10-04,Deposito (1 Bln - Avg),2.5141
2021-10-05,Deposito (1 Bln - Avg),2.5238
2021-10-06,Deposito (1 Bln - Avg),2.5162
2021-10-07,Deposito (1 Bln - Avg),2.51
2021-10-08,Deposito (1 Bln - Avg),2.5146
2021-10-11,Deposito (1 Bln - Avg),2.5241
2021-10-12,Deposito (1 Bln - Avg),2.5348
2021-10-13,Deposito (1 Bln - Avg),2.5289
2021-10-14,Deposito (1 Bln - Avg),2.5321
2021-10-15,Deposito (1 Bln - Avg),2.5326
2021-10-18,Deposito (1 Bln - Avg),2.4981
2021-10-19,Deposito (1 Bln - Avg),2.48
2021-10-20,Deposito (1 Bln - Avg),2.4713
2021-10-21,Deposito (1 Bln - Avg),2.4854
2021-10-22,Deposito (1 Bln - Avg),2.4934
2021-10-25,Deposito (1 Bln - Avg),2.5092
2021-10-26,Deposito (1 Bln - Avg),2.5136
2021-10-27,Deposito (1 Bln - Avg),2.4996
2021-10-28,Deposito (1 Bln - Avg),2.5073
2021-10-29,Deposito (1 Bln - Avg),2.507
2021-11-01,Deposito (1 Bln - Avg),2.5054
2021-11-02,Deposito (1 Bln - Avg),2.4869
2021-11-03,Deposito (1 Bln - Avg),2.495
2021-11-04,Deposito (1 Bln - Avg),2.4997
2021-11-05,Deposito (1 Bln - Avg),2.5046
2021-11-08,Deposito (1 Bln - Avg),2.4949
2021-11-09,Deposito (1 Bln - Avg),2.4921
2021-11-10,Deposito (1 Bln - Avg),2.4854
2021-11-11,Deposito (1 Bln - Avg),2.4974
2021-11-12,Deposito (1 Bln - Avg),2.4997
2021-11-15,Deposito (1 Bln - Avg),2.5007
2021-11-16,Deposito (1 Bln - Avg),2.4915
2021-11-17,Deposito (1 Bln - Avg),2.5256
2021-11-18,Deposito (1 Bln - Avg),2.5146
2021-11-19,Deposito (1 Bln - Avg),2.5289
2021-11-22,Deposito (1 Bln - Avg),2.4996
2021-11-23,Deposito (1 Bln - Avg),2.5049
2021-11-24,Deposito (1 Bln - Avg),2.4977
2021-11-25,Deposito (1 Bln - Avg),2.5067
2021-11-26,Deposito (1 Bln - Avg),2.5201
2021-11-29,Deposito (1 Bln - Avg),2.5157
2021-11-30,Deposito (1 Bln - Avg),2.5003
2021-12-01,Deposito (1 Bln - Avg),2.4817
2021-12-02,Deposito (1 Bln - Avg),2.4831
2021-12-03,Deposito (1 Bln - Avg),2.4944
2021-12-06,Deposito (1 Bln - Avg),2.5133
2021-12-07,Deposito (1 Bln - Avg),2.5119
2021-12-08,Deposito (1 Bln - Avg),2.5163
2021-12-09,Deposito (1 Bln - Avg),2.517
2021-12-10,Deposito (1 Bln - Avg),2.514
2021-12-13,Deposito (1 Bln - Avg),2.4881
2021-12-14,Deposito (1 Bln - Avg),2.4607
2021-12-15,Deposito (1 Bln - Avg),2.4443
2021-12-16,Deposito (1 Bln - Avg),2.4746
2021-12-17,Deposito (1 Bln - Avg),2.4775
2021-12-20,Deposito (1 Bln - Avg),2.5038
2021-12-21,Deposito (1 Bln - Avg),2.4933
2021-12-22,Deposito (1 Bln - Avg),2.5186
2021-12-23,Deposito (1 Bln - Avg),2.5159
2021-12-24,Deposito (1 Bln - Avg),2.5086
2021-12-27,Deposito (1 Bln - Avg),2.4891
2021-12-28,Deposito (1 Bln - Avg),2.4795
2021-12-29,Deposito (1 Bln - Avg),2.4819
2021-12-30,Deposito (1 Bln - Avg),2.4782
2021-12-31,Deposito (1 Bln - Avg),2.4767
2022-01-03,Deposito (1 Bln - Avg),2.4906
2022-01-04,Deposito (1 Bln - Avg),2.4786
2022-01-05,Deposito (1 Bln - Avg),2.4811
2022-01-06,Deposito (1 Bln - Avg),2.4556
2022-01-07,Deposito (1 Bln - Avg),2.4741
2022-01-10,Deposito (1 Bln - Avg),2.4796
2022-01-11,Deposito (1 Bln - Avg),2.4878
2022-01-12,Deposito (1 Bln - Avg),2.4933
2022-01-13,Deposito (1 Bln - Avg),2.4686
2022-01-14,Deposito (1 Bln - Avg),2.48
2022-01-17,Deposito (1 Bln - Avg),2.4659
2022-01-18,Deposito (1 Bln - Avg),2.4877
2022-01-19,Deposito (1 Bln - Avg),2.4781
2022-01-20,Deposito (1 Bln - Avg),2.458
2022-01-21,Deposito (1 Bln - Avg),2.4439
2022-01-24,Deposito (1 Bln - Avg),2.444
2022-01-25,Deposito (1 Bln - Avg),2.4851
2022-01-26,Deposito (1 Bln - Avg),2.4952
2022-01-27,Deposito (1 Bln - Avg),2.4953
2022-01-28,Deposito (1 Bln - Avg),2.4653
2022-01-31,Deposito (1 Bln - Avg),2.4765
2022-02-01,Deposito (1 Bln - Avg),2.4917
2022-02-02,Deposito (1 Bln - Avg),2.5058
2022-02-03,Deposito (1 Bln - Avg),2.489
2022-02-04,Deposito (1 Bln - Avg),2.4545
2022-02-07,Deposito (1 Bln - Avg),2.4628
2022-02-08,Deposito (1 Bln - Avg),2.4917
2022-02-09,Deposito (1 Bln - Avg),2.5148
2022-02-10,Deposito (1 Bln - Avg),2.5183
2022-02-11,Deposito (1 Bln - Avg),2.4965
2022-02-14,Deposito (1 Bln - Avg),2.4792
2022-02-15,Deposito (1 Bln - Avg),2.4797
2022-02-16,Deposito (1 Bln - Avg),2.4617
2022-02-17,Deposito (1 Bln - Avg),2.4692
2022-02-18,Deposito (1 Bln - Avg),2.4583
2022-02-21,Deposito (1 Bln - Avg),2.4793
2022-02-22,Deposito (1 Bln - Avg),2.4853
2022-02-23,Deposito (1 Bln - Avg),2.4862
2022-02-24,Deposito (1 Bln - Avg),2.4695
2022-02-25,Deposito (1 Bln - Avg),2.4522
2022-02-28,Deposito (1 Bln - Avg),2.4487
2022-03-01,Deposito (1 Bln - Avg),2.449
2022-03-02,Deposito (1 Bln - Avg),2.4486
2022-03-03,Deposito (1 Bln - Avg),2.4351
2022-03-04,Deposito (1 Bln - Avg),2.4371
2022-03-07,Deposito (1 Bln - Avg),2.4314
2022-03-08,Deposito (1 Bln - Avg),2.4304
2022-03-09,Deposito (1 Bln - Avg),2.4188
2022-03-10,Deposito (1 Bln - Avg),2.4389
2022-03-11,Deposito (1 Bln - Avg),2.4562
2022-03-14,Deposito (1 Bln - Avg),2.4925
2022-03-15,Deposito (1 Bln - Avg),2.4755
2022-03-16,Deposito (1 Bln - Avg),2.4644
2022-03-17,Deposito (1 Bln - Avg),2.4533
2022-03-18,Deposito (1 Bln - Avg),2.4659
2022-03-21,Deposito (1 Bln - Avg),2.4692
2022-03-22,Deposito (1 Bln - Avg),2.477
2022-03-23,Deposito (1 Bln - Avg),2.4756
2022-03-24,Deposito (1 Bln - Avg),2.4671
2022-03-25,Deposito (1 Bln - Avg),2.4367
2022-03-28,Deposito (1 Bln - Avg),2.4432
2022-03-29,Deposito (1 Bln - Avg),2.4577
2022-03-30,Deposito (1 Bln - Avg),2.457
2022-03-31,Deposito (1 Bln - Avg),2.4436
2022-04-01,Deposito (1 Bln - Avg),2.4457
2022-04-04,Deposito (1 Bln - Avg),2.465
2022-04-05,Deposito (1 Bln - Avg),2.4683
2022-04-06,Deposito (1 Bln - Avg),2.469
2022-04-07,Deposito (1 Bln - Avg),2.4688
2022-04-08,Deposito (1 Bln - Avg),2.4572
2022-04-11,Deposito (1 Bln - Avg),2.4477
2022-04-12,Deposito (1 Bln - Avg),2.446
2022-04-13,Deposito (1 Bln - Avg),2.4579
2022-04-14,Deposito (1 Bln - Avg),2.4395
2022-04-15,Deposito (1 Bln - Avg),2.4324
2022-04-18,Deposito (1 Bln - Avg),2.4455
2022-04-19,Deposito (1 Bln - Avg),2.4825
2022-04-20,Deposito (1 Bln - Avg),2.4633
2022-04-21,Deposito (1 Bln - Avg),2.4818
2022-04-22,Deposito (1 Bln - Avg),2.4546
2022-04-25,Deposito (1 Bln - Avg),2.4859
2022-04-26,Deposito (1 Bln - Avg),2.472
2022-04-27,Deposito (1 Bln - Avg),2.493
2022-04-28,Deposito (1 Bln - Avg),2.4847
2022-04-29,Deposito (1 Bln - Avg),2.4607
2022-05-02,Deposito (1 Bln - Avg),2.457
2022-05-03,Deposito (1 Bln - Avg),2.4482
2022-05-04,Deposito (1 Bln - Avg),2.4344
2022-05-05,Deposito (1 Bln - Avg),2.4563
2022-05-06,Deposito (1 Bln - Avg),2.4704
2022-05-09,Deposito (1 Bln - Avg),2.5137
2022-05-10,Deposito (1 Bln - Avg),2.4762
2022-05-11,Deposito (1 Bln - Avg),2.4837
2022-05-12,Deposito (1 Bln - Avg),2.4813
2022-05-13,Deposito (1 Bln - Avg),2.5058
2022-05-16,Deposito (1 Bln - Avg),2.4908
2022-05-17,Deposito (1 Bln - Avg),2.4628
2022-05-18,Deposito (1 Bln - Avg),2.4453
2022-05-19,Deposito (1 Bln - Avg),2.4234
2022-05-20,Deposito (1 Bln - Avg),2.4183
2022-05-23,Deposito (1 Bln - Avg),2.4209
2022-05-24,Deposito (1 Bln - Avg),2.4329
2022-05-25,Deposito (1 Bln - Avg),2.4482
2022-05-26,Deposito (1 Bln - Avg),2.4461
2022-05-27,Deposito (1 Bln - Avg),2.4752
2022-05-30,Deposito (1 Bln - Avg),2.4897
2022-05-31,Deposito (1 Bln - Avg),2.4902
2022-06-01,Deposito (1 Bln - Avg),2.4829
2022-06-02,Deposito (1 Bln - Avg),2.462
2022-06-03,Deposito (1 Bln - Avg),2.459
2022-06-06,Deposito (1 Bln - Avg),2.4559
2022-06-07,Deposito (1 Bln - Avg),2.4512
2022-06-08,Deposito (1 Bln - Avg),2.4517
2022-06-09,Deposito (1 Bln - Avg),2.4293
2022-06-10,Deposito (1 Bln - Avg),2.4428
2022-06-13,Deposito (1 Bln - Avg),2.4618
2022-06-14,Deposito (1 Bln - Avg),2.4674
2022-06-15,Deposito (1 Bln - Avg),2.4684
2022-06-16,Deposito (1 Bln - Avg),2.443
2022-06-17,Deposito (1 Bln - Avg),2.439
2022-06-20,Deposito (1 Bln - Avg),2.4243
2022-06-21,Deposito (1 Bln - Avg),2.4477
2022-06-22,Deposito (1 Bln - Avg),2.4827
2022-06-23,Deposito (1 Bln - Avg),2.4998
2022-06-24,Deposito (1 Bln - Avg),2.478
2022-06-27,Deposito (1 Bln - Avg),2.4614
2022-06-28,Deposito (1 Bln - Avg),2.4531
2022-06-29,Deposito (1 Bln - Avg),2.4682
2022-06-30,Deposito (1 Bln - Avg),2.464
2022-07-01,Deposito (1 Bln - Avg),2.4701
2022-07-04,Deposito (1 Bln - Avg),2.4681
2022-07-05,Deposito (1 Bln - Avg),2.4593
2022-07-06,Deposito (1 Bln - Avg),2.4524
2022-07-07,Deposito (1 Bln - Avg),2.429
2022-07-08,Deposito (1 Bln - Avg),2.4303
2022-07-11,Deposito (1 Bln - Avg),2.4201
2022-07-12,Deposito (1 Bln - Avg),2.4358
2022-07-13,Deposito (1 Bln - Avg),2.4305
2022-07-14,Deposito (1 Bln - Avg),2.4457
2022-07-15,Deposito (1 Bln - Avg),2.4516
2022-07-18,Deposito (1 Bln - Avg),2.4469
2022-07-19,Deposito (1 Bln - Avg),2.4377
2022-07-20,Deposito (1 Bln - Avg),2.4237
2022-07-21,Deposito (1 Bln - Avg),2.4453
2022-07-22,Deposito (1 Bln - Avg),2.4704
2022-07-25,Deposito (1 Bln - Avg),2.4883
2022-07-26,Deposito (1 Bln - Avg),2.4773
2022-07-27,Deposito (1 Bln - Avg),2.4748
2022-07-28,Deposito (1 Bln - Avg),2.4511
2022-07-29,Deposito (1 Bln - Avg),2.4695
2022-08-01,Deposito (1 Bln - Avg),2.4482
2022-08-02,Deposito (1 Bln - Avg),2.4355
2022-08-03,Deposito (1 Bln - Avg),2.447
2022-08-04,Deposito (1 Bln - Avg),2.4692
2022-08-05,Deposito (1 Bln - Avg),2.4867
2022-08-08,Deposito (1 Bln - Avg),2.4618
2022-08-09,Deposito (1 Bln - Avg),2.4438
2022-08-10,Deposito (1 Bln - Avg),2.4551
2022-08-11,Deposito (1 Bln - Avg),2.4385
2022-08-12,Deposito (1 Bln - Avg),2.4338
2022-08-15,Deposito (1 Bln - Avg),2.4374
2022-08-16,Deposito (1 Bln - Avg),2.4544
2022-08-17,Deposito (1 Bln - Avg),2.4732
2022-08-18,Deposito (1 Bln - Avg),2.4692
2022-08-19,Deposito (1 Bln - Avg),2.4904
2022-08-22,Deposito (1 Bln - Avg),2.4712
2022-08-23,Deposito (1 Bln - Avg),2.474
2022-08-24,Deposito (1 Bln - Avg),2.4333
2022-08-25,Deposito (1 Bln - Avg),2.4308
2022-08-26,Deposito (1 Bln - Avg),2.4444
2022-08-29,Deposito (1 Bln - Avg),2.457
2022-08-30,Deposito (1 Bln - Avg),2.4776
2022-08-31,Deposito (1 Bln - Avg),2.4665
2022-09-01,Deposito (1 Bln - Avg),2.4682
2022-09-02,Deposito (1 Bln - Avg),2.4622
2022-09-05,Deposito (1 Bln - Avg),2.4603
2022-09-06,Deposito (1 Bln - Avg),2.4685
2022-09-07,Deposito (1 Bln - Avg),2.4822
2022-09-08,Deposito (1 Bln - Avg),2.4964
2022-09-09,Deposito (1 Bln - Avg),2.4981
2022-09-12,Deposito (1 Bln - Avg),2.484
2022-09-13,Deposito (1 Bln - Avg),2.4828
2022-09-14,Deposito (1 Bln - Avg),2.49
2022-09-15,Deposito (1 Bln - Avg),2.5118
2022-09-16,Deposito (1 Bln - Avg),2.5379
2022-09-19,Deposito (1 Bln - Avg),2.5497
2022-09-20,Deposito (1 Bln - Avg),2.5414
2022-09-21,Deposito (1 Bln - Avg),2.5155
2022-09-22,Deposito (1 Bln - Avg),2.5028
2022-09-23,Deposito (1 Bln - Avg),2.5003
2022-09-26,Deposito (1 Bln - Avg),2.5002
2022-09-27,Deposito (1 Bln - Avg),2.5128
2022-09-28,Deposito (1 Bln - Avg),2.5256
2022-09-29,Deposito (1 Bln - Avg),2.5509
2022-09-30,Deposito (1 Bln - Avg),2.5587
2022-10-03,Deposito (1 Bln - Avg),2.5687
2022-10-04,Deposito (1 Bln - Avg),2.5566
2022-10-05,Deposito (1 Bln - Avg),2.5846
2022-10-06,Deposito (1 Bln - Avg),2.599
2022-10-07,Deposito (1 Bln - Avg),2.6364
2022-10-10,Deposito (1 Bln - Avg),2.6352
2022-10-11,Deposito (1 Bln - Avg),2.6522
2022-10-12,Deposito (1 Bln - Avg),2.6389
2022-10-13,Deposito (1 Bln - Avg),2.645
2022-10-14,Deposito (1 Bln - Avg),2.6641
2022-10-17,Deposito (1 Bln - Avg),2.6612
2022-10-18,Deposito (1 Bln - Avg),2.6725
2022-10-19,Deposito (1 Bln - Avg),2.669
2022-10-20,Deposito (1 Bln - Avg),2.6941
2022-10-21,Deposito (1 Bln - Avg),2.7004
2022-10-24,Deposito (1 Bln - Avg),2.7086
2022-10-25,Deposito (1 Bln - Avg),2.7099
2022-10-26,Deposito (1 Bln - Avg),2.7184
2022-10-27,Deposito (1 Bln - Avg),2.7087
2022-10-28,Deposito (1 Bln - Avg),2.7202
2022-10-31,Deposito (1 Bln - Avg),2.7213
2022-11-01,Deposito (1 Bln - Avg),2.7402
2022-11-02,Deposito (1 Bln - Avg),2.76
2022-11-03,Deposito (1 Bln - Avg),2.7821
2022-11-04,Deposito (1 Bln - Avg),2.7802
2022-11-07,Deposito (1 Bln - Avg),2.8099
2022-11-08,Deposito (1 Bln - Avg),2.8279
2022-11-09,Deposito (1 Bln - Avg),2.8605
2022-11-10,Deposito (1 Bln - Avg),2.8471
2022-11-11,Deposito (1 Bln - Avg),2.8448
2022-11-14,Deposito (1 Bln - Avg),2.8533
2022-11-15,Deposito (1 Bln - Avg),2.8713
2022-11-16,Deposito (1 Bln - Avg),2.8651
2022-11-17,Deposito (1 Bln - Avg),2.879
2022-11-18,Deposito (1 Bln - Avg),2.9184
2022-11-21,Deposito (1 Bln - Avg),2.9323
2022-11-22,Deposito (1 Bln - Avg),2.9504
2022-11-23,Deposito (1 Bln - Avg),2.9395
2022-11-24,Deposito (1 Bln - Avg),2.9724
2022-11-25,Deposito (1 Bln - Avg),2.9911
2022-11-28,Deposito (1 Bln - Avg),2.9899
2022-11-29,Deposito (1 Bln - Avg),3.0073
2022-11-30,Deposito (1 Bln - Avg),3.0226
2022-12-01,Deposito (1 Bln - Avg),3.0469
2022-12-02,Deposito (1 Bln - Avg),3.0549
2022-12-05,Deposito (1 Bln - Avg),3.0549
2022-12-06,Deposito (1 Bln - Avg),3.0661
2022-12-07,Deposito (1 Bln - Avg),3.0998
2022-12-08,Deposito (1 Bln - Avg),3.1026
2022-12-09,Deposito (1 Bln - Avg),3.1293
2022-12-12,Deposito (1 Bln - Avg),3.1136
2022-12-13,Deposito (1 Bln - Avg),3.1427
2022-12-14,Deposito (1 Bln - Avg),3.1454
2022-12-15,Deposito (1 Bln - Avg),3.1443
2022-12-16,Deposito (1 Bln - Avg),3.1497
2022-12-19,Deposito (1 Bln - Avg),3.1521
2022-12-20,Deposito (1 Bln - Avg),3.1862
2022-12-21,Deposito (1 Bln - Avg),3.2141
2022-12-22,Deposito (1 Bln - Avg),3.2264
2022-12-23,Deposito (1 Bln - Avg),3.2337
2022-12-26,Deposito (1 Bln - Avg),3.2473
2022-12-27,Deposito (1 Bln - Avg),3.2743
2022-12-28,Deposito (1 Bln - Avg),3.3152
2022-12-29,Deposito (1 Bln - Avg),3.3177
2022-12-30,Deposito (1 Bln - Avg),3.3213
2023-01-02,Deposito (1 Bln - Avg),3.3184
2023-01-03,Deposito (1 Bln - Avg),3.3412
2023-01-04,Deposito (1 Bln - Avg),3.3733
2023-01-05,Deposito (1 Bln - Avg),3.3872
2023-01-06,Deposito (1 Bln - Avg),3.3881
2023-01-09,Deposito (1 Bln - Avg),3.3901
2023-01-10,Deposito (1 Bln - Avg),3.3969
2023-01-11,Deposito (1 Bln - Avg),3.4288
2023-01-12,Deposito (1 Bln - Avg),3.4424
2023-01-13,Deposito (1 Bln - Avg),3.449
2023-01-16,Deposito (1 Bln - Avg),3.4363
2023-01-17,Deposito (1 Bln - Avg),3.4557
2023-01-18,Deposito (1 Bln - Avg),3.4857
2023-01-19,Deposito (1 Bln - Avg),3.5019
2023-01-20,Deposito (1 Bln - Avg),3.5011
2023-01-23,Deposito (1 Bln - Avg),3.5091
2023-01-24,Deposito (1 Bln - Avg),3.5075
2023-01-25,Deposito (1 Bln - Avg),3.515
2023-01-26,Deposito (1 Bln - Avg),3.5369
2023-01-27,Deposito (1 Bln - Avg),3.5628
2023-01-30,Deposito (1 Bln - Avg),3.5936
2023-01-31,Deposito (1 Bln - Avg),3.6113
2023-02-01,Deposito (1 Bln - Avg),3.6361
2023-02-02,Deposito (1 Bln - Avg),3.6455
2023-02-03,Deposito (1 Bln - Avg),3.6677
2023-02-06,Deposito (1 Bln - Avg),3.6806
2023-02-07,Deposito (1 Bln - Avg),3.6894
2023-02-08,Deposito (1 Bln - Avg),3.6874
2023-02-09,Deposito (1 Bln - Avg),3.697
2023-02-10,Deposito (1 Bln - Avg),3.704
2023-02-13,Deposito (1 Bln - Avg),3.7092
2023-02-14,Deposito (1 Bln - Avg),3.7152
2023-02-15,Deposito (1 Bln - Avg),3.7155
2023-02-16,Deposito (1 Bln - Avg),3.7245
2023-02-17,Deposito (1 Bln - Avg),3.7347
2023-02-20,Deposito (1 Bln - Avg),3.7617
2023-02-21,Deposito (1 Bln - Avg),3.7577
2023-02-22,Deposito (1 Bln - Avg),3.768
2023-02-23,Deposito (1 Bln - Avg),3.783
2023-02-24,Deposito (1 Bln - Avg),3.8117
2023-02-27,Deposito (1 Bln - Avg),3.8143
2023-02-28,Deposito (1 Bln - Avg),3.8317
2023-03-01,Deposito (1 Bln - Avg),3.8285
2023-03-02,Deposito (1 Bln - Avg),3.8481
2023-03-03,Deposito (1 Bln - Avg),3.8652
2023-03-06,Deposito (1 Bln - Avg),3.8806
2023-03-07,Deposito (1 Bln - Avg),3.8875
2023-03-08,Deposito (1 Bln - Avg),3.8949
2023-03-09,Deposito (1 Bln - Avg),3.9077
2023-03-10,Deposito (1 Bln - Avg),3.9194
2023-03-13,Deposito (1 Bln - Avg),3.9201
2023-03-14,Deposito (1 Bln - Avg),3.9441
2023-03-15,Deposito (1 Bln - Avg),3.9337
2023-03-16,Deposito (1 Bln - Avg),3.932
2023-03-17,Deposito (1 Bln - Avg),3.9198
2023-03-20,Deposito (1 Bln - Avg),3.9402
2023-03-21,Deposito (1 Bln - Avg),3.9487
2023-03-22,Deposito (1 Bln - Avg),3.9591
2023-03-23,Deposito (1 Bln - Avg),3.9819
2023-03-24,Deposito (1 Bln - Avg),3.99
2023-03-27,Deposito (1 Bln - Avg),4.0082
2023-03-28,Deposito (1 Bln - Avg),4.0174
2023-03-29,Deposito (1 Bln - Avg),4.0272
2023-03-30,Deposito (1 Bln - Avg),4.0354
2023-03-31,Deposito (1 Bln - Avg),4.056
2023-04-03,Deposito (1 Bln - Avg),4.0746
2023-04-04,Deposito (1 Bln - Avg),4.0745
2023-04-05,Deposito (1 Bln - Avg),4.0647
2023-04-06,Deposito (1 Bln - Avg),4.0596
2023-04-07,Deposito (1 Bln - Avg),4.0764
2023-04-10,Deposito (1 Bln - Avg),4.0933
2023-04-11,Deposito (1 Bln - Avg),4.1016
2023-04-12,Deposito (1 Bln - Avg),4.1039
2023-04-13,Deposito (1 Bln - Avg),4.1136
2023-04-14,Deposito (1 Bln - Avg),4.1239
2023-04-17,Deposito (1 Bln - Avg),4.135
2023-04-18,Deposito (1 Bln - Avg),4.12
2023-04-19,Deposito (1 Bln - Avg),4.1235
2023-04-20,Deposito (1 Bln - Avg),4.1231
2023-04-21,Deposito (1 Bln - Avg),4.1619
2023-04-24,Deposito (1 Bln - Avg),4.1728
2023-04-25,Deposito (1 Bln - Avg),4.1792
2023-04-26,Deposito (1 Bln - Avg),4.1582
2023-04-27,Deposito (1 Bln - Avg),4.1669
2023-04-28,Deposito (1 Bln - Avg),4.185
2023-05-01,Deposito (1 Bln - Avg),4.1987
2023-05-02,Deposito (1 Bln - Avg),4.2271
2023-05-03,Deposito (1 Bln - Avg),4.2287
2023-05-04,Deposito (1 Bln - Avg),4.2472
2023-05-05,Deposito (1 Bln - Avg),4.2353
2023-05-08,Deposito (1 Bln - Avg),4.245
2023-05-09,Deposito (1 Bln - Avg),4.2218
2023-05-10,Deposito (1 Bln - Avg),4.2235
2023-05-11,Deposito (1 Bln - Avg),4.2223
2023-05-12,Deposito (1 Bln - Avg),4.2399
2023-05-15,Deposito (1 Bln - Avg),4.2251
2023-05-16,Deposito (1 Bln - Avg),4.24
2023-05-17,Deposito (1 Bln - Avg),4.2439
2023-05-18,Deposito (1 Bln - Avg),4.2663
2023-05-19,Deposito (1 Bln - Avg),4.2601
2023-05-22,Deposito (1 Bln - Avg),4.2669
2023-05-23,Deposito (1 Bln - Avg),4.2804
2023-05-24,Deposito (1 Bln - Avg),4.2753
2023-05-25,Deposito (1 Bln - Avg),4.2732
2023-05-26,Deposito (1 Bln - Avg),4.277
2023-05-29,Deposito (1 Bln - Avg),4.296
2023-05-30,Deposito (1 Bln - Avg),4.3063
2023-05-31,Deposito (1 Bln - Avg),4.3024
2023-06-01,Deposito (1 Bln - Avg),4.2973
2023-06-02,Deposito (1 Bln - Avg),4.3051
2023-06-05,Deposito (1 Bln - Avg),4.3272
2023-06-06,Deposito (1 Bln - Avg),4.3295
2023-06-07,Deposito (1 Bln - Avg),4.3497
2023-06-08,Deposito (1 Bln - Avg),4.3508
2023-06-09,Deposito (1 Bln - Avg),4.3612
2023-06-12,Deposito (1 Bln - Avg),4.3581
2023-06-13,Deposito (1 Bln - Avg),4.3392
2023-06-14,Deposito (1 Bln - Avg),4.3306
2023-06-15,Deposito (1 Bln - Avg),4.314
2023-06-16,Deposito (1 Bln - Avg),4.3287
2023-06-19,Deposito (1 Bln - Avg),4.3468
2023-06-20,Deposito (1 Bln - Avg),4.3585
2023-06-21,Deposito (1 Bln - Avg),4.3676
2023-06-22,Deposito (1 Bln - Avg),4.3534
2023-06-23,Deposito (1 Bln - Avg),4.3673
2023-06-26,Deposito (1 Bln - Avg),4.3559
2023-06-27,Deposito (1 Bln - Avg),4.3744
2023-06-28,Deposito (1 Bln - Avg),4.3691
2023-06-29,Deposito (1 Bln - Avg),4.3754
2023-06-30,Deposito (1 Bln - Avg),4.3719
2023-07-03,Deposito (1 Bln - Avg),4.3696
2023-07-04,Deposito (1 Bln - Avg),4.3845
2023-07-05,Deposito (1 Bln - Avg),4.4077
2023-07-06,Deposito (1 Bln - Avg),4.4268
2023-07-07,Deposito (1 Bln - Avg),4.4204
2023-07-10,Deposito (1 Bln - Avg),4.41
2023-07-11,Deposito (1 Bln - Avg),4.3985
2023-07-12,Deposito (1 Bln - Avg),4.4162
2023-07-13,Deposito (1 Bln - Avg),4.407
2023-07-14,Deposito (1 Bln - Avg),4.4318
2023-07-17,Deposito (1 Bln - Avg),4.4256
2023-07-18,Deposito (1 Bln - Avg),4.4413
2023-07-19,Deposito (1 Bln - Avg),4.4354
2023-07-20,Deposito (1 Bln - Avg),4.4536
2023-07-21,Deposito (1 Bln - Avg),4.4679
2023-07-24,Deposito (1 Bln - Avg),4.4781
2023-07-25,Deposito (1 Bln - Avg),4.472
2023-07-26,Deposito (1 Bln - Avg),4.4838
2023-07-27,Deposito (1 Bln - Avg),4.4886
2023-07-28,Deposito (1 Bln - Avg),4.4891
2023-07-31,Deposito (1 Bln - Avg),4.494
2023-08-01,Deposito (1 Bln - Avg),4.486
2023-08-02,Deposito (1 Bln - Avg),4.4906
2023-08-03,Deposito (1 Bln - Avg),4.4697
2023-08-04,Deposito (1 Bln - Avg),4.4679
2023-08-07,Deposito (1 Bln - Avg),4.4775
2023-08-08,Deposito (1 Bln - Avg),4.4762
2023-08-09,Deposito (1 Bln - Avg),4.4881
2023-08-10,Deposito (1 Bln - Avg),4.4864
2023-08-11,Deposito (1 Bln - Avg),4.5048
2023-08-14,Deposito (1 Bln - Avg),4.4788
2023-08-15,Deposito (1 Bln - Avg),4.4767
2023-08-16,Deposito (1 Bln - Avg),4.4828
2023-08-17,Deposito (1 Bln - Avg),4.4997
2023-08-18,Deposito (1 Bln - Avg),4.504
2023-08-21,Deposito (1 Bln - Avg),4.4761
2023-08-22,Deposito (1 Bln - Avg),4.4928
2023-08-23,Deposito (1 Bln - Avg),4.4875
2023-08-24,Deposito (1 Bln - Avg),4.5223
2023-08-25,Deposito (1 Bln - Avg),4.4994
2023-08-28,Deposito (1 Bln - Avg),4.5151
2023-08-29,Deposito (1 Bln - Avg),4.5062
2023-08-30,Deposito (1 Bln - Avg),4.5349
2023-08-31,Deposito (1 Bln - Avg),4.5209
2023-09-01,Deposito (1 Bln - Avg),4.5191
2023-09-04,Deposito (1 Bln - Avg),4.5356
2023-09-05,Deposito (1 Bln - Avg),4.5386
2023-09-06,Deposito (1 Bln - Avg),4.5397
2023-09-07,Deposito (1 Bln - Avg),4.5166
2023-09-08,Deposito (1 Bln - Avg),4.5166
2023-09-11,Deposito (1 Bln - Avg),4.5375
2023-09-12,Deposito (1 Bln - Avg),4.5595
2023-09-13,Deposito (1 Bln - Avg),4.5646
2023-09-14,Deposito (1 Bln - Avg),4.5373
2023-09-15,Deposito (1 Bln - Avg),4.5337
2023-09-18,Deposito (1 Bln - Avg),4.5536
2023-09-19,Deposito (1 Bln - Avg),4.5809
2023-09-20,Deposito (1 Bln - Avg),4.5826
2023-09-21,Deposito (1 Bln - Avg),4.5646
2023-09-22,Deposito (1 Bln - Avg),4.5564
2023-09-25,Deposito (1 Bln - Avg),4.5328
2023-09-26,Deposito (1 Bln - Avg),4.529
2023-09-27,Deposito (1 Bln - Avg),4.5422
2023-09-28,Deposito (1 Bln - Avg),4.551
2023-09-29,Deposito (1 Bln - Avg),4.5896
2023-10-02,Deposito (1 Bln - Avg),4.5822
2023-10-03,Deposito (1 Bln - Avg),4.5841
2023-10-04,Deposito (1 Bln - Avg),4.5709
2023-10-05,Deposito (1 Bln - Avg),4.5897
2023-10-06,Deposito (1 Bln - Avg),4.6026
2023-10-09,Deposito (1 Bln - Avg),4.5839
2023-10-10,Deposito (1 Bln - Avg),4.5712
2023-10-11,Deposito (1 Bln - Avg),4.5816
2023-10-12,Deposito (1 Bln - Avg),4.5903
2023-10-13,Deposito (1 Bln - Avg),4.5803
2023-10-16,Deposito (1 Bln - Avg),4.5782
2023-10-17,Deposito (1 Bln - Avg),4.5859
2023-10-18,Deposito (1 Bln - Avg),4.5841
2023-10-19,Deposito (1 Bln - Avg),4.5725
2023-10-20,Deposito (1 Bln - Avg),4.5669
2023-10-23,Deposito (1 Bln - Avg),4.5852
2023-10-24,Deposito (1 Bln - Avg),4.5944
2023-10-25,Deposito (1 Bln - Avg),4.6177
2023-10-26,Deposito (1 Bln - Avg),4.626
2023-10-27,Deposito (1 Bln - Avg),4.6134
2023-10-30,Deposito (1 Bln - Avg),4.61
2023-10-31,Deposito (1 Bln - Avg),4.6159
2023-11-01,Deposito (1 Bln - Avg),4.6401
2023-11-02,Deposito (1 Bln - Avg),4.6503
2023-11-03,Deposito (1 Bln - Avg),4.6397
2023-11-06,Deposito (1 Bln - Avg),4.6294
2023-11-07,Deposito (1 Bln - Avg),4.6322
2023-11-08,Deposito (1 Bln - Avg),4.6308
2023-11-09,Deposito (1 Bln - Avg),4.6224
2023-11-10,Deposito (1 Bln - Avg),4.627
2023-11-13,Deposito (1 Bln - Avg),4.6341
2023-11-14,Deposito (1 Bln - Avg),4.6562
2023-11-15,Deposito (1 Bln - Avg),4.6355
2023-11-16,Deposito (1 Bln - Avg),4.6329
2023-11-17,Deposito (1 Bln - Avg),4.6279
2023-11-20,Deposito (1 Bln - Avg),4.6416
2023-11-21,Deposito (1 Bln - Avg),4.6619
2023-11-22,Deposito (1 Bln - Avg),4.6539
2023-11-23,Deposito (1 Bln - Avg),4.6683
2023-11-24,Deposito (1 Bln - Avg),4.656
2023-11-27,Deposito (1 Bln - Avg),4.6715
2023-11-28,Deposito (1 Bln - Avg),4.6739
2023-11-29,Deposito (1 Bln - Avg),4.6881
2023-11-30,Deposito (1 Bln - Avg),4.6865
2023-12-01,Deposito (1 Bln - Avg),4.7012
2023-12-04,Deposito (1 Bln - Avg),4.6964
2023-12-05,Deposito (1 Bln - Avg),4.7172
2023-12-06,Deposito (1 Bln - Avg),4.7037
2023-12-07,Deposito (1 Bln - Avg),4.7293
2023-12-08,Deposito (1 Bln - Avg),4.7252
2023-12-11,Deposito (1 Bln - Avg),4.7361
2023-12-12,Deposito (1 Bln - Avg),4.7173
2023-12-13,Deposito (1 Bln - Avg),4.7359
2023-12-14,Deposito (1 Bln - Avg),4.7209
2023-12-15,Deposito (1 Bln - Avg),4.7274
2023-12-18,Deposito (1 Bln - Avg),4.7378
2023-12-19,Deposito (1 Bln - Avg),4.7513
2023-12-20,Deposito (1 Bln - Avg),4.7586
2023-12-21,Deposito (1 Bln - Avg),4.7646
2023-12-22,Deposito (1 Bln - Avg),4.7676
2023-12-25,Deposito (1 Bln - Avg),4.7609
2023-12-26,Deposito (1 Bln - Avg),4.7483
2023-12-27,Deposito (1 Bln - Avg),4.7353
2023-12-28,Deposito (1 Bln - Avg),4.7572
2023-12-29,Deposito (1 Bln - Avg),4.7643
2024-01-01,Deposito (1 Bln - Avg),4.7727
2024-01-02,Deposito (1 Bln - Avg),4.7575
2024-01-03,Deposito (1 Bln - Avg),4.7495
2024-01-04,Deposito (1 Bln - Avg),4.7577
2024-01-05,Deposito (1 Bln - Avg),4.7564
2024-01-08,Deposito (1 Bln - Avg),4.7626
2024-01-09,Deposito (1 Bln - Avg),4.7442
2024-01-10,Deposito (1 Bln - Avg),4.7518
2024-01-11,Deposito (1 Bln - Avg),4.7443
2024-01-12,Deposito (1 Bln - Avg),4.7641
2024-01-15,Deposito (1 Bln - Avg),4.7736
2024-01-16,Deposito (1 Bln - Avg),4.7674
2024-01-17,Deposito (1 Bln - Avg),4.7781
2024-01-18,Deposito (1 Bln - Avg),4.7752
2024-01-19,Deposito (1 Bln - Avg),4.783
2024-01-22,Deposito (1 Bln - Avg),4.7654
2024-01-23,Deposito (1 Bln - Avg),4.7573
2024-01-24,Deposito (1 Bln - Avg),4.7694
2024-01-25,Deposito (1 Bln - Avg),4.7753
2024-01-26,Deposito (1 Bln - Avg),4.7897
2024-01-29,Deposito (1 Bln - Avg),4.7985
2024-01-30,Deposito (1 Bln - Avg),4.8203
2024-01-31,Deposito (1 Bln - Avg),4.8371
2024-02-01,Deposito (1 Bln - Avg),4.8253
2024-02-02,Deposito (1 Bln - Avg),4.8059
2024-02-05,Deposito (1 Bln - Avg),4.8023
2024-02-06,Deposito (1 Bln - Avg),4.8101
2024-02-07,Deposito (1 Bln - Avg),4.8339
2024-02-08,Deposito (1 Bln - Avg),4.8255
2024-02-09,Deposito (1 Bln - Avg),4.836
2024-02-12,Deposito (1 Bln - Avg),4.8349
2024-02-13,Deposito (1 Bln - Avg),4.8435
2024-02-14,Deposito (1 Bln - Avg),4.8382
2024-02-15,Deposito (1 Bln - Avg),4.8353
2024-02-16,Deposito (1 Bln - Avg),4.8321
2024-02-19,Deposito (1 Bln - Avg),4.8308
2024-02-20,Deposito (1 Bln - Avg),4.8383
2024-02-21,Deposito (1 Bln - Avg),4.8324
2024-02-22,Deposito (1 Bln - Avg),4.849
2024-02-23,Deposito (1 Bln - Avg),4.8395
2024-02-26,Deposito (1 Bln - Avg),4.8559
2024-02-27,Deposito (1 Bln - Avg),4.8391
2024-02-28,Deposito (1 Bln - Avg),4.8391
2024-02-29,Deposito (1 Bln - Avg),4.851
2024-03-01,Deposito (1 Bln - Avg),4.8502
2024-03-04,Deposito (1 Bln - Avg),4.8413
2024-03-05,Deposito (1 Bln - Avg),4.8152
2024-03-06,Deposito (1 Bln - Avg),4.8164
2024-03-07,Deposito (1 Bln - Avg),4.8521
2024-03-08,Deposito (1 Bln - Avg),4.8626
2024-03-11,Deposito (1 Bln - Avg),4.8764
2024-03-12,Deposito (1 Bln - Avg),4.8461
2024-03-13,Deposito (1 Bln - Avg),4.8488
2024-03-14,Deposito (1 Bln - Avg),4.8475
2024-03-15,Deposito (1 Bln - Avg),4.8767
2024-03-18,Deposito (1 Bln - Avg),4.8674
2024-03-19,Deposito (1 Bln - Avg),4.868
2024-03-20,Deposito (1 Bln - Avg),4.8542
2024-03-21,Deposito (1 Bln - Avg),4.8521
2024-03-22,Deposito (1 Bln - Avg),4.847
2024-03-25,Deposito (1 Bln - Avg),4.8425
2024-03-26,Deposito (1 Bln - Avg),4.8306
2024-03-27,Deposito (1 Bln - Avg),4.8379
2024-03-28,Deposito (1 Bln - Avg),4.847
2024-03-29,Deposito (1 Bln - Avg),4.867
2024-04-01,Deposito (1 Bln - Avg),4.8487
2024-04-02,Deposito (1 Bln - Avg),4.8592
2024-04-03,Deposito (1 Bln - Avg),4.8673
2024-04-04,Deposito (1 Bln - Avg),4.8919
2024-04-05,Deposito (1 Bln - Avg),4.8922
2024-04-08,Deposito (1 Bln - Avg),4.8854
2024-04-09,Deposito (1 Bln - Avg),4.8843
2024-04-10,Deposito (1 Bln - Avg),4.8688
2024-04-11,Deposito (1 Bln - Avg),4.8744
2024-04-12,Deposito (1 Bln - Avg),4.8663
2024-04-15,Deposito (1 Bln - Avg),4.8697
2024-04-16,Deposito (1 Bln - Avg),4.8824
2024-04-17,Deposito (1 Bln - Avg),4.8854
2024-04-18,Deposito (1 Bln - Avg),4.8848
2024-04-19,Deposito (1 Bln - Avg),4.8718
2024-04-22,Deposito (1 Bln - Avg),4.8749
2024-04-23,Deposito (1 Bln - Avg),4.8684
2024-04-24,Deposito (1 Bln - Avg),4.868
2024-04-25,Deposito (1 Bln - Avg),4.8669
2024-04-26,Deposito (1 Bln - Avg),4.8741
2024-04-29,Deposito (1 Bln - Avg),4.8817
2024-04-30,Deposito (1 Bln - Avg),4.8798
2024-05-01,Deposito (1 Bln - Avg),4.9092
2024-05-02,Deposito (1 Bln - Avg),4.9273
2024-05-03,Deposito (1 Bln - Avg),4.9415
2024-05-06,Deposito (1 Bln - Avg),4.9245
2024-05-07,Deposito (1 Bln - Avg),4.9366
2024-05-08,Deposito (1 Bln - Avg),4.9388
2024-05-09,Deposito (1 Bln - Avg),4.9419
2024-05-10,Deposito (1 Bln - Avg),4.9264
2024-05-13,Deposito (1 Bln - Avg),4.9296
2024-05-14,Deposito (1 Bln - Avg),4.9479
2024-05-15,Deposito (1 Bln - Avg),4.948
2024-05-16,Deposito (1 Bln - Avg),4.9691
2024-05-17,Deposito (1 Bln - Avg),4.9494
2024-05-20,Deposito (1 Bln - Avg),4.9597
2024-05-21,Deposito (1 Bln - Avg),4.9318
2024-05-22,Deposito (1 Bln - Avg),4.9618
2024-05-23,Deposito (1 Bln - Avg),4.9546
2024-05-24,Deposito (1 Bln - Avg),4.9671
2024-05-27,Deposito (1 Bln - Avg),4.9611
2024-05-28,Deposito (1 Bln - Avg),4.9799
2024-05-29,Deposito (1 Bln - Avg),4.9722
2024-05-30,Deposito (1 Bln - Avg),4.9624
2024-05-31,Deposito (1 Bln - Avg),4.9387
2024-06-03,Deposito (1 Bln - Avg),4.954
2024-06-04,Deposito (1 Bln - Avg),4.9592
2024-06-05,Deposito (1 Bln - Avg),4.9724
2024-06-06,Deposito (1 Bln - Avg),4.9669
2024-06-07,Deposito (1 Bln - Avg),4.9667
2024-06-10,Deposito (1 Bln - Avg),4.9654
2024-06-11,Deposito (1 Bln - Avg),4.9801
2024-06-12,Deposito (1 Bln - Avg),5.0017
2024-06-13,Deposito (1 Bln - Avg),4.9924
2024-06-14,Deposito (1 Bln - Avg),4.9884
2024-06-17,Deposito (1 Bln - Avg),4.9716
2024-06-18,Deposito (1 Bln - Avg),4.9982
2024-06-19,Deposito (1 Bln - Avg),4.9923
2024-06-20,Deposito (1 Bln - Avg),4.9974
2024-06-21,Deposito (1 Bln - Avg),4.9844
2024-06-24,Deposito (1 Bln - Avg),5.0032
2024-06-25,Deposito (1 Bln - Avg),5.008
2024-06-26,Deposito (1 Bln - Avg),5.0191
2024-06-27,Deposito (1 Bln - Avg),5.018
2024-06-28,Deposito (1 Bln - Avg),5.0168
2024-07-01,Deposito (1 Bln - Avg),5.0051
2024-07-02,Deposito (1 Bln - Avg),5.0095
2024-07-03,Deposito (1 Bln - Avg),5.017
2024-07-04,Deposito (1 Bln - Avg),5.0331
2024-07-05,Deposito (1 Bln - Avg),5.0391
2024-07-08,Deposito (1 Bln - Avg),5.0505
2024-07-09,Deposito (1 Bln - Avg),5.0431
2024-07-10,Deposito (1 Bln - Avg),5.0275
2024-07-11,Deposito (1 Bln - Avg),5.0327
2024-07-12,Deposito (1 Bln - Avg),5.0598
2024-07-15,Deposito (1 Bln - Avg),5.0622
2024-07-16,Deposito (1 Bln - Avg),5.0368
2024-07-17,Deposito (1 Bln - Avg),5.0182
2024-07-18,Deposito (1 Bln - Avg),5.0225
2024-07-19,Deposito (1 Bln - Avg),5.0203
2024-07-22,Deposito (1 Bln - Avg),5.0288
2024-07-23,Deposito (1 Bln - Avg),5.0228
2024-07-24,Deposito (1 Bln - Avg),5.0283
2024-07-25,Deposito (1 Bln - Avg),5.0389
2024-07-26,Deposito (1 Bln - Avg),5.0466
2024-07-29,Deposito (1 Bln - Avg),5.0597
2024-07-30,Deposito (1 Bln - Avg),5.0586
2024-07-31,Deposito (1 Bln - Avg),5.0752
2024-08-01,Deposito (1 Bln - Avg),5.0742
2024-08-02,Deposito (1 Bln - Avg),5.07
2024-08-05,Deposito (1 Bln - Avg),5.0553
2024-08-06,Deposito (1 Bln - Avg),5.0777
2024-08-07,Deposito (1 Bln - Avg),5.0853
2024-08-08,Deposito (1 Bln - Avg),5.0841
2024-08-09,Deposito (1 Bln - Avg),5.0682
2024-08-12,Deposito (1 Bln - Avg),5.0704
2024-08-13,Deposito (1 Bln - Avg),5.0877
2024-08-14,Deposito (1 Bln - Avg),5.1075
2024-08-15,Deposito (1 Bln - Avg),5.1155
2024-08-16,Deposito (1 Bln - Avg),5.1068
2024-08-19,Deposito (1 Bln - Avg),5.0891
2024-08-20,Deposito (1 Bln - Avg),5.0639
2024-08-21,Deposito (1 Bln - Avg),5.0732
2024-08-22,Deposito (1 Bln - Avg),5.077
2024-08-23,Deposito (1 Bln - Avg),5.1182
2024-08-26,Deposito (1 Bln - Avg),5.1181
2024-08-27,Deposito (1 Bln - Avg),5.097
2024-08-28,Deposito (1 Bln - Avg),5.0645
2024-08-29,Deposito (1 Bln - Avg),5.066
2024-08-30,Deposito (1 Bln - Avg),5.0757
2024-09-02,Deposito (1 Bln - Avg),5.075
2024-09-03,Deposito (1 Bln - Avg),5.0715
2024-09-04,Deposito (1 Bln - Avg),5.0887
2024-09-05,Deposito (1 Bln - Avg),5.0969
2024-09-06,Deposito (1 Bln - Avg),5.0929
2024-09-09,Deposito (1 Bln - Avg),5.0986
2024-09-10,Deposito (1 Bln - Avg),5.096
2024-09-11,Deposito (1 Bln - Avg),5.1011
2024-09-12,Deposito (1 Bln - Avg),5.0806
2024-09-13,Deposito (1 Bln - Avg),5.0792
2024-09-16,Deposito (1 Bln - Avg),5.0919
2024-09-17,Deposito (1 Bln - Avg),5.0906
2024-09-18,Deposito (1 Bln - Avg),5.0979
2024-09-19,Deposito (1 Bln - Avg),5.0976
2024-09-20,Deposito (1 Bln - Avg),5.1081
2024-09-23,Deposito (1 Bln - Avg),5.1094
2024-09-24,Deposito (1 Bln - Avg),5.0892
2024-09-25,Deposito (1 Bln - Avg),5.1043
2024-09-26,Deposito (1 Bln - Avg),5.1111
2024-09-27,Deposito (1 Bln - Avg),5.1228
2024-09-30,Deposito (1 Bln - Avg),5.0904
2024-10-01,Deposito (1 Bln - Avg),5.0672
2024-10-02,Deposito (1 Bln - Avg),5.0729
2024-10-03,Deposito (1 Bln - Avg),5.1059
2024-10-04,Deposito (1 Bln - Avg),5.1176
2024-10-07,Deposito (1 Bln - Avg),5.1187
2024-10-08,Deposito (1 Bln - Avg),5.0938
2024-10-09,Deposito (1 Bln - Avg),5.0874
2024-10-10,Deposito (1 Bln - Avg),5.0733
2024-10-11,Deposito (1 Bln - Avg),5.082
2024-10-14,Deposito (1 Bln - Avg),5.0671
2024-10-15,Deposito (1 Bln - Avg),5.075
2024-10-16,Deposito (1 Bln - Avg),5.0824
2024-10-17,Deposito (1 Bln - Avg),5.0847
2024-10-18,Deposito (1 Bln - Avg),5.0603
2024-10-21,Deposito (1 Bln - Avg),5.0491
2024-10-22,Deposito (1 Bln - Avg),5.0526
2024-10-23,Deposito (1 Bln - Avg),5.041
2024-10-24,Deposito (1 Bln - Avg),5.0442
2024-10-25,Deposito (1 Bln - Avg),5.0509
2024-10-28,Deposito (1 Bln - Avg),5.0684
2024-10-29,Deposito (1 Bln - Avg),5.0801
2024-10-30,Deposito (1 Bln - Avg),5.0786
2024-10-31,Deposito (1 Bln - Avg),5.0745
2024-11-01,Deposito (1 Bln - Avg),5.0531
2024-11-04,Deposito (1 Bln - Avg),5.04
2024-11-05,Deposito (1 Bln - Avg),5.0386
2024-11-06,Deposito (1 Bln - Avg),5.0402
2024-11-07,Deposito (1 Bln - Avg),5.0438
2024-11-08,Deposito (1 Bln - Avg),5.0457
2024-11-11,Deposito (1 Bln - Avg),5.0573
2024-11-12,Deposito (1 Bln - Avg),5.0702
2024-11-13,Deposito (1 Bln - Avg),5.0816
2024-11-14,Deposito (1 Bln - Avg),5.069
2024-11-15,Deposito (1 Bln - Avg),5.0641
2024-11-18,Deposito (1 Bln - Avg),5.0695
2024-11-19,Deposito (1 Bln - Avg),5.0628
2024-11-20,Deposito (1 Bln - Avg),5.0754
2024-11-21,Deposito (1 Bln - Avg),5.0502
2024-11-22,Deposito (1 Bln - Avg),5.0468
2024-11-25,Deposito (1 Bln - Avg),5.0134
2024-11-26,Deposito (1 Bln - Avg),5.0184
2024-11-27,Deposito (1 Bln - Avg),5.025
2024-11-28,Deposito (1 Bln - Avg),5.0523
2024-11-29,Deposito (1 Bln - Avg),5.0481
2024-12-02,Deposito (1 Bln - Avg),5.0419
2024-12-03,Deposito (1 Bln - Avg),5.0228
2024-12-04,Deposito (1 Bln - Avg),5.0211
2024-12-05,Deposito (1 Bln - Avg),5.0081
2024-12-06,Deposito (1 Bln - Avg),5.0114
2024-12-09,Deposito (1 Bln - Avg),5.0005
2024-12-10,Deposito (1 Bln - Avg),5.0125
2024-12-11,Deposito (1 Bln - Avg),5.0112
2024-12-12,Deposito (1 Bln - Avg),5.021
2024-12-13,Deposito (1 Bln - Avg),5.0089
2024-12-16,Deposito (1 Bln - Avg),4.9939
2024-12-17,Deposito (1 Bln - Avg),5.0183
2024-12-18,Deposito (1 Bln - Avg),5.0141
2024-12-19,Deposito (1 Bln - Avg),5.0427
2024-12-20,Deposito (1 Bln - Avg),5.0291
2024-12-23,Deposito (1 Bln - Avg),5.038
2024-12-24,Deposito (1 Bln - Avg),5.01
2024-12-25,Deposito (1 Bln - Avg),5.0136
2024-12-26,Deposito (1 Bln - Avg),5.0337
2024-12-27,Deposito (1 Bln - Avg),5.0352
2024-12-30,Deposito (1 Bln - Avg),5.0209
2024-12-31,Deposito (1 Bln - Avg),5.0134
2025-01-01,Deposito (1 Bln - Avg),5.0253
2025-01-02,Deposito (1 Bln - Avg),5.0475
2025-01-03,Deposito (1 Bln - Avg),5.0305
2025-01-06,Deposito (1 Bln - Avg),5.0318
2025-01-07,Deposito (1 Bln - Avg),4.9986
2025-01-08,Deposito (1 Bln - Avg),5.0245
2025-01-09,Deposito (1 Bln - Avg),5.011
2025-01-10,Deposito (1 Bln - Avg),5.0008
2025-01-13,Deposito (1 Bln - Avg),4.9778
2025-01-14,Deposito (1 Bln - Avg),4.983
2025-01-15,Deposito (1 Bln - Avg),5.0226
2025-01-16,Deposito (1 Bln - Avg),5.0178
2025-01-17,Deposito (1 Bln - Avg),5.0154
2025-01-20,Deposito (1 Bln - Avg),4.9986
2025-01-21,Deposito (1 Bln - Avg),5.0143
2025-01-22,Deposito (1 Bln - Avg),5.0103
2025-01-23,Deposito (1 Bln - Avg),5.0113
2025-01-24,Deposito (1 Bln - Avg),4.9971
2025-01-27,Deposito (1 Bln - Avg),4.9914
2025-01-28,Deposito (1 Bln - Avg),4.9785
2025-01-29,Deposito (1 Bln - Avg),4.9703
2025-01-30,Deposito (1 Bln - Avg),4.9608
2025-01-31,Deposito (1 Bln - Avg),4.9689
2025-02-03,Deposito (1 Bln - Avg),4.9516
2025-02-04,Deposito (1 Bln - Avg),4.9693
2025-02-05,Deposito (1 Bln - Avg),4.9636
2025-02-06,Deposito (1 Bln - Avg),4.9735
2025-02-07,Deposito (1 Bln - Avg),4.9511
2025-02-10,Deposito (1 Bln - Avg),4.9363
2025-02-11,Deposito (1 Bln - Avg),4.9389
2025-02-12,Deposito (1 Bln - Avg),4.9511
2025-02-13,Deposito (1 Bln - Avg),4.9533
2025-02-14,Deposito (1 Bln - Avg),4.9557
2025-02-17,Deposito (1 Bln - Avg),4.9398
2025-02-18,Deposito (1 Bln - Avg),4.9365
2025-02-19,Deposito (1 Bln - Avg),4.9082
2025-02-20,Deposito (1 Bln - Avg),4.9187
2025-02-21,Deposito (1 Bln - Avg),4.9151
2025-02-24,Deposito (1 Bln - Avg),4.924
2025-02-25,Deposito (1 Bln - Avg),4.9254
2025-02-26,Deposito (1 Bln - Avg),4.9282
2025-02-27,Deposito (1 Bln - Avg),4.9016
2025-02-28,Deposito (1 Bln - Avg),4.8878
2025-03-03,Deposito (1 Bln - Avg),4.8639
2025-03-04,Deposito (1 Bln - Avg),4.9002
2025-03-05,Deposito (1 Bln - Avg),4.9223
2025-03-06,Deposito (1 Bln - Avg),4.9292
2025-03-07,Deposito (1 Bln - Avg),4.9169
2025-03-10,Deposito (1 Bln - Avg),4.8871
2025-03-11,Deposito (1 Bln - Avg),4.8935
2025-03-12,Deposito (1 Bln - Avg),4.8969
2025-03-13,Deposito (1 Bln - Avg),4.91
2025-03-14,Deposito (1 Bln - Avg),4.8944
2025-03-17,Deposito (1 Bln - Avg),4.9014
2025-03-18,Deposito (1 Bln - Avg),4.8771
2025-03-19,Deposito (1 Bln - Avg),4.8875
2025-03-20,Deposito (1 Bln - Avg),4.8813
2025-03-21,Deposito (1 Bln - Avg),4.8956
2025-03-24,Deposito (1 Bln - Avg),4.8814
2025-03-25,Deposito (1 Bln - Avg),4.8607
2025-03-26,Deposito (1 Bln - Avg),4.8469
2025-03-27,Deposito (1 Bln - Avg),4.8538
2025-03-28,Deposito (1 Bln - Avg),4.8702
2025-03-31,Deposito (1 Bln - Avg),4.86
2025-04-01,Deposito (1 Bln - Avg),4.8632
2025-04-02,Deposito (1 Bln - Avg),4.8559
2025-04-03,Deposito (1 Bln - Avg),4.8725
2025-04-04,Deposito (1 Bln - Avg),4.8707
2025-04-07,Deposito (1 Bln - Avg),4.8779
2025-04-08,Deposito (1 Bln - Avg),4.8754
2025-04-09,Deposito (1 Bln - Avg),4.8775
2025-04-10,Deposito (1 Bln - Avg),4.8661
2025-04-11,Deposito (1 Bln - Avg),4.8774
2025-04-14,Deposito (1 Bln - Avg),4.8481
2025-04-15,Deposito (1 Bln - Avg),4.8536
2025-04-16,Deposito (1 Bln - Avg),4.8313
2025-04-17,Deposito (1 Bln - Avg),4.8458
2025-04-18,Deposito (1 Bln - Avg),4.8217
2025-04-21,Deposito (1 Bln - Avg),4.8039
2025-04-22,Deposito (1 Bln - Avg),4.8013
2025-04-23,Deposito (1 Bln - Avg),4.8025
2025-04-24,Deposito (1 Bln - Avg),4.8246
2025-04-25,Deposito (1 Bln - Avg),4.8121
2025-04-28,Deposito (1 Bln - Avg),4.8317
2025-04-29,Deposito (1 Bln - Avg),4.828
2025-04-30,Deposito (1 Bln - Avg),4.8387
2025-05-01,Deposito (1 Bln - Avg),4.8158
2025-05-02,Deposito (1 Bln - Avg),4.8038
2025-05-05,Deposito (1 Bln - Avg),4.7935
2025-05-06,Deposito (1 Bln - Avg),4.7937
2025-05-07,Deposito (1 Bln - Avg),4.8002
2025-05-08,Deposito (1 Bln - Avg),4.8083
2025-05-09,Deposito (1 Bln - Avg),4.7983
2025-05-12,Deposito (1 Bln - Avg),4.7942
2025-05-13,Deposito (1 Bln - Avg),4.7857
2025-05-14,Deposito (1 Bln - Avg),4.8001
2025-05-15,Deposito (1 Bln - Avg),4.82
2025-05-16,Deposito (1 Bln - Avg),4.8339
2025-05-19,Deposito (1 Bln - Avg),4.8279
2025-05-20,Deposito (1 Bln - Avg),4.7917
2025-05-21,Deposito (1 Bln - Avg),4.7691
2025-05-22,Deposito (1 Bln - Avg),4.7521
2025-05-23,Deposito (1 Bln - Avg),4.7714
2025-05-26,Deposito (1 Bln - Avg),4.7738
2025-05-27,Deposito (1 Bln - Avg),4.7872
2025-05-28,Deposito (1 Bln - Avg),4.7697
2025-05-29,Deposito (1 Bln - Avg),4.7742
2025-05-30,Deposito (1 Bln - Avg),4.7837
2025-06-02,Deposito (1 Bln - Avg),4.7791
2025-06-03,Deposito (1 Bln - Avg),4.771
2025-06-04,Deposito (1 Bln - Avg),4.7451
2025-06-05,Deposito (1 Bln - Avg),4.7569
2025-06-06,Deposito (1 Bln - Avg),4.7464
2025-06-09,Deposito (1 Bln - Avg),4.7394
2025-06-10,Deposito (1 Bln - Avg),4.7132
2025-06-11,Deposito (1 Bln - Avg),4.7058
2025-06-12,Deposito (1 Bln - Avg),4.7183
2025-06-13,Deposito (1 Bln - Avg),4.7543
2025-06-16,Deposito (1 Bln - Avg),4.755
2025-06-17,Deposito (1 Bln - Avg),4.7564
2025-06-18,Deposito (1 Bln - Avg),4.7298
2025-06-19,Deposito (1 Bln - Avg),4.7254
2025-06-20,Deposito (1 Bln - Avg),4.7099
2025-06-23,Deposito (1 Bln - Avg),4.7018
2025-06-24,Deposito (1 Bln - Avg),4.7027
2025-06-25,Deposito (1 Bln - Avg),4.7216
2025-06-26,Deposito (1 Bln - Avg),4.7017
2025-06-27,Deposito (1 Bln - Avg),4.7093
2025-06-30,Deposito (1 Bln - Avg),4.6903
2025-07-01,Deposito (1 Bln - Avg),4.7005
2025-07-02,Deposito (1 Bln - Avg),4.6952
2025-07-03,Deposito (1 Bln - Avg),4.6977
2025-07-04,Deposito (1 Bln - Avg),4.7021
2025-07-07,Deposito (1 Bln - Avg),4.7019
2025-07-08,Deposito (1 Bln - Avg),4.6972
2025-07-09,Deposito (1 Bln - Avg),4.6725
2025-07-10,Deposito (1 Bln - Avg),4.6804
2025-07-11,Deposito (1 Bln - Avg),4.6935
2025-07-14,Deposito (1 Bln - Avg),4.7209
2025-07-15,Deposito (1 Bln - Avg),4.7136
2025-07-16,Deposito (1 Bln - Avg),4.673
2025-07-17,Deposito (1 Bln - Avg),4.6574
2025-07-18,Deposito (1 Bln - Avg),4.6336
2025-07-21,Deposito (1 Bln - Avg),4.6364
2025-07-22,Deposito (1 Bln - Avg),4.6418
2025-07-23,Deposito (1 Bln - Avg),4.6365
2025-07-24,Deposito (1 Bln - Avg),4.6358
2025-07-25,Deposito (1 Bln - Avg),4.6018
2025-07-28,Deposito (1 Bln - Avg),4.6031
2025-07-29,Deposito (1 Bln - Avg),4.6002
2025-07-30,Deposito (1 Bln - Avg),4.6072
2025-07-31,Deposito (1 Bln - Avg),4.5966
2025-08-01,Deposito (1 Bln - Avg),4.6097
2025-08-04,Deposito (1 Bln - Avg),4.5998
2025-08-05,Deposito (1 Bln - Avg),4.5916
2025-08-06,Deposito (1 Bln - Avg),4.5599
2025-08-07,Deposito (1 Bln - Avg),4.5793
2025-08-08,Deposito (1 Bln - Avg),4.6062
2025-08-11,Deposito (1 Bln - Avg),4.6131
2025-08-12,Deposito (1 Bln - Avg),4.5894
2025-08-13,Deposito (1 Bln - Avg),4.5596
2025-08-14,Deposito (1 Bln - Avg),4.5625
2025-08-15,Deposito (1 Bln - Avg),4.5562
2025-08-18,Deposito (1 Bln - Avg),4.5707
2025-08-19,Deposito (1 Bln - Avg),4.57
2025-08-20,Deposito (1 Bln - Avg),4.5746
2025-08-21,Deposito (1 Bln - Avg),4.5604
2025-08-22,Deposito (1 Bln - Avg),4.5467
2025-08-25,Deposito (1 Bln - Avg),4.5545
2025-08-26,Deposito (1 Bln - Avg),4.5306
2025-08-27,Deposito (1 Bln - Avg),4.5281
2025-08-28,Deposito (1 Bln - Avg),4.5021
2025-08-29,Deposito (1 Bln - Avg),4.4983
2025-09-01,Deposito (1 Bln - Avg),4.4809
2025-09-02,Deposito (1 Bln - Avg),4.476
2025-09-03,Deposito (1 Bln - Avg),4.4674
2025-09-04,Deposito (1 Bln - Avg),4.4441
2025-09-05,Deposito (1 Bln - Avg),4.4305
2025-09-08,Deposito (1 Bln - Avg),4.4488
2025-09-09,Deposito (1 Bln - Avg),4.4782
2025-09-10,Deposito (1 Bln - Avg),4.4881
2025-09-11,Deposito (1 Bln - Avg),4.4795
2025-09-12,Deposito (1 Bln - Avg),4.4488
2025-09-15,Deposito (1 Bln - Avg),4.4357
2025-09-16,Deposito (1 Bln - Avg),4.4209
2025-09-17,Deposito (1 Bln - Avg),4.4086
2025-09-18,Deposito (1 Bln - Avg),4.3918
2025-09-19,Deposito (1 Bln - Avg),4.3815
2025-09-22,Deposito (1 Bln - Avg),4.3807
2025-09-23,Deposito (1 Bln - Avg),4.3716
2025-09-24,Deposito (1 Bln - Avg),4.3663
2025-09-25,Deposito (1 Bln - Avg),4.3587
2025-09-26,Deposito (1 Bln - Avg),4.3716
2025-09-29,Deposito (1 Bln - Avg),4.3597
2025-09-30,Deposito (1 Bln - Avg),4.3515
2025-10-01,Deposito (1 Bln - Avg),4.3349
2025-10-02,Deposito (1 Bln - Avg),4.3256
2025-10-03,Deposito (1 Bln - Avg),4.3143
2025-10-06,Deposito (1 Bln - Avg),4.3016
2025-10-07,Deposito (1 Bln - Avg),4.3034
2025-10-08,Deposito (1 Bln - Avg),4.3093
2025-10-09,Deposito (1 Bln - Avg),4.319
2025-10-10,Deposito (1 Bln - Avg),4.2875
2025-10-13,Deposito (1 Bln - Avg),4.27
2025-10-14,Deposito (1 Bln - Avg),4.2461
2025-10-15,Deposito (1 Bln - Avg),4.2579
2025-10-16,Deposito (1 Bln - Avg),4.2505
2025-10-17,Deposito (1 Bln - Avg),4.2429
2025-10-20,Deposito (1 Bln - Avg),4.2424
2025-10-21,Deposito (1 Bln - Avg),4.2421
2025-10-22,Deposito (1 Bln - Avg),4.2291
2025-10-23,Deposito (1 Bln - Avg),4.2283
2025-10-24,Deposito (1 Bln - Avg),4.2302
2025-10-27,Deposito (1 Bln - Avg),4.2299
2025-10-28,Deposito (1 Bln - Avg),4.2187
2025-10-29,Deposito (1 Bln - Avg),4.1953
2025-10-30,Deposito (1 Bln - Avg),4.2063
2025-10-31,Deposito (1 Bln - Avg),4.1899
2025-11-03,Deposito (1 Bln - Avg),4.1833
2025-11-04,Deposito (1 Bln - Avg),4.1626
2025-11-05,Deposito (1 Bln - Avg),4.1514
2025-11-06,Deposito (1 Bln - Avg),4.1557
2025-11-07,Deposito (1 Bln - Avg),4.1556
2025-11-10,Deposito (1 Bln - Avg),4.1581
2025-11-11,Deposito (1 Bln - Avg),4.1451
2025-11-12,Deposito (1 Bln - Avg),4.1014
2025-11-13,Deposito (1 Bln - Avg),4.0966
2025-11-14,Deposito (1 Bln - Avg),4.078
2025-11-17,Deposito (1 Bln - Avg),4.1119
2025-11-18,Deposito (1 Bln - Avg),4.1171
2025-11-19,Deposito (1 Bln - Avg),4.1337
2025-11-20,Deposito (1 Bln - Avg),4.1224
2025-11-21,Deposito (1 Bln - Avg),4.1043
2025-11-24,Deposito (1 Bln - Avg),4.0954
2025-11-25,Deposito (1 Bln - Avg),4.089
2025-11-26,Deposito (1 Bln - Avg),4.0801
2025-11-27,Deposito (1 Bln - Avg),4.0675
2025-11-28,Deposito (1 Bln - Avg),4.0802
2025-12-01,Deposito (1 Bln - Avg),4.0813
2025-12-02,Deposito (1 Bln - Avg),4.0956
2025-12-03,Deposito (1 Bln - Avg),4.0767
2025-12-04,Deposito (1 Bln - Avg),4.0731
2025-12-05,Deposito (1 Bln - Avg),4.0575
2025-12-08,Deposito (1 Bln - Avg),4.0603
2025-12-09,Deposito (1 Bln - Avg),4.0636
2025-12-10,Deposito (1 Bln - Avg),4.0634
2025-12-11,Deposito (1 Bln - Avg),4.0479
2025-12-12,Deposito (1 Bln - Avg),4.0277
2025-12-15,Deposito (1 Bln - Avg),4.0378
2025-12-16,Deposito (1 Bln - Avg),4.0377
2025-12-17,Deposito (1 Bln - Avg),4.0386
2025-12-18,Deposito (1 Bln - Avg),4.0327
2025-12-19,Deposito (1 Bln - Avg),4.0425
2025-12-22,Deposito (1 Bln - Avg),4.047
2025-12-23,Deposito (1 Bln - Avg),4.0245
2025-12-24,Deposito (1 Bln - Avg),4.0334
2025-12-25,Deposito (1 Bln - Avg),4.0283
2025-12-26,Deposito (1 Bln - Avg),4.0341
2025-12-29,Deposito (1 Bln - Avg),4.0053
2025-12-30,Deposito (1 Bln - Avg),3.9836
2025-12-31,Deposito (1 Bln - Avg),3.9613
2026-01-01,Deposito (1 Bln - Avg),3.9636
2026-01-02,Deposito (1 Bln - Avg),3.9782
2026-01-05,Deposito (1 Bln - Avg),3.9857
2026-01-06,Deposito (1 Bln - Avg),3.9666
2026-01-07,Deposito (1 Bln - Avg),3.9449
2026-01-08,Deposito (1 Bln - Avg),3.9408
2026-01-09,Deposito (1 Bln - Avg),3.9347
2026-01-12,Deposito (1 Bln - Avg),3.9549
2026-01-13,Deposito (1 Bln - Avg),3.9665
2026-01-14,Deposito (1 Bln - Avg),4.0062
2026-01-15,Deposito (1 Bln - Avg),4.0029
2026-01-16,Deposito (1 Bln - Avg),3.9824
2026-01-19,Deposito (1 Bln - Avg),3.9424
2026-01-20,Deposito (1 Bln - Avg),3.8961
2026-01-21,Deposito (1 Bln - Avg),3.8932
2026-01-22,Deposito (1 Bln - Avg),3.8972
2026-01-23,Deposito (1 Bln - Avg),3.9385
2026-01-26,Deposito (1 Bln - Avg),3.9478
2026-01-27,Deposito (1 Bln - Avg),3.9526
2026-01-28,Deposito (1 Bln - Avg),3.9423
2026-01-29,Deposito (1 Bln - Avg),3.9401
2026-01-30,Deposito (1 Bln - Avg),3.9459
2026-02-02,Deposito (1 Bln - Avg),3.9305
2026-02-03,Deposito (1 Bln - Avg),3.9167
2026-02-04,Deposito (1 Bln - Avg),3.8857
2026-02-05,Deposito (1 Bln - Avg),3.9099
2026-02-06,Deposito (1 Bln - Avg),3.9249
2026-02-09,Deposito (1 Bln - Avg),3.9438
2026-02-10,Deposito (1 Bln - Avg),3.9132
2026-02-11,Deposito (1 Bln - Avg),3.8995
2026-02-12,Deposito (1 Bln - Avg),3.8872
2026-02-13,Deposito (1 Bln - Avg),3.8976
2026-02-16,Deposito (1 Bln - Avg),3.8916
2026-02-17,Deposito (1 Bln - Avg),3.8968
2026-02-18,Deposito (1 Bln - Avg),3.8897
2026-02-19,Deposito (1 Bln - Avg),3.8979
2026-02-20,Deposito (1 Bln - Avg),3.8928
2026-02-23,Deposito (1 Bln - Avg),3.8916
2026-02-24,Deposito (1 Bln - Avg),3.8798
2026-02-25,Deposito (1 Bln - Avg),3.8708
2026-02-26,Deposito (1 Bln - Avg),3.8797
2026-02-27,Deposito (1 Bln - Avg),3.876
2026-03-02,Deposito (1 Bln - Avg),3.8812
2026-03-03,Deposito (1 Bln - Avg),3.8671
2026-03-04,Deposito (1 Bln - Avg),3.8529
2026-03-05,Deposito (1 Bln - Avg),3.857
2026-03-06,Deposito (1 Bln - Avg),3.8483
2026-03-09,Deposito (1 Bln - Avg),3.868
2026-03-10,Deposito (1 Bln - Avg),3.8612
2026-03-11,Deposito (1 Bln - Avg),3.8533
2026-03-12,Deposito (1 Bln - Avg),3.8351
2026-03-13,Deposito (1 Bln - Avg),3.8239
2026-03-16,Deposito (1 Bln - Avg),3.8304
2026-03-17,Deposito (1 Bln - Avg),3.8262
2026-03-18,Deposito (1 Bln - Avg),3.8369
2026-03-19,Deposito (1 Bln - Avg),3.8409
2026-03-20,Deposito (1 Bln - Avg),3.8548
2026-03-23,Deposito (1 Bln - Avg),3.8414
2026-03-24,Deposito (1 Bln - Avg),3.8451
2026-03-25,Deposito (1 Bln - Avg),3.832
2026-03-26,Deposito (1 Bln - Avg),3.8344
2026-03-27,Deposito (1 Bln - Avg),3.8355
2026-03-30,Deposito (1 Bln - Avg),3.8418
2026-03-31,Deposito (1 Bln - Avg),3.8358
2026-04-01,Deposito (1 Bln - Avg),3.8175
2026-04-02,Deposito (1 Bln - Avg),3.8172
2026-04-03,Deposito (1 Bln - Avg),3.8236
2026-04-06,Deposito (1 Bln - Avg),3.8304
2026-04-07,Deposito (1 Bln - Avg),3.8195
2026-04-08,Deposito (1 Bln - Avg),3.8199
2026-04-09,Deposito (1 Bln - Avg),3.8458
2026-04-10,Deposito (1 Bln - Avg),3.849
2026-04-13,Deposito (1 Bln - Avg),3.8455
2026-04-14,Deposito (1 Bln - Avg),3.823
2026-04-15,Deposito (1 Bln - Avg),3.7989
2026-04-16,Deposito (1 Bln - Avg),3.7954
2026-04-17,Deposito (1 Bln - Avg),3.7832
2026-04-20,Deposito (1 Bln - Avg),3.8213
2026-04-21,Deposito (1 Bln - Avg),3.8162
2026-04-22,Deposito (1 Bln - Avg),3.8141
2026-04-23,Deposito (1 Bln - Avg),3.7967
2026-04-24,Deposito (1 Bln - Avg),3.7996
2026-04-27,Deposito (1 Bln - Avg),3.8005
2026-04-28,Deposito (1 Bln - Avg),3.8009
2026-04-29,Deposito (1 Bln - Avg),3.7844
2026-04-30,Deposito (1 Bln - Avg),3.7865
2026-05-01,Deposito (1 Bln - Avg),3.7936
2026-05-04,Deposito (1 Bln - Avg),3.8256
2026-05-05,Deposito (1 Bln - Avg),3.8337
2026-05-06,Deposito (1 Bln - Avg),3.8275
2026-05-07,Deposito (1 Bln - Avg),3.8184
2026-05-08,Deposito (1 Bln - Avg),3.8204
2026-05-11,Deposito (1 Bln - Avg),3.8332
2026-05-12,Deposito (1 Bln - Avg),3.831
2026-05-13,Deposito (1 Bln - Avg),3.8185
2026-05-14,Deposito (1 Bln - Avg),3.8034
2026-05-15,Deposito (1 Bln - Avg),3.7933
2026-05-18,Deposito (1 Bln - Avg),3.7964
2026-05-19,Deposito (1 Bln - Avg),3.7947
2026-05-20,Deposito (1 Bln - Avg),3.7861
2026-05-21,Deposito (1 Bln - Avg),3.7649
2026-05-22,Deposito (1 Bln - Avg),3.7611
2026-05-25,Deposito (1 Bln - Avg),3.7535
2026-05-26,Deposito (1 Bln - Avg),3.78
2026-05-27,Deposito (1 Bln - Avg),3.7915
2026-05-28,Deposito (1 Bln - Avg),3.7997
2026-05-29,Deposito (1 Bln - Avg),3.8105
2026-06-01,Deposito (1 Bln - Avg),3.8237
2026-06-02,Deposito (1 Bln - Avg),3.8459
2026-06-03,Deposito (1 Bln - Avg),3.8601
2026-06-04,Deposito (1 Bln - Avg),3.8746
2026-06-05,Deposito (1 Bln - Avg),3.8659
2026-06-08,Deposito (1 Bln - Avg),3.8639
2026-06-09,Deposito (1 Bln - Avg),3.8538
2026-06-10,Deposito (1 Bln - Avg),3.8742
2026-06-11,Deposito (1 Bln - Avg),3.8773
2026-06-12,Deposito (1 Bln - Avg),3.8698
2026-06-15,Deposito (1 Bln - Avg),3.8638
2026-06-16,Deposito (1 Bln - Avg),3.8501
2026-06-17,Deposito (1 Bln - Avg),3.8537
2026-06-18,Deposito (1 Bln - Avg),3.8646
2026-06-19,Deposito (1 Bln - Avg),3.8661
2026-06-22,Deposito (1 Bln - Avg),3.8729
2026-06-23,Deposito (1 Bln - Avg),3.8893
2026-06-24,Deposito (1 Bln - Avg),3.9126
2026-06-25,Deposito (1 Bln - Avg),3.9363
2026-06-26,Deposito (1 Bln - Avg),3.9209
2026-06-29,Deposito (1 Bln - Avg),3.9229
2026-06-30,Deposito (1 Bln - Avg),3.9226
2026-07-01,Deposito (1 Bln - Avg),3.9508
2026-07-02,Deposito (1 Bln - Avg),3.9616
2026-07-03,Deposito (1 Bln - Avg),3.9852
2026-07-06,Deposito (1 Bln - Avg),3.9929
2026-07-07,Deposito (1 Bln - Avg),4.0075
2026-07-08,Deposito (1 Bln - Avg),4.0067
2026-07-09,Deposito (1 Bln - Avg),4.0227
2026-07-10,Deposito (1 Bln - Avg),4.026
2026-07-13,Deposito (1 Bln - Avg),4.0452
2026-07-14,Deposito (1 Bln - Avg),4.0507
2026-07-15,Deposito (1 Bln - Avg),4.0649
2026-07-16,Deposito (1 Bln - Avg),4.0619
2026-07-17,Deposito (1 Bln - Avg),4.0703
2026-07-20,Deposito (1 Bln - Avg),4.0865
2026-07-21,Deposito (1 Bln - Avg),4.1031
2026-07-22,Deposito (1 Bln - Avg),4.1091
2026-07-23,Deposito (1 Bln - Avg),4.1151
2026-07-24,Deposito (1 Bln - Avg),4.1141
2026-07-27,Deposito (1 Bln - Avg),4.1301
2026-07-28,Deposito (1 Bln - Avg),4.1282
2026-07-29,Deposito (1 Bln - Avg),4.1133
2026-07-30,Deposito (1 Bln - Avg),4.121
2026-07-31,Deposito (1 Bln - Avg),4.1292
2026-08-03,Deposito (1 Bln - Avg),4.1451
2026-08-04,Deposito (1 Bln - Avg),4.1364
2026-08-05,Deposito (1 Bln - Avg),4.1331
2026-08-06,Deposito (1 Bln - Avg),4.1723
2026-08-07,Deposito (1 Bln - Avg),4.1857
2026-08-10,Deposito (1 Bln - Avg),4.1853
2026-08-11,Deposito (1 Bln - Avg),4.176
2026-08-12,Deposito (1 Bln - Avg),4.1733
2026-08-13,Deposito (1 Bln - Avg),4.2143
2026-08-14,Deposito (1 Bln - Avg),4.2044
2026-08-17,Deposito (1 Bln - Avg),4.1919
2026-08-18,Deposito (1 Bln - Avg),4.1793
2026-08-19,Deposito (1 Bln - Avg),4.1922
2026-08-20,Deposito (1 Bln - Avg),4.2163
2026-08-21,Deposito (1 Bln - Avg),4.2
2026-08-24,Deposito (1 Bln - Avg),4.2134
2026-08-25,Deposito (1 Bln - Avg),4.2399
2026-08-26,Deposito (1 Bln - Avg),4.2477
2026-08-27,Deposito (1 Bln - Avg),4.2606
2026-08-28,Deposito (1 Bln - Avg),4.2436
2026-08-31,Deposito (1 Bln - Avg),4.2915
2026-09-01,Deposito (1 Bln - Avg),4.2894
2026-09-02,Deposito (1 Bln - Avg),4.2984
2026-09-03,Deposito (1 Bln - Avg),4.2911
2026-09-04,Deposito (1 Bln - Avg),4.297
2026-09-07,Deposito (1 Bln - Avg),4.298
2026-09-08,Deposito (1 Bln - Avg),4.299
2026-09-09,Deposito (1 Bln - Avg),4.2935
2026-09-10,Deposito (1 Bln - Avg),4.2864
2026-09-11,Deposito (1 Bln - Avg),4.3044
2026-09-14,Deposito (1 Bln - Avg),4.3107
2026-09-15,Deposito (1 Bln - Avg),4.3272
2026-09-16,Deposito (1 Bln - Avg),4.3148
2026-09-17,Deposito (1 Bln - Avg),4.3073
2026-09-18,Deposito (1 Bln - Avg),4.3043
2026-09-21,Deposito (1 Bln - Avg),4.3004
2026-09-22,Deposito (1 Bln - Avg),4.3152
2026-09-23,Deposito (1 Bln - Avg),4.3337
2026-09-24,Deposito (1 Bln - Avg),4.3543
2026-09-25,Deposito (1 Bln - Avg),4.3589
2026-09-28,Deposito (1 Bln - Avg),4.3673
2026-09-29,Deposito (1 Bln - Avg),4.3662
2026-09-30,Deposito (1 Bln - Avg),4.3642
